user_id,name,total_income,total_expense,total_investment,current_investment_value,total_target_amount,current_savings,total_budget,net_savings,savings_rate,investment_rate,budget_utilization,investment_profit,goal_completion
1,Kala Parmer,914897.0,468702.0,1702677.0,1949589.9100000001,1105102.0,415564.0,120792.0,446195.0,48.77,186.11,388.02,246912.91000000015,37.6
2,Daksha Sharma,3001232.0,1565376.0,233148.0,370916.96,513626.0,152856.0,160115.0,1435856.0,47.84,7.77,977.66,137768.96000000002,29.76
3,Hemang Trivedi,3692675.0,1385141.0,2112124.0,2162186.9699999997,1575415.0,867433.0,192697.0,2307534.0,62.49,57.2,718.82,50062.96999999974,55.06
4,Benjamin Sehgal,1857175.0,994930.0,270758.0,255054.14,330906.0,248181.0,86946.0,862245.0,46.43,14.58,1144.31,-15703.859999999986,75.0
5,Riya Rai,2622864.0,1227223.0,1508406.0,1906478.9100000001,2532059.0,1273180.0,95765.0,1395641.0,53.21,57.51,1281.49,398072.91000000015,50.28
6,Sachi Johal,2663065.0,1132668.0,303619.0,439367.07,2462664.0,1197853.0,91526.0,1530397.0,57.47,11.4,1237.54,135748.07,48.64
7,Gaurangi Sachar,817986.0,372931.0,277169.0,338061.63,2240934.0,1018890.0,157562.0,445055.0,54.41,33.88,236.69,60892.630000000005,45.47
8,Pooja Chandran,2072340.0,1012041.0,744226.0,687104.6000000001,472387.0,278469.0,116745.0,1060299.0,51.16,35.91,866.88,-57121.39999999991,58.95
9,Chaaya Nadig,2596581.0,1059910.0,786616.0,973929.99,1657379.0,1229289.0,146210.0,1536671.0,59.18,30.29,724.92,187313.99,74.17
10,Simon Lad,2390168.0,742000.0,1417747.0,1835316.5999999999,1217400.0,699889.0,124349.0,1648168.0,68.96,59.32,596.71,417569.59999999986,57.49
11,Darsh Shanker,2870320.0,1004118.0,748746.0,1028089.9500000001,254290.0,128754.0,21717.0,1866202.0,65.02,26.09,4623.65,279343.95000000007,50.63
12,Varsha Roy,796967.0,422236.0,378343.0,439181.71,786930.0,389436.0,30224.0,374731.0,47.02,47.47,1397.02,60838.71000000002,49.49
13,Maya Kalita,2385580.0,1549296.0,1360799.0,1718688.24,993710.0,611429.0,137099.0,836284.0,35.06,57.04,1130.06,357889.24,61.53
14,Gavin Prabhakar,1125937.0,405267.0,416975.0,517564.63,1684283.0,645005.0,140117.0,720670.0,64.01,37.03,289.23,100589.63,38.3
15,Sai Jayaraman,3524495.0,1510742.0,1238277.0,1619265.74,1826176.0,1531448.0,90414.0,2013753.0,57.14,35.13,1670.92,380988.74,83.86
16,Chanakya Char,1112967.0,537767.0,2111919.0,2406705.13,1338013.0,1027679.0,170761.0,575200.0,51.68,189.76,314.92,294786.1299999999,76.81
17,Kashvi Behl,1182749.0,571727.0,1051197.0,1493452.12,175142.0,21485.0,192476.0,611022.0,51.66,88.88,297.04,442255.1200000001,12.27
18,Ryan Dewan,729344.0,504307.0,1044261.0,1176760.1,2226919.0,434125.0,94396.0,225037.0,30.85,143.18,534.25,132499.1000000001,19.49
19,Logan Behl,1025001.0,533028.0,1007289.0,1113281.6600000001,5024261.0,2387932.0,216816.0,491973.0,48.0,98.27,245.84,105992.66000000015,47.53
20,Henry Borah,2964750.0,1418547.0,1003514.0,1163953.9,269713.0,47500.0,94425.0,1546203.0,52.15,33.85,1502.3,160439.8999999999,17.61
21,Ojasvi Vaidya,2335546.0,1755239.0,267502.0,311935.79000000004,991302.0,820515.0,229200.0,580307.0,24.85,11.45,765.81,44433.79000000004,82.77
22,Odika Mody,2106726.0,823729.0,659455.0,887510.96,2030712.0,646867.0,106134.0,1282997.0,60.9,31.3,776.12,228055.95999999996,31.85
23,Nimrat Chada,1062721.0,468485.0,997667.0,1384054.44,1673061.0,1341303.0,61794.0,594236.0,55.92,93.88,758.14,386387.43999999994,80.17
24,Divya Bahl,540379.0,400165.0,1194964.0,1309759.7,0.0,0.0,118503.0,140214.0,25.95,221.13,337.68,114795.69999999995,0.0
25,Tripti Pandey,2409022.0,1334690.0,1321376.0,1630909.5,2812958.0,862938.0,165518.0,1074332.0,44.6,54.85,806.37,309533.5,30.68
26,Tanish Gupta,2040557.0,977233.0,868904.0,1045800.73,1554091.0,767365.0,273757.0,1063324.0,52.11,42.58,356.97,176896.72999999998,49.38
27,Eta Biswas,1713379.0,1092248.0,755735.0,1010555.0,2422091.0,1468574.0,72174.0,621131.0,36.25,44.11,1513.35,254820.0,60.63
28,Naksh Badal,1958297.0,972778.0,539347.0,700018.58,4052991.0,2450183.0,228964.0,985519.0,50.33,27.54,424.86,160671.57999999996,60.45
29,Indira Keer,1713924.0,1012942.0,2884770.0,3077147.91,793549.0,101447.0,237368.0,700982.0,40.9,168.31,426.74,192377.91000000015,12.78
30,Warda Oommen,1295048.0,472707.0,1019297.0,975768.62,106523.0,42031.0,152952.0,822341.0,63.5,78.71,309.06,-43528.380000000005,39.46
31,Eiravati Palla,2990251.0,1619113.0,452875.0,434311.06999999995,1522622.0,402077.0,11080.0,1371138.0,45.85,15.15,14612.93,-18563.93000000005,26.41
32,Bahadurjit Mander,2186781.0,1665783.0,733237.0,635056.3200000001,1007161.0,681216.0,211144.0,520998.0,23.82,33.53,788.93,-98180.67999999993,67.64
33,Aditya Sharaf,1628824.0,540705.0,157124.0,199400.51,820332.0,569840.0,94032.0,1088119.0,66.8,9.65,575.02,42276.51000000001,69.46
34,Vanya Bose,951063.0,511659.0,116474.0,112562.43,2021612.0,330111.0,223021.0,439404.0,46.2,12.25,229.42,-3911.570000000007,16.33
35,Bhavini Ahluwalia,2428163.0,1727691.0,1815932.0,2512369.38,2721591.0,1485854.0,215933.0,700472.0,28.85,74.79,800.11,696437.3799999999,54.6
36,Dominic Nagar,689395.0,401019.0,1126454.0,1468297.74,0.0,0.0,112160.0,288376.0,41.83,163.4,357.54,341843.74,0.0
37,Aryan Nath,383329.0,574873.0,1074219.0,1312462.8199999998,412188.0,70271.0,249018.0,-191544.0,-49.97,280.23,230.86,238243.81999999983,17.05
38,Vamakshi Sahota,1333388.0,483318.0,1103238.0,1202253.62,1417951.0,1041121.0,15761.0,850070.0,63.75,82.74,3066.54,99015.62000000011,73.42
39,Tamanna Nadig,3358864.0,1545636.0,938785.0,1270754.91,1494987.0,345240.0,97887.0,1813228.0,53.98,27.95,1579.0,331969.9099999999,23.09
40,Hemal Behl,3312329.0,1327140.0,774467.0,988512.4400000001,868648.0,658991.0,123645.0,1985189.0,59.93,23.38,1073.35,214045.44000000006,75.86
41,Yadavi Krishnan,2057094.0,904153.0,664579.0,923689.56,886153.0,535942.0,298864.0,1152941.0,56.05,32.31,302.53,259110.56000000006,60.48
42,Upadhriti Saini,895276.0,459929.0,410813.0,637523.74,2466863.0,1140248.0,122405.0,435347.0,48.63,45.89,375.74,226710.74,46.22
43,Sanaya Varty,777420.0,506161.0,1024329.0,1252473.3,668529.0,514368.0,41345.0,271259.0,34.89,131.76,1224.24,228144.30000000005,76.94
44,Jason Yogi,1146814.0,825211.0,216234.0,307902.9,1789990.0,945299.0,134492.0,321603.0,28.04,18.86,613.58,91668.90000000002,52.81
45,Azaan Sachar,626609.0,582644.0,164033.0,206141.19,390241.0,330309.0,80448.0,43965.0,7.02,26.18,724.25,42108.19,84.64
46,Jagrati Samra,2341263.0,1312929.0,1979105.0,2199994.16,1947405.0,1106239.0,57276.0,1028334.0,43.92,84.53,2292.28,220889.16000000015,56.81
47,Dhruv Varkey,3649810.0,1656354.0,964804.0,1177481.93,335271.0,139999.0,87353.0,1993456.0,54.62,26.43,1896.16,212677.92999999993,41.76
48,Ansh Saraf,2491590.0,1170476.0,1144587.0,1194261.03,511582.0,217498.0,195991.0,1321114.0,53.02,45.94,597.21,49674.03000000003,42.51
49,Akshay Madan,4233497.0,1420857.0,737298.0,876974.13,658901.0,363290.0,55472.0,2812640.0,66.44,17.42,2561.39,139676.13,55.14
50,Hemal Narang,3403490.0,1552805.0,951797.0,1458718.6199999999,1739697.0,1216415.0,83016.0,1850685.0,54.38,27.97,1870.49,506921.6199999999,69.92
51,Yachana Raval,1526540.0,1058676.0,171430.0,186078.92,1016944.0,800592.0,44495.0,467864.0,30.65,11.23,2379.31,14648.920000000013,78.73
52,Elijah Mander,2440361.0,1137981.0,859758.0,949400.1,1659076.0,782014.0,120009.0,1302380.0,53.37,35.23,948.25,89642.09999999998,47.14
53,Xiti Reddy,3119650.0,1716301.0,352909.0,303543.92,724134.0,255860.0,160285.0,1403349.0,44.98,11.31,1070.78,-49365.080000000016,35.33
54,Chanchal Dave,1809353.0,1426614.0,1610355.0,1963397.25,2974185.0,1348705.0,87121.0,382739.0,21.15,89.0,1637.51,353042.25,45.35
55,Ekta Deol,2381125.0,1034866.0,0.0,0.0,1733487.0,961996.0,83064.0,1346259.0,56.54,0.0,1245.87,0.0,55.49
56,Nisha Atwal,2615256.0,1693672.0,494838.0,523342.88,919515.0,586984.0,82646.0,921584.0,35.24,18.92,2049.31,28504.880000000005,63.84
57,Varenya Kara,1050748.0,398657.0,838938.0,750146.5700000001,2084499.0,1250387.0,136678.0,652091.0,62.06,79.84,291.68,-88791.42999999993,59.99
58,Amol Raghavan,1470499.0,509910.0,1779288.0,1881471.82,1363739.0,537497.0,117854.0,960589.0,65.32,121.0,432.66,102183.82000000007,39.41
59,Yutika Uppal,2594999.0,949015.0,750507.0,821166.9199999999,2424579.0,1410765.0,136697.0,1645984.0,63.43,28.92,694.25,70659.91999999993,58.19
60,William Sidhu,817515.0,553946.0,1125057.0,1210472.87,2235443.0,1138255.0,83317.0,263569.0,32.24,137.62,664.87,85415.87000000011,50.92
61,Rajeshri Bhatia,2521352.0,938265.0,1777545.0,2295771.81,2033002.0,675548.0,96334.0,1583087.0,62.79,70.5,973.97,518226.81000000006,33.23
62,Luke Sarin,3718043.0,1772169.0,696682.0,707397.86,1759994.0,814480.0,86056.0,1945874.0,52.34,18.74,2059.32,10715.859999999986,46.28
63,Ekanta Chowdhury,2778707.0,1264714.0,1413625.0,1847064.71,1635707.0,871640.0,184537.0,1513993.0,54.49,50.87,685.34,433439.70999999996,53.29
64,Zayan Lad,849226.0,633771.0,68189.0,106164.3,1801001.0,1262967.0,143299.0,215455.0,25.37,8.03,442.27,37975.3,70.13
65,Orinder Manda,2948225.0,1479237.0,827861.0,966351.4199999999,2768604.0,1843276.0,203500.0,1468988.0,49.83,28.08,726.9,138490.41999999993,66.58
66,Yatan Sankar,3029027.0,1730242.0,884440.0,966005.79,3813513.0,1604493.0,83785.0,1298785.0,42.88,29.2,2065.1,81565.79000000004,42.07
67,Samarth Pal,3075281.0,1706292.0,684952.0,799384.45,1550232.0,1475492.0,131045.0,1368989.0,44.52,22.27,1302.07,114432.44999999995,95.18
68,Reva Kapadia,4373521.0,1401882.0,1171488.0,1327836.53,1535829.0,184058.0,137914.0,2971639.0,67.95,26.79,1016.49,156348.53000000003,11.98
69,Caleb Borra,1225534.0,335295.0,428296.0,519012.37,2672039.0,926865.0,83597.0,890239.0,72.64,34.95,401.08,90716.37,34.69
70,Unni Sheth,1868452.0,514602.0,1838785.0,2356488.56,3302161.0,2104350.0,188067.0,1353850.0,72.46,98.41,273.63,517703.56000000006,63.73
71,Faris Vaidya,1409273.0,1012889.0,822967.0,865511.1799999999,2092943.0,1035033.0,103362.0,396384.0,28.13,58.4,979.94,42544.179999999935,49.45
72,Chanchal Rout,3969132.0,1520928.0,1722259.0,2098534.12,2152523.0,675844.0,159668.0,2448204.0,61.68,43.39,952.56,376275.1200000001,31.4
73,Jai Baral,1590811.0,818267.0,2011807.0,2284027.99,61315.0,51375.0,181375.0,772544.0,48.56,126.46,451.15,272220.9900000002,83.79
74,Abeer Jha,725613.0,506911.0,2231634.0,2736557.53,2728232.0,1389738.0,182582.0,218702.0,30.14,307.55,277.63,504923.5299999998,50.94
75,Xalak Patla,3643563.0,1353859.0,663689.0,848119.39,2339286.0,609374.0,111442.0,2289704.0,62.84,18.22,1214.86,184430.39,26.05
76,Meera Nayak,857725.0,589464.0,392480.0,368307.8,1491098.0,963674.0,184895.0,268261.0,31.28,45.76,318.81,-24172.20000000001,64.63
77,Ayushman Rout,2652137.0,1545177.0,693503.0,772939.86,3180918.0,1783903.0,170504.0,1106960.0,41.74,26.15,906.24,79436.85999999999,56.08
78,Robert Mutti,2627853.0,1730483.0,1492750.0,1681119.87,237507.0,64397.0,159527.0,897370.0,34.15,56.8,1084.76,188369.8700000001,27.11
79,Daniel Loke,1940839.0,971509.0,1072005.0,1284312.48,1885771.0,1183786.0,55951.0,969330.0,49.94,55.23,1736.36,212307.47999999998,62.77
80,Rachit Dass,2029307.0,1412293.0,271947.0,353666.91000000003,4507019.0,2855538.0,88624.0,617014.0,30.41,13.4,1593.58,81719.91000000003,63.36
81,Omya Golla,3799330.0,1491270.0,705680.0,1015465.1300000001,2018313.0,831011.0,99654.0,2308060.0,60.75,18.57,1496.45,309785.1300000001,41.17
82,Yug Joshi,2103814.0,1321562.0,2225302.0,2708495.9,659836.0,513495.0,196878.0,782252.0,37.18,105.77,671.26,483193.8999999999,77.82
83,Yashawini Natt,3010715.0,1384095.0,584238.0,746611.56,2841455.0,1234755.0,79673.0,1626620.0,54.03,19.41,1737.22,162373.56000000006,43.46
84,Chavvi Nazareth,1776769.0,1606373.0,534933.0,651166.9199999999,2372465.0,1284196.0,148503.0,170396.0,9.59,30.11,1081.71,116233.91999999993,54.13
85,Osha Dave,1522710.0,1071698.0,1237979.0,1333224.4400000002,1762438.0,536529.0,241289.0,451012.0,29.62,81.3,444.16,95245.44000000018,30.44
86,Abeer Sarma,1301472.0,391445.0,1249018.0,1573192.42,992625.0,524357.0,32301.0,910027.0,69.92,95.97,1211.87,324174.4199999999,52.83
87,Qushi Mann,1040995.0,551521.0,1268592.0,1530067.47,1227055.0,884519.0,239842.0,489474.0,47.02,121.86,229.95,261475.46999999997,72.08
88,Henry Khare,2451075.0,997548.0,382780.0,446272.66,58226.0,29042.0,111925.0,1453527.0,59.3,15.62,891.26,63492.659999999974,49.88
89,Lucky Gade,1989216.0,1033845.0,1243773.0,1283463.12,931813.0,166974.0,52159.0,955371.0,48.03,62.53,1982.1,39690.12000000011,17.92
90,Gaurang Aggarwal,1042896.0,417622.0,1148879.0,1217321.44,1013267.0,499157.0,121671.0,625274.0,59.96,110.16,343.24,68442.43999999994,49.26
91,Tristan Kapadia,2236855.0,1092708.0,2393033.0,2560640.25,1443379.0,482531.0,94201.0,1144147.0,51.15,106.98,1159.97,167607.25,33.43
92,Daniel Bala,2162426.0,1254819.0,447237.0,584042.89,953572.0,816690.0,118748.0,907607.0,41.97,20.68,1056.71,136805.89,85.65
93,Ekanta Ganesan,952590.0,901999.0,1007619.0,1044199.21,1832879.0,319467.0,189806.0,50591.0,5.31,105.78,475.22,36580.20999999996,17.43
94,Darika Vohra,1722911.0,978286.0,526002.0,610119.37,1038478.0,471995.0,62593.0,744625.0,43.22,30.53,1562.93,84117.37,45.45
95,Hema Bhagat,696764.0,615821.0,1542304.0,2051453.31,640606.0,298087.0,225854.0,80943.0,11.62,221.35,272.66,509149.31000000006,46.53
96,Qabil Wason,3633052.0,1500349.0,1533585.0,1802155.71,0.0,0.0,142653.0,2132703.0,58.7,42.21,1051.75,268570.70999999996,0.0
97,Naveen Aurora,3167977.0,1399148.0,564625.0,529895.5700000001,2003455.0,1204213.0,197012.0,1768829.0,55.83,17.82,710.18,-34729.429999999935,60.11
98,Devika Soman,3322530.0,1290802.0,661663.0,601443.85,336784.0,129819.0,164544.0,2031728.0,61.15,19.91,784.47,-60219.15000000002,38.55
99,Zaid Kuruvilla,1504476.0,912290.0,1386857.0,1738354.0899999999,3199772.0,1473830.0,44789.0,592186.0,39.36,92.18,2036.86,351497.08999999985,46.06
100,Christopher Ganguly,3071875.0,1261946.0,1030922.0,1019641.76,3197455.0,2218210.0,120427.0,1809929.0,58.92,33.56,1047.89,-11280.23999999999,69.37
101,Atharv Gupta,2350428.0,1114002.0,569791.0,597083.65,843768.0,775161.0,100696.0,1236426.0,52.6,24.24,1106.3,27292.650000000023,91.87
102,Tejas Desai,2036033.0,957663.0,286710.0,252332.23,821878.0,492196.0,293499.0,1078370.0,52.96,14.08,326.29,-34377.76999999999,59.89
103,Christopher Banerjee,1818294.0,951907.0,939731.0,1123315.57,3354557.0,2395713.0,163652.0,866387.0,47.65,51.68,581.67,183584.57000000007,71.42
104,Wakeeta Saraf,2903074.0,1390390.0,947386.0,1109406.08,1475834.0,1059783.0,67536.0,1512684.0,52.11,32.63,2058.74,162020.08000000007,71.81
105,Sathvik Rama,1791125.0,902752.0,2391255.0,3337019.8200000003,81051.0,48447.0,176729.0,888373.0,49.6,133.51,510.81,945764.8200000003,59.77
106,Vamakshi Nayak,1376143.0,452758.0,457818.0,373081.79,1297756.0,881468.0,181643.0,923385.0,67.1,33.27,249.26,-84736.21000000002,67.92
107,Lila Barad,3133537.0,1628701.0,1536056.0,1610336.18,2116290.0,2031318.0,242911.0,1504836.0,48.02,49.02,670.49,74280.17999999993,95.98
108,Naksh Khosla,2192345.0,991893.0,1095455.0,1294598.56,785625.0,150037.0,226844.0,1200452.0,54.76,49.97,437.26,199143.56000000006,19.1
109,Elijah Munshi,1761124.0,1103063.0,0.0,0.0,1336632.0,564919.0,214867.0,658061.0,37.37,0.0,513.37,0.0,42.26
110,Anvi Ahluwalia,3004977.0,1620724.0,713680.0,1068611.8,929384.0,564411.0,191750.0,1384253.0,46.07,23.75,845.23,354931.80000000005,60.73
111,Hitesh Pradhan,2484466.0,1088528.0,1125317.0,1254146.5799999998,901956.0,443675.0,31591.0,1395938.0,56.19,45.29,3445.69,128829.57999999984,49.19
112,Devansh Nair,1222937.0,523230.0,717843.0,854917.27,177997.0,35061.0,270439.0,699707.0,57.22,58.7,193.47,137074.27000000002,19.7
113,Lekha Anne,838508.0,688346.0,1852075.0,2395818.73,194416.0,165949.0,137690.0,150162.0,17.91,220.88,499.92,543743.73,85.36
114,Geetika Sridhar,4320473.0,1386284.0,579416.0,916928.99,0.0,0.0,177933.0,2934189.0,67.91,13.41,779.1,337512.99,0.0
115,Janaki Puri,825874.0,511625.0,628812.0,867028.64,651291.0,151166.0,87875.0,314249.0,38.05,76.14,582.22,238216.64,23.21
116,Falan Srinivasan,1127479.0,457882.0,787870.0,892601.4299999999,2984335.0,1579475.0,359475.0,669597.0,59.39,69.88,127.38,104731.42999999993,52.93
117,Hritik Bhandari,2659325.0,2102044.0,1771352.0,2266561.98,838853.0,654424.0,151971.0,557281.0,20.96,66.61,1383.19,495209.98,78.01
118,Ethan Master,2747106.0,958340.0,623506.0,824776.36,746804.0,669727.0,87396.0,1788766.0,65.11,22.7,1096.55,201270.36,89.68
119,Bhavika Narasimhan,1436756.0,1067896.0,862105.0,989625.78,714333.0,113110.0,68923.0,368860.0,25.67,60.0,1549.4,127520.78000000003,15.83
120,Shravya Khalsa,2152654.0,1454182.0,1473214.0,1739340.9300000002,1975949.0,903551.0,23056.0,698472.0,32.45,68.44,6307.17,266126.93000000017,45.73
121,Wriddhish Goel,1361962.0,322415.0,818126.0,836178.63,1957549.0,794599.0,129218.0,1039547.0,76.33,60.07,249.51,18052.630000000005,40.59
122,Ranveer Sanghvi,1565386.0,1051416.0,863113.0,1250959.35,569449.0,306739.0,184143.0,513970.0,32.83,55.14,570.98,387846.3500000001,53.87
123,Sai Setty,2965061.0,1013852.0,1163784.0,1400701.58,1455845.0,675541.0,244765.0,1951209.0,65.81,39.25,414.21,236917.58000000007,46.4
124,Baghyawati Sandhu,2355469.0,1506738.0,279157.0,311223.29,0.0,0.0,85995.0,848731.0,36.03,11.85,1752.12,32066.28999999998,0.0
125,Imaran Buch,1220319.0,614403.0,1249737.0,1390424.27,2146202.0,837768.0,122537.0,605916.0,49.65,102.41,501.4,140687.27000000002,39.03
126,Chakradev Wadhwa,1047510.0,389789.0,691647.0,723923.15,380348.0,156060.0,185790.0,657721.0,62.79,66.03,209.8,32276.150000000023,41.03
127,Yahvi Raman,1761207.0,1093782.0,1146812.0,1235691.47,1278110.0,534882.0,130050.0,667425.0,37.9,65.12,841.05,88879.46999999997,41.85
128,Ethan Bhandari,965761.0,497611.0,942030.0,1312952.07,0.0,0.0,26827.0,468150.0,48.47,97.54,1854.89,370922.07000000007,0.0
129,Eta Sekhon,1280394.0,1126011.0,809939.0,946431.76,1037929.0,680433.0,137961.0,154383.0,12.06,63.26,816.18,136492.76,65.56
130,Balhaar Hayre,1310383.0,549975.0,160302.0,153904.71,4456227.0,3196528.0,229626.0,760408.0,58.03,12.23,239.51,-6397.290000000008,71.73
131,Oscar Sule,1432390.0,464848.0,1472701.0,1740562.72,2390820.0,2117155.0,87051.0,967542.0,67.55,102.81,534.0,267861.72,88.55
132,Faraj Sha,2286148.0,1375584.0,1470197.0,1824718.45,535615.0,74364.0,60406.0,910564.0,39.83,64.31,2277.23,354521.44999999995,13.88
133,Rajata Khurana,835367.0,464853.0,92100.0,146289.06,1047083.0,563428.0,149532.0,370514.0,44.35,11.03,310.87,54189.06,53.81
134,Harrison Tak,1050273.0,638267.0,2200361.0,2350751.07,771403.0,361811.0,109638.0,412006.0,39.23,209.5,582.16,150390.06999999983,46.9
135,Nathan Gaba,1694395.0,1256782.0,689747.0,950968.59,1083436.0,625176.0,83775.0,437613.0,25.83,40.71,1500.19,261221.58999999997,57.7
136,Yagnesh Chowdhury,1890771.0,1146280.0,494582.0,570431.27,865702.0,666526.0,97853.0,744491.0,39.37,26.16,1171.43,75849.27000000002,76.99
137,Isaac Kamdar,929779.0,643076.0,784462.0,960677.4,1290860.0,827727.0,210743.0,286703.0,30.84,84.37,305.15,176215.40000000002,64.12
138,Tanay Savant,2011672.0,844620.0,786160.0,1133389.7000000002,1434813.0,546834.0,133009.0,1167052.0,58.01,39.08,635.01,347229.7000000002,38.11
139,Gavin Raghavan,638858.0,489007.0,1867125.0,2514809.87,1323839.0,929874.0,238361.0,149851.0,23.46,292.26,205.15,647684.8700000001,70.24
140,Lakshit Varghese,3229458.0,1534933.0,1630156.0,1928906.82,2107168.0,565313.0,254780.0,1694525.0,52.47,50.48,602.45,298750.82000000007,26.83
141,Falan Prakash,2839490.0,1499295.0,1128920.0,1418118.1300000001,2183968.0,1174141.0,146247.0,1340195.0,47.2,39.76,1025.18,289198.1300000001,53.76
142,Warinder Nazareth,1251662.0,861689.0,1784491.0,2431473.0100000002,1575567.0,460443.0,99212.0,389973.0,31.16,142.57,868.53,646982.0100000002,29.22
143,Victor Zacharia,4471081.0,1386571.0,1134704.0,1372402.05,239003.0,84762.0,135240.0,3084510.0,68.99,25.38,1025.27,237698.05000000005,35.46
144,Damyanti Patil,2990219.0,1568660.0,963693.0,1203876.38,1968876.0,448864.0,110548.0,1421559.0,47.54,32.23,1418.99,240183.3799999999,22.8
145,Andrew Raju,3347334.0,1596722.0,1204760.0,1332610.5,365803.0,52536.0,137168.0,1750612.0,52.3,35.99,1164.06,127850.5,14.36
146,Christopher Kothari,3169934.0,1395726.0,1021372.0,1236867.43,1358308.0,779925.0,269418.0,1774208.0,55.97,32.22,518.05,215495.42999999993,57.42
147,Chaaya Cherian,1764904.0,1363524.0,1378492.0,1677300.0999999999,4047393.0,2135037.0,90561.0,401380.0,22.74,78.11,1505.64,298808.09999999986,52.75
148,Samesh Narasimhan,2259779.0,1706393.0,1285247.0,1464271.9,1710510.0,1166420.0,149576.0,553386.0,24.49,56.87,1140.82,179024.8999999999,68.19
149,Omya Rai,1232996.0,616239.0,1643484.0,1998610.7,2495737.0,1189810.0,156909.0,616757.0,50.02,133.29,392.74,355126.69999999995,47.67
150,Mason Toor,1015855.0,959040.0,1772020.0,2188423.34,2323976.0,599095.0,136691.0,56815.0,5.59,174.44,701.61,416403.33999999985,25.78
151,Teerth Patil,2919709.0,1228464.0,1014913.0,1358886.3,1824449.0,688930.0,139173.0,1691245.0,57.93,34.76,882.69,343973.30000000005,37.76
152,Ati Sahota,3403823.0,1351835.0,1794371.0,1972552.5,1507948.0,803720.0,89197.0,2051988.0,60.28,52.72,1515.56,178181.5,53.3
153,Ekbal Krishna,2412550.0,1680000.0,444701.0,688160.63,2304433.0,1417455.0,308940.0,732550.0,30.36,18.43,543.79,243459.63,61.51
154,Naveen Karpe,2931811.0,1588634.0,0.0,0.0,690127.0,379905.0,144507.0,1343177.0,45.81,0.0,1099.35,0.0,55.05
155,Bina Garde,1153659.0,560256.0,1149390.0,1202284.3599999999,1177930.0,971340.0,124883.0,593403.0,51.44,99.63,448.62,52894.35999999987,82.46
156,Krishna Pal,2992640.0,1567737.0,1592760.0,1757602.19,985583.0,409430.0,157504.0,1424903.0,47.61,53.22,995.36,164842.18999999994,41.54
157,Madhavi Varma,2586027.0,1006742.0,427709.0,554545.0,1637325.0,954346.0,179705.0,1579285.0,61.07,16.54,560.22,126836.0,58.29
158,Chameli Rege,3079230.0,1494947.0,2102031.0,2561036.23,936040.0,686205.0,125308.0,1584283.0,51.45,68.26,1193.02,459005.23,73.31
159,Priya Sem,1933034.0,1787993.0,1222403.0,1483889.73,1905707.0,1053799.0,297424.0,145041.0,7.5,63.24,601.16,261486.72999999998,55.3
160,George Lall,1707373.0,1112437.0,518208.0,533646.46,2848451.0,1252367.0,98536.0,594936.0,34.85,30.35,1128.97,15438.459999999963,43.97
161,Ekbal Sathe,1025831.0,434881.0,2252797.0,2698981.71,2734710.0,1501790.0,157742.0,590950.0,57.61,219.61,275.69,446184.70999999996,54.92
162,Jyoti Chopra,1031031.0,776940.0,1713248.0,2276296.5700000003,378171.0,64949.0,139724.0,254091.0,24.64,166.17,556.05,563048.5700000003,17.17
163,Aadhya Keer,2197542.0,1507199.0,617914.0,574441.4400000001,820746.0,427959.0,15911.0,690343.0,31.41,28.12,9472.69,-43472.55999999994,52.14
164,Mugdha Bali,3466874.0,1657151.0,1281869.0,1608449.1400000001,2326349.0,1148310.0,183783.0,1809723.0,52.2,36.97,901.69,326580.14000000013,49.36
165,Udant Date,2705546.0,1045216.0,1897013.0,1893832.7,324281.0,315079.0,102171.0,1660330.0,61.37,70.12,1023.01,-3180.3000000000466,97.16
166,Rudra Bal,3122745.0,1430031.0,1120583.0,1428621.48,2264377.0,1208179.0,18863.0,1692714.0,54.21,35.88,7581.14,308038.48,53.36
167,Ranveer Bhagat,1175912.0,520201.0,1594886.0,1682205.47,2680384.0,1191919.0,258436.0,655711.0,55.76,135.63,201.29,87319.46999999997,44.47
168,Laksh Mohan,1622838.0,803138.0,434567.0,531168.45,710706.0,313383.0,161589.0,819700.0,50.51,26.78,497.03,96601.44999999995,44.09
169,Unnati Bhandari,3308266.0,1522104.0,346291.0,295219.27,1169751.0,443045.0,75937.0,1786162.0,53.99,10.47,2004.43,-51071.72999999998,37.88
170,Karan Anne,1180243.0,768889.0,618549.0,792905.3,2339523.0,1087265.0,92560.0,411354.0,34.85,52.41,830.69,174356.30000000005,46.47
171,Bhavya Raghavan,617102.0,539392.0,1145659.0,1170693.48,3363099.0,2007082.0,105062.0,77710.0,12.59,185.65,513.4,25034.47999999998,59.68
172,Gauri Kara,520597.0,309980.0,446376.0,391657.24,1960558.0,1023074.0,21157.0,210617.0,40.46,85.74,1465.14,-54718.76000000001,52.18
173,Ucchal Minhas,2291210.0,991165.0,1383081.0,1588458.73,870294.0,60402.0,164448.0,1300045.0,56.74,60.36,602.72,205377.72999999998,6.94
174,Hitesh Date,1139501.0,488758.0,528728.0,561479.88,1797898.0,979031.0,96378.0,650743.0,57.11,46.4,507.13,32751.880000000005,54.45
175,Dev Loyal,1556294.0,914621.0,1922397.0,2349922.1799999997,1720056.0,881197.0,151494.0,641673.0,41.23,123.52,603.73,427525.1799999997,51.23
176,Dipta Sinha,930902.0,1066749.0,1472896.0,1749849.23,1193492.0,366095.0,153406.0,-135847.0,-14.59,158.22,695.38,276953.23,30.67
177,Nachiket Halder,2680542.0,887326.0,722704.0,952380.74,0.0,0.0,216934.0,1793216.0,66.9,26.96,409.03,229676.74,0.0
178,Chakradhar Chana,984784.0,373565.0,569042.0,695599.6,1444731.0,584578.0,116100.0,611219.0,62.07,57.78,321.76,126557.59999999998,40.46
179,Balveer Sem,1258349.0,515064.0,2106945.0,2383382.04,1785450.0,1426372.0,132670.0,743285.0,59.07,167.44,388.23,276437.04000000004,79.89
180,Hritik Johal,754162.0,538866.0,1247127.0,1750004.61,1529977.0,646062.0,124209.0,215296.0,28.55,165.37,433.84,502877.6100000001,42.23
181,Idika Prabhakar,1323864.0,431491.0,1355112.0,1637316.69,2199278.0,1154876.0,7325.0,892373.0,67.41,102.36,5890.66,282204.68999999994,52.51
182,Quincy Narayanan,3281816.0,1771021.0,1104730.0,1263241.04,3010588.0,1963927.0,132923.0,1510795.0,46.04,33.66,1332.37,158511.04000000004,65.23
183,Laban Prakash,1840961.0,1487392.0,1570608.0,1932110.65,0.0,0.0,88143.0,353569.0,19.21,85.31,1687.48,361502.6499999999,0.0
184,Fitan Parekh,3000569.0,1661938.0,524468.0,531477.97,3178916.0,1530910.0,216642.0,1338631.0,44.61,17.48,767.14,7009.969999999972,48.16
185,Omkaar Pant,878412.0,409947.0,2293684.0,3136843.11,1144689.0,705617.0,104472.0,468465.0,53.33,261.12,392.4,843159.1099999999,61.64
186,Widisha Kuruvilla,1014835.0,349107.0,1017697.0,1171512.67,826101.0,333981.0,193965.0,665728.0,65.6,100.28,179.98,153815.66999999993,40.43
187,Akshay Rout,1046562.0,451998.0,1581819.0,2038779.48,0.0,0.0,143422.0,594564.0,56.81,151.14,315.15,456960.48,0.0
188,Siddharth Gaba,1089457.0,406028.0,131497.0,158300.03,1655981.0,1288708.0,85233.0,683429.0,62.73,12.07,476.37,26803.03,77.82
189,Omisha Palla,2537966.0,859593.0,1564755.0,2167221.6999999997,3930899.0,2132815.0,244501.0,1678373.0,66.13,61.65,351.57,602466.6999999997,54.26
190,Rayaan Dayal,3557224.0,1678971.0,567639.0,791502.1499999999,1629259.0,621863.0,40883.0,1878253.0,52.8,15.96,4106.77,223863.1499999999,38.17
191,Jagat Misra,2136925.0,1462157.0,786117.0,944119.74,2735734.0,1694028.0,69858.0,674768.0,31.58,36.79,2093.04,158002.74,61.92
192,Vritti Deol,2704271.0,1107288.0,474168.0,455431.32,157673.0,13985.0,180130.0,1596983.0,59.05,17.53,614.72,-18736.679999999993,8.87
193,Ronith Saraf,633139.0,378875.0,975492.0,1126940.42,1185570.0,384977.0,99397.0,254264.0,40.16,154.07,381.17,151448.41999999993,32.47
194,Faris Raval,4193208.0,1468388.0,494639.0,549013.5800000001,1078553.0,192952.0,135716.0,2724820.0,64.98,11.8,1081.96,54374.580000000075,17.89
195,Watika Muni,1845221.0,936643.0,1823435.0,2376964.61,143791.0,98288.0,135232.0,908578.0,49.24,98.82,692.62,553529.6099999999,68.35
196,Hemangini Dubey,2049179.0,960044.0,1436107.0,1652191.55,1159565.0,83085.0,0.0,1089135.0,53.15,70.08,inf,216084.55000000005,7.17
197,Xalak Korpal,1589188.0,784289.0,266180.0,347276.78,1605915.0,445570.0,168510.0,804899.0,50.65,16.75,465.43,81096.78000000003,27.75
198,Amol Menon,1627041.0,773166.0,551665.0,502437.46,3479628.0,1245959.0,72466.0,853875.0,52.48,33.91,1066.94,-49227.53999999998,35.81
199,Forum Shroff,3217730.0,1542009.0,1442925.0,1640153.9,2291895.0,1622489.0,196826.0,1675721.0,52.08,44.84,783.44,197228.8999999999,70.79
200,Devansh Keer,1457239.0,861399.0,670782.0,887660.1000000001,1114164.0,843273.0,55585.0,595840.0,40.89,46.03,1549.7,216878.1000000001,75.69
201,Chavvi Bajwa,1059965.0,447637.0,692157.0,711168.76,883213.0,579705.0,97225.0,612328.0,57.77,65.3,460.41,19011.76000000001,65.64
202,Harinakshi Singhal,813040.0,414069.0,1312873.0,1410949.27,1924694.0,1185663.0,246371.0,398971.0,49.07,161.48,168.07,98076.27000000002,61.6
203,Vinaya Dora,2624816.0,1679056.0,969212.0,1233117.54,402212.0,46783.0,103865.0,945760.0,36.03,36.92,1616.58,263905.54000000004,11.63
204,Priya Menon,1927318.0,1003126.0,557872.0,724561.35,2007100.0,1656081.0,264699.0,924192.0,47.95,28.95,378.97,166689.34999999998,82.51
205,Ryan Balay,2106215.0,967695.0,845075.0,823528.89,1568945.0,1293207.0,134698.0,1138520.0,54.06,40.12,718.42,-21546.109999999986,82.43
206,Yamini Rai,2591974.0,1050050.0,1023700.0,1286280.27,1003850.0,693473.0,88651.0,1541924.0,59.49,39.49,1184.48,262580.27,69.08
207,Gayathri Bhatnagar,2839720.0,1502131.0,990177.0,1123150.79,836387.0,419691.0,203307.0,1337589.0,47.1,34.87,738.85,132973.79000000004,50.18
208,Eshana Johal,1092023.0,560711.0,937872.0,1202027.04,1791924.0,1376972.0,152867.0,531312.0,48.65,85.88,366.8,264155.04000000004,76.84
209,Liam Sen,1144119.0,406749.0,935039.0,1331379.18,1647432.0,948962.0,199432.0,737370.0,64.45,81.73,203.95,396340.17999999993,57.6
210,Warda Barad,1980982.0,817576.0,1261870.0,1471594.06,1593020.0,989291.0,44874.0,1163406.0,58.73,63.7,1821.94,209724.06000000006,62.1
211,Pratyush Chander,3843224.0,1230140.0,1231440.0,1803777.52,767026.0,443443.0,163779.0,2613084.0,67.99,32.04,751.1,572337.52,57.81
212,Yasti Taneja,3041529.0,1418138.0,1251548.0,1542993.41,199030.0,37776.0,137701.0,1623391.0,53.37,41.15,1029.87,291445.4099999999,18.98
213,Umang Sundaram,1680828.0,918672.0,858031.0,867243.79,125755.0,112425.0,98074.0,762156.0,45.34,51.05,936.71,9212.790000000037,89.4
214,Ridhi Balakrishnan,2886474.0,1543595.0,1226074.0,1410073.47,3551319.0,1735111.0,108858.0,1342879.0,46.52,42.48,1417.99,183999.46999999997,48.86
215,Ekantika Venkataraman,1944696.0,912731.0,564871.0,612271.3400000001,2337393.0,1298333.0,128421.0,1031965.0,53.07,29.05,710.73,47400.340000000084,55.55
216,Lajita Bhardwaj,913798.0,420043.0,432623.0,413193.03,979452.0,875869.0,164951.0,493755.0,54.03,47.34,254.65,-19429.969999999972,89.42
217,Widisha Kohli,1887288.0,895682.0,706686.0,891392.74,1506819.0,258425.0,228071.0,991606.0,52.54,37.44,392.72,184706.74,17.15
218,Bhavna Sachar,798546.0,484905.0,1307730.0,1329306.17,1444906.0,960346.0,174014.0,313641.0,39.28,163.76,278.66,21576.169999999925,66.46
219,Januja Pillay,2441956.0,1102553.0,358876.0,300658.06,3228620.0,1862953.0,150756.0,1339403.0,54.85,14.7,731.35,-58217.94,57.7
220,Veda Seth,3929104.0,1529812.0,525745.0,632933.94,3464383.0,2473182.0,162054.0,2399292.0,61.06,13.38,944.01,107188.93999999994,71.39
221,Kritika Khalsa,4269882.0,1588440.0,1753501.0,1862180.29,3912133.0,1826979.0,233651.0,2681442.0,62.8,41.07,679.83,108679.29000000004,46.7
222,Chandresh Kala,933959.0,611505.0,741635.0,959347.67,1654300.0,791906.0,206358.0,322454.0,34.53,79.41,296.33,217712.67000000004,47.87
223,Gauri Vasa,1723980.0,1031564.0,423934.0,473384.2,1347233.0,1182115.0,140448.0,692416.0,40.16,24.59,734.48,49450.20000000001,87.74
224,Jai Nazareth,2361329.0,1356790.0,1713576.0,1999393.53,120317.0,75282.0,187614.0,1004539.0,42.54,72.57,723.18,285817.53,62.57
225,Megha Lata,2226410.0,1695989.0,42047.0,37783.92,1737232.0,367172.0,144574.0,530421.0,23.82,1.89,1173.09,-4263.080000000002,21.14
226,Aarav Mittal,529519.0,498778.0,1047607.0,1463287.35,876381.0,418946.0,172050.0,30741.0,5.81,197.84,289.9,415680.3500000001,47.8
227,Amruta Luthra,2140126.0,917119.0,1834855.0,2356394.29,0.0,0.0,119510.0,1223007.0,57.15,85.74,767.4,521539.29000000004,0.0
228,Ojasvi Kothari,625696.0,569538.0,1318814.0,1888136.55,4788148.0,2179829.0,128539.0,56158.0,8.98,210.78,443.09,569322.55,45.53
229,Ladli Wagle,2939230.0,1821187.0,722113.0,997222.99,962533.0,663317.0,97595.0,1118043.0,38.04,24.57,1866.07,275109.99,68.91
230,Rudra Sekhon,1685977.0,536696.0,726446.0,914807.4199999999,4011950.0,2658351.0,66607.0,1149281.0,68.17,43.09,805.77,188361.41999999993,66.26
231,Chandani Behl,2907219.0,1341495.0,1312952.0,1788532.92,1457200.0,864534.0,84198.0,1565724.0,53.86,45.16,1593.26,475580.9199999999,59.33
232,Lila Buch,1946305.0,771644.0,631922.0,663186.8,2011600.0,1052549.0,121383.0,1174661.0,60.35,32.47,635.71,31264.800000000047,52.32
233,Kevin Kuruvilla,2837695.0,1908712.0,2002654.0,2586064.71,2001064.0,602233.0,260866.0,928983.0,32.74,70.57,731.68,583410.71,30.1
234,Zaitra Mani,2025283.0,1436199.0,313355.0,498125.41,5273220.0,3452622.0,214204.0,589084.0,29.09,15.47,670.48,184770.40999999997,65.47
235,Kala Ravel,3466126.0,1359782.0,418609.0,506353.6,0.0,0.0,137245.0,2106344.0,60.77,12.08,990.77,87744.59999999998,0.0
236,Eesha Shankar,1539986.0,1201382.0,833565.0,983524.29,0.0,0.0,88385.0,338604.0,21.99,54.13,1359.26,149959.29000000004,0.0
237,Gautami Dixit,3006605.0,1236338.0,247684.0,360995.54,611193.0,381518.0,143615.0,1770267.0,58.88,8.24,860.87,113311.53999999998,62.42
238,Vansha Sodhi,635947.0,606119.0,630861.0,852966.52,1763926.0,770390.0,295052.0,29828.0,4.69,99.2,205.43,222105.52000000002,43.67
239,Nihal Palla,690131.0,640346.0,429313.0,556556.5,612534.0,152876.0,47708.0,49785.0,7.21,62.21,1342.22,127243.5,24.96
240,Bhavya Deol,1961673.0,776669.0,1721435.0,2157398.9,2403538.0,1397466.0,168244.0,1185004.0,60.41,87.75,461.63,435963.8999999999,58.14
241,Anika Palla,1384414.0,592698.0,227769.0,252418.74,2929727.0,2155050.0,114869.0,791716.0,57.19,16.45,515.98,24649.73999999999,73.56
242,Kai Banik,1943618.0,985636.0,481112.0,659476.94,2074581.0,1590381.0,60816.0,957982.0,49.29,24.75,1620.69,178364.93999999994,76.66
243,Pratyush Muni,2875746.0,1429395.0,2054410.0,2378219.7399999998,2277725.0,916360.0,241469.0,1446351.0,50.29,71.44,591.96,323809.73999999976,40.23
244,Nicholas Biswas,2391235.0,1072706.0,1830586.0,1935166.37,1790909.0,792403.0,264370.0,1318529.0,55.14,76.55,405.76,104580.37000000011,44.25
245,Oliver Kata,741985.0,424037.0,615222.0,655694.3300000001,4316592.0,2067441.0,129127.0,317948.0,42.85,82.92,328.39,40472.330000000075,47.9
246,Hitesh Sur,3546387.0,1607710.0,1150210.0,1214916.26,1820199.0,1660235.0,50190.0,1938677.0,54.67,32.43,3203.25,64706.26000000001,91.21
247,Ikshita Bassi,579469.0,493665.0,703956.0,784493.58,1443935.0,793941.0,114292.0,85804.0,14.81,121.48,431.93,80537.57999999996,54.98
248,Edhitha Kashyap,1511340.0,1010437.0,1500275.0,2101106.21,2395483.0,1372852.0,56150.0,500903.0,33.14,99.27,1799.53,600831.21,57.31
249,Naveen Borah,1880115.0,918493.0,1789960.0,2066905.0999999999,1407482.0,623620.0,150059.0,961622.0,51.15,95.2,612.09,276945.09999999986,44.31
250,Mekhala Verma,1341551.0,526061.0,527002.0,753564.17,2310363.0,1213139.0,50581.0,815490.0,60.79,39.28,1040.04,226562.17000000004,52.51
251,Qarin Madan,1483505.0,1058765.0,1449471.0,1612470.88,591912.0,524616.0,57483.0,424740.0,28.63,97.71,1841.87,162999.8799999999,88.63
252,Indira Munshi,1334782.0,448394.0,105642.0,159485.25,2492745.0,1236587.0,81614.0,886388.0,66.41,7.91,549.41,53843.25,49.61
253,Wakeeta Srivastava,976345.0,654433.0,406346.0,402624.20999999996,3567772.0,1665137.0,227944.0,321912.0,32.97,41.62,287.1,-3721.7900000000373,46.67
254,Tara Thaker,1393782.0,543614.0,532664.0,757418.48,2500139.0,1090533.0,257945.0,850168.0,61.0,38.22,210.75,224754.47999999998,43.62
255,Neha Chowdhury,719066.0,513409.0,1738398.0,2123606.94,2234779.0,756710.0,149733.0,205657.0,28.6,241.76,342.88,385208.93999999994,33.86
256,Zilmil Brar,1642061.0,1020857.0,1234180.0,1576856.52,1790006.0,796961.0,268675.0,621204.0,37.83,75.16,379.96,342676.52,44.52
257,Manan Thakkar,417650.0,438222.0,1495649.0,1856768.5,1625011.0,771526.0,116441.0,-20572.0,-4.93,358.11,376.35,361119.5,47.48
258,Neel Patla,2280567.0,1139974.0,1004290.0,1345989.45,568439.0,321005.0,73303.0,1140593.0,50.01,44.04,1555.15,341699.44999999995,56.47
259,Mitali Bhasin,680072.0,587821.0,1529356.0,2020688.59,2502007.0,1116596.0,157567.0,92251.0,13.56,224.88,373.06,491332.5900000001,44.63
260,Oscar Manne,3014183.0,1423617.0,1162956.0,1581415.5,773438.0,183881.0,154627.0,1590566.0,52.77,38.58,920.68,418459.5,23.77
261,Divya Johal,1742111.0,812911.0,944222.0,1118695.64,1460418.0,541092.0,200155.0,929200.0,53.34,54.2,406.14,174473.6399999999,37.05
262,Udyati Dutt,2120036.0,1166205.0,974124.0,1335764.83,0.0,0.0,139769.0,953831.0,44.99,45.95,834.38,361640.8300000001,0.0
263,Priya Nadig,881253.0,1110151.0,211986.0,222865.77000000002,2813839.0,1658203.0,82611.0,-228898.0,-25.97,24.06,1343.83,10879.770000000019,58.93
264,Triya Bail,2031117.0,1395701.0,740889.0,1054492.14,1473254.0,742735.0,148832.0,635416.0,31.28,36.48,937.77,313603.1399999999,50.41
265,Bhavani Gulati,3444048.0,1679692.0,856450.0,987332.24,1880403.0,314103.0,201006.0,1764356.0,51.23,24.87,835.64,130882.23999999999,16.7
266,Kamya Vora,450052.0,328207.0,1088588.0,1455062.03,3313761.0,1011201.0,204962.0,121845.0,27.07,241.88,160.13,366474.03,30.52
267,Niharika Palla,1074561.0,536496.0,1521840.0,1662001.93,3807984.0,2432902.0,87046.0,538065.0,50.07,141.62,616.34,140161.92999999993,63.89
268,Kamya Rege,2420629.0,1365526.0,1036678.0,980475.87,2448992.0,1864952.0,156003.0,1055103.0,43.59,42.83,875.32,-56202.130000000005,76.15
269,Abdul Lall,2035378.0,1242781.0,1484737.0,1746284.9,636154.0,433879.0,227211.0,792597.0,38.94,72.95,546.97,261547.8999999999,68.2
270,Aadi Sha,1102243.0,559174.0,156878.0,222471.14,2402725.0,1401332.0,130615.0,543069.0,49.27,14.23,428.11,65593.14000000001,58.32
271,Ethan Chana,1401061.0,506055.0,725171.0,848816.91,314756.0,113704.0,171270.0,895006.0,63.88,51.76,295.47,123645.91000000003,36.12
272,Veda Natt,1090185.0,563353.0,765884.0,1033597.04,616221.0,31919.0,127409.0,526832.0,48.33,70.25,442.16,267713.04000000004,5.18
273,Hredhaan Gill,1234716.0,967968.0,1612025.0,2259276.6,559479.0,310171.0,45079.0,266748.0,21.6,130.56,2147.27,647251.6000000001,55.44
274,Naveen Kade,3613966.0,1538488.0,1354296.0,1480979.5899999999,1430118.0,1159378.0,65156.0,2075478.0,57.43,37.47,2361.24,126683.58999999985,81.07
275,Jeremiah Bala,2542956.0,1463951.0,713164.0,877547.35,904068.0,312184.0,83619.0,1079005.0,42.43,28.04,1750.74,164383.34999999998,34.53
276,Frederick Bhasin,1452640.0,339388.0,937328.0,1039929.75,608011.0,322186.0,177078.0,1113252.0,76.64,64.53,191.66,102601.75,52.99
277,Ganga Kota,1280536.0,449385.0,831475.0,986099.74,3547173.0,1659392.0,197372.0,831151.0,64.91,64.93,227.68,154624.74,46.78
278,Kiaan Krish,2223862.0,947859.0,823457.0,952791.54,2043827.0,1456091.0,39681.0,1276003.0,57.38,37.03,2388.7,129334.54000000004,71.24
279,Hredhaan Issac,548470.0,527552.0,1808013.0,1874762.12,2514369.0,1440009.0,40971.0,20918.0,3.81,329.65,1287.62,66749.12000000011,57.27
280,Amara Zachariah,3369401.0,1433077.0,608859.0,858008.92,2449022.0,1269325.0,91505.0,1936324.0,57.47,18.07,1566.12,249149.92000000004,51.83
281,Yug Tailor,1955575.0,1406020.0,313494.0,338392.5,649296.0,565050.0,106388.0,549555.0,28.1,16.03,1321.6,24898.5,87.03
282,Champak Badal,2280660.0,859030.0,1453031.0,1840888.52,290631.0,207445.0,186828.0,1421630.0,62.33,63.71,459.8,387857.52,71.38
283,Arunima Kar,593683.0,685476.0,1345003.0,1347467.01,2339993.0,1200433.0,201959.0,-91793.0,-15.46,226.55,339.41,2464.0100000000093,51.3
284,Zansi Acharya,867136.0,499083.0,1610287.0,1577078.31,1038496.0,408204.0,49752.0,368053.0,42.44,185.7,1003.14,-33208.689999999944,39.31
285,Yauvani Ganguly,2531123.0,1976813.0,900412.0,856209.8099999999,2388875.0,1660549.0,156402.0,554310.0,21.9,35.57,1263.93,-44202.19000000006,69.51
286,Utkarsh Mander,414567.0,406009.0,1216063.0,1532312.8,2031681.0,1065201.0,202076.0,8558.0,2.06,293.33,200.92,316249.80000000005,52.43
287,Chameli Buch,1255761.0,362876.0,475212.0,627201.04,2113404.0,939236.0,51045.0,892885.0,71.1,37.84,710.89,151989.04000000004,44.44
288,Qadim Kamdar,3627095.0,1702052.0,479262.0,630712.49,1838023.0,1169845.0,77408.0,1925043.0,53.07,13.21,2198.81,151450.49,63.65
289,Maanas Kala,1772871.0,552532.0,1701476.0,2146477.56,458478.0,33649.0,0.0,1220339.0,68.83,95.97,inf,445001.56000000006,7.34
290,Nihal Ravel,623808.0,320521.0,188760.0,248238.04,4425757.0,1538358.0,131825.0,303287.0,48.62,30.26,243.14,59478.04000000001,34.76
291,Lohit Agate,1694293.0,508615.0,637215.0,779965.14,283175.0,103594.0,59693.0,1185678.0,69.98,37.61,852.05,142750.14,36.58
292,Tara Nagarajan,1783405.0,1562212.0,2213334.0,2639592.07,895934.0,680585.0,129453.0,221193.0,12.4,124.11,1206.78,426258.06999999983,75.96
293,Janaki Pillai,931574.0,434196.0,619852.0,767780.5900000001,854767.0,779244.0,234663.0,497378.0,53.39,66.54,185.03,147928.59000000008,91.16
294,Dayita Nanda,1177464.0,972437.0,522007.0,665657.08,1072789.0,887150.0,157307.0,205027.0,17.41,44.33,618.18,143650.07999999996,82.7
295,Saanvi Barad,662936.0,481119.0,1205373.0,1513469.73,1477472.0,1345635.0,135742.0,181817.0,27.43,181.82,354.44,308096.73,91.08
296,Neelima Sachdeva,3943040.0,1576872.0,941977.0,1239063.21,374784.0,98312.0,118486.0,2366168.0,60.01,23.89,1330.85,297086.20999999996,26.23
297,Janani Mann,2295130.0,1110442.0,1336399.0,1417703.76,92072.0,10518.0,105687.0,1184688.0,51.62,58.23,1050.69,81304.76000000001,11.42
298,Qarin Gulati,1727913.0,1645098.0,1306727.0,1614962.37,786335.0,629551.0,157020.0,82815.0,4.79,75.62,1047.7,308235.3700000001,80.06
299,Vasudha Kumar,2439648.0,1609757.0,1147128.0,1228655.3599999999,3410121.0,1664127.0,99397.0,829891.0,34.02,47.02,1619.52,81527.35999999987,48.8
300,Urmi Bose,1161982.0,717524.0,815673.0,1187561.68,1847324.0,833717.0,179205.0,444458.0,38.25,70.2,400.39,371888.67999999993,45.13
301,Wakeeta Wadhwa,1632719.0,1021046.0,0.0,0.0,93978.0,23133.0,105475.0,611673.0,37.46,0.0,968.05,0.0,24.62
302,Sai Sood,3189553.0,1577261.0,969983.0,1307359.1800000002,2335211.0,1653666.0,97643.0,1612292.0,50.55,30.41,1615.33,337376.18000000017,70.81
303,Vidhi Thakkar,3935015.0,1442374.0,462258.0,470354.81,3396974.0,1276551.0,161372.0,2492641.0,63.35,11.75,893.82,8096.809999999998,37.58
304,Devika Baral,2450329.0,1875304.0,871666.0,1202279.83,2813714.0,1009924.0,187985.0,575025.0,23.47,35.57,997.58,330613.8300000001,35.89
305,Hemang Wable,1185986.0,404447.0,809594.0,957481.0800000001,1817884.0,1259510.0,314007.0,781539.0,65.9,68.26,128.8,147887.08000000007,69.28
306,Jatin Kuruvilla,1730529.0,1181098.0,921595.0,1073679.01,3053637.0,2172095.0,244270.0,549431.0,31.75,53.26,483.52,152084.01,71.13
307,Libni Barad,3142596.0,1679110.0,2195959.0,2512525.3,1485564.0,793208.0,98137.0,1463486.0,46.57,69.88,1710.99,316566.2999999998,53.39
308,Kamya Bajaj,874325.0,481389.0,1037826.0,1407029.24,931734.0,343376.0,250305.0,392936.0,44.94,118.7,192.32,369203.24,36.85
309,Yatan Kamdar,2365268.0,1581203.0,179308.0,209601.35,1534083.0,720317.0,96043.0,784065.0,33.15,7.58,1646.35,30293.350000000006,46.95
310,Urvashi Bedi,2980699.0,1501257.0,246642.0,347365.31,2489843.0,1425527.0,123482.0,1479442.0,49.63,8.27,1215.77,100723.31,57.25
311,Alka Sarraf,2190915.0,1046510.0,820081.0,1079232.4,485396.0,209069.0,210294.0,1144405.0,52.23,37.43,497.64,259151.3999999999,43.07
312,Farhan Samra,1904712.0,963707.0,436888.0,511363.79000000004,421328.0,124644.0,104602.0,941005.0,49.4,22.94,921.31,74475.79000000004,29.58
313,Gaurang Seshadri,2197873.0,981942.0,807592.0,798354.19,1167391.0,394279.0,208378.0,1215931.0,55.32,36.74,471.23,-9237.810000000056,33.77
314,Yauvani Nagar,2769837.0,1440954.0,1175478.0,1449011.71,1468540.0,755635.0,74451.0,1328883.0,47.98,42.44,1935.44,273533.70999999996,51.45
315,Gayathri Mital,2015278.0,787329.0,1319013.0,1664150.96,1415563.0,835481.0,60683.0,1227949.0,60.93,65.45,1297.45,345137.95999999996,59.02
316,Charvi Bala,4460245.0,1609434.0,1037722.0,1251548.22,1495449.0,1005038.0,164030.0,2850811.0,63.92,23.27,981.18,213826.21999999997,67.21
317,Quincy Nayar,3251774.0,1566068.0,1770479.0,1908730.9500000002,2674351.0,811433.0,176289.0,1685706.0,51.84,54.45,888.35,138251.9500000002,30.34
318,Watika Kurian,3365150.0,1490938.0,1005836.0,968174.29,819877.0,150009.0,88000.0,1874212.0,55.69,29.89,1694.25,-37661.70999999996,18.3
319,Vrishti Bath,1609532.0,1002697.0,563513.0,679845.23,0.0,0.0,127642.0,606835.0,37.7,35.01,785.55,116332.22999999998,0.0
320,Noah Ahluwalia,1885377.0,448304.0,725319.0,1005455.5599999999,1158322.0,1043955.0,132287.0,1437073.0,76.22,38.47,338.89,280136.55999999994,90.13
321,Upasna Kar,2396876.0,868511.0,1199132.0,1296646.28,1168685.0,676008.0,144738.0,1528365.0,63.76,50.03,600.06,97514.28000000003,57.84
322,Lakshmi Parsa,657061.0,578515.0,728801.0,917883.46,1591164.0,1209537.0,66436.0,78546.0,11.95,110.92,870.79,189082.45999999996,76.02
323,Chasmum Tiwari,2236340.0,1065616.0,1960278.0,2455723.33,826277.0,285990.0,195311.0,1170724.0,52.35,87.66,545.6,495445.3300000001,34.61
324,Chakradhar Rege,4121737.0,1595878.0,1229321.0,1358022.92,2157782.0,526960.0,178639.0,2525859.0,61.28,29.83,893.35,128701.91999999993,24.42
325,Isaac Dube,535914.0,333175.0,1386659.0,1619558.85,998733.0,592101.0,138655.0,202739.0,37.83,258.75,240.29,232899.8500000001,59.29
326,Elijah Sami,1766407.0,1054308.0,2611678.0,3091288.06,1728360.0,1141847.0,138967.0,712099.0,40.31,147.85,758.68,479610.06000000006,66.07
327,Oscar Parsa,1513194.0,545061.0,1775419.0,2125491.55,790435.0,130534.0,170153.0,968133.0,63.98,117.33,320.34,350072.5499999998,16.51
328,Onveer Bajaj,1308440.0,580509.0,1017903.0,1105030.74,2099236.0,965943.0,118515.0,727931.0,55.63,77.8,489.82,87127.73999999999,46.01
329,Zayyan Cheema,1204867.0,978036.0,2405066.0,2918571.41,3120374.0,1326372.0,334451.0,226831.0,18.83,199.61,292.43,513505.41000000015,42.51
330,Vyanjana Sen,1209380.0,1109934.0,318961.0,361297.27,1901041.0,1111922.0,199530.0,99446.0,8.22,26.37,556.27,42336.27000000002,58.49
331,Aarini Bawa,2758635.0,1599080.0,537040.0,679414.96,3246939.0,1340006.0,116372.0,1159555.0,42.03,19.47,1374.11,142374.95999999996,41.27
332,Ikshita Varghese,2922420.0,1090459.0,1212312.0,1656529.45,1347049.0,331470.0,191586.0,1831961.0,62.69,41.48,569.17,444217.44999999995,24.61
333,Chakradhar Mandal,2419625.0,1498864.0,504682.0,622876.74,1989106.0,766899.0,111661.0,920761.0,38.05,20.86,1342.33,118194.73999999999,38.55
334,Charles Roy,1480516.0,514970.0,0.0,0.0,4132301.0,1739727.0,111806.0,965546.0,65.22,0.0,460.59,0.0,42.1
335,Alka Pandey,1491824.0,1028890.0,16501.0,20773.28,587480.0,183875.0,112061.0,462934.0,31.03,1.11,918.15,4272.279999999999,31.3
336,Arunima Mahal,1544713.0,953858.0,2311314.0,2655256.9299999997,987757.0,214366.0,353395.0,590855.0,38.25,149.63,269.91,343942.9299999997,21.7
337,Maanas Barad,1453545.0,946372.0,1033021.0,1585552.68,2203256.0,819921.0,67054.0,507173.0,34.89,71.07,1411.36,552531.6799999999,37.21
338,Kashish Dixit,3382460.0,1481093.0,479792.0,621956.88,1398293.0,931837.0,230392.0,1901367.0,56.21,14.18,642.86,142164.88,66.64
339,Krishna Kaul,3614448.0,1452727.0,1392160.0,1868082.17,1510994.0,1078119.0,80024.0,2161721.0,59.81,38.52,1815.36,475922.1699999999,71.35
340,Harsh Kothari,3622513.0,1529780.0,1921982.0,2073400.11,4046638.0,2051758.0,175418.0,2092733.0,57.77,53.06,872.08,151418.1100000001,50.7
341,Daniel Soni,2775796.0,1763173.0,836133.0,1041504.25,3661854.0,2102949.0,159870.0,1012623.0,36.48,30.12,1102.88,205371.25,57.43
342,Udarsh Mannan,2070411.0,995055.0,1976645.0,2416813.97,2147257.0,1625469.0,146344.0,1075356.0,51.94,95.47,679.94,440168.9700000002,75.7
343,Sai Keer,1143776.0,1281789.0,636252.0,712820.02,604137.0,395360.0,216457.0,-138013.0,-12.07,55.63,592.17,76568.02000000002,65.44
344,Vritti Varty,1115715.0,1093032.0,443452.0,597930.8,0.0,0.0,49786.0,22683.0,2.03,39.75,2195.46,154478.80000000005,0.0
345,Anmol Dhingra,4442925.0,1370600.0,842837.0,996815.26,3421008.0,1183329.0,95926.0,3072325.0,69.15,18.97,1428.81,153978.26,34.59
346,Harshil Sachdeva,903081.0,560778.0,1112234.0,1342299.0,1759614.0,463769.0,160692.0,342303.0,37.9,123.16,348.98,230065.0,26.36
347,Balvan Master,2620838.0,1564062.0,1110966.0,1213620.44,2835776.0,1035223.0,102289.0,1056776.0,40.32,42.39,1529.06,102654.43999999994,36.51
348,Tanveer Jhaveri,1284918.0,1033389.0,2179570.0,2818347.94,2355905.0,1260211.0,257974.0,251529.0,19.58,169.63,400.58,638777.94,53.49
349,Ekbal Dass,1401034.0,598257.0,508022.0,573247.59,3205429.0,1687920.0,138167.0,802777.0,57.3,36.26,433.0,65225.58999999997,52.66
350,Udarsh Ramachandran,2548620.0,1100121.0,2564358.0,3018973.73,85305.0,43568.0,143616.0,1448499.0,56.83,100.62,766.02,454615.73,51.07
351,Divya Randhawa,800233.0,458005.0,1371419.0,1576113.98,1709628.0,749916.0,202965.0,342228.0,42.77,171.38,225.66,204694.97999999998,43.86
352,Tristan Chad,2373202.0,1065368.0,678619.0,686203.29,51061.0,33053.0,270314.0,1307834.0,55.11,28.6,394.12,7584.290000000037,64.73
353,Krishna Dhawan,2355697.0,1359991.0,858272.0,956802.24,712392.0,567823.0,237420.0,995706.0,42.27,36.43,572.82,98530.23999999999,79.71
354,Oviya Kanda,4002098.0,1389818.0,1415184.0,1747511.72,1086261.0,829632.0,138018.0,2612280.0,65.27,35.36,1006.98,332327.72,76.38
355,Ekta Desai,4054134.0,1761921.0,165505.0,242119.29,1194914.0,870110.0,212395.0,2292213.0,56.54,4.08,829.55,76614.29000000001,72.82
356,Simon Munshi,2625927.0,1858531.0,1022155.0,1199066.99,950060.0,313642.0,216715.0,767396.0,29.22,38.93,857.59,176911.99,33.01
357,Matthew Saha,1821801.0,1063516.0,1304762.0,1529305.85,2506589.0,1662374.0,28136.0,758285.0,41.62,71.62,3779.91,224543.8500000001,66.32
358,Hitesh Ray,478006.0,725166.0,234786.0,278840.98,1397037.0,587046.0,153289.0,-247160.0,-51.71,49.12,473.07,44054.97999999998,42.02
359,Farhan Balay,2572557.0,862217.0,2236679.0,2654870.27,2480746.0,1670240.0,106646.0,1710340.0,66.48,86.94,808.49,418191.27,67.33
360,Ekapad Ravi,1430425.0,584928.0,337000.0,452687.87,1402837.0,649682.0,171111.0,845497.0,59.11,23.56,341.84,115687.87,46.31
361,Vrinda Khare,859485.0,484780.0,58240.0,76023.75,141417.0,96066.0,54169.0,374705.0,43.6,6.78,894.94,17783.75,67.93
362,Ati Pall,1248787.0,442340.0,1710390.0,1917247.0899999999,896295.0,103497.0,96952.0,806447.0,64.58,136.96,456.25,206857.08999999985,11.55
363,Anjali Apte,3136054.0,1603856.0,2208413.0,2976492.2199999997,2688285.0,851225.0,69928.0,1532198.0,48.86,70.42,2293.58,768079.2199999997,31.66
364,Harshil Sidhu,486982.0,450649.0,458412.0,449960.56999999995,646143.0,344804.0,105441.0,36333.0,7.46,94.13,427.39,-8451.430000000051,53.36
365,Triya Zachariah,3744109.0,1536311.0,1091258.0,1023919.75,899602.0,153415.0,232251.0,2207798.0,58.97,29.15,661.49,-67338.25,17.05
366,Abhiram Dutt,2861100.0,1451787.0,1509791.0,1770116.04,1838595.0,846800.0,222384.0,1409313.0,49.26,52.77,652.83,260325.04000000004,46.06
367,Girish Singh,2467754.0,1650670.0,1261021.0,1357780.67,2766823.0,1463207.0,118411.0,817084.0,33.11,51.1,1394.02,96759.66999999993,52.88
368,Tanay Uppal,1706445.0,645740.0,1536883.0,1709259.05,1905946.0,473813.0,143761.0,1060705.0,62.16,90.06,449.18,172376.05000000005,24.86
369,Samarth Ganesan,1953827.0,1113779.0,879119.0,992285.74,485505.0,256764.0,180883.0,840048.0,43.0,44.99,615.75,113166.73999999999,52.89
370,Zaitra Kakar,2220846.0,817480.0,2002965.0,2492366.42,1165434.0,399892.0,141519.0,1403366.0,63.19,90.19,577.65,489401.4199999999,34.31
371,Shravya Chada,4037544.0,1609803.0,1330541.0,1287008.56,1826427.0,319401.0,94415.0,2427741.0,60.13,32.95,1705.03,-43532.439999999944,17.49
372,Triya Sule,955835.0,438729.0,595356.0,729441.12,423102.0,316793.0,118057.0,517106.0,54.1,62.29,371.62,134085.12,74.87
373,Neelima Gandhi,1345911.0,400429.0,230839.0,241275.74,1406303.0,856201.0,131540.0,945482.0,70.25,17.15,304.42,10436.73999999999,60.88
374,Udant Gera,1650145.0,779355.0,386918.0,600824.42,755923.0,454205.0,45320.0,870790.0,52.77,23.45,1719.67,213906.42000000004,60.09
375,Dhriti Om,4047826.0,1171814.0,678294.0,598124.04,850352.0,269815.0,82202.0,2876012.0,71.05,16.76,1425.53,-80169.95999999996,31.73
376,Rachita Gandhi,3372289.0,1618556.0,934075.0,1126670.98,1333637.0,679803.0,83245.0,1753733.0,52.0,27.7,1944.33,192595.97999999998,50.97
377,Aayush Saran,1181811.0,458388.0,931792.0,1182745.9,633976.0,326120.0,152678.0,723423.0,61.21,78.84,300.23,250953.8999999999,51.44
378,Indira Rana,3374783.0,1692292.0,1440561.0,1824585.62,1494953.0,532495.0,39278.0,1682491.0,49.85,42.69,4308.5,384024.6200000001,35.62
379,Tanay Ravel,3466744.0,1418747.0,689604.0,852295.0800000001,0.0,0.0,160453.0,2047997.0,59.08,19.89,884.21,162691.08000000007,0.0
380,Imaran Deol,2428174.0,897798.0,188857.0,186606.96,1156642.0,984309.0,214468.0,1530376.0,63.03,7.78,418.62,-2250.040000000008,85.1
381,Ekansh Dara,3399912.0,1396235.0,1478033.0,1531634.11,4362450.0,2304565.0,179011.0,2003677.0,58.93,43.47,779.97,53601.1100000001,52.83
382,Vincent Bera,773171.0,552903.0,956757.0,1164654.86,3961049.0,2084591.0,115993.0,220268.0,28.49,123.74,476.67,207897.8600000001,52.63
383,Fiyaz Shere,3068630.0,1115144.0,2358286.0,2891725.34,713615.0,582567.0,188069.0,1953486.0,63.66,76.85,592.94,533439.3399999999,81.64
384,Alexander Sarraf,2092584.0,970705.0,613900.0,623168.78,4749341.0,2336531.0,170007.0,1121879.0,53.61,29.34,570.98,9268.780000000028,49.2
385,Sathvik Roy,4059944.0,1760567.0,550571.0,750058.04,1416711.0,1192913.0,287739.0,2299377.0,56.64,13.56,611.86,199487.04000000004,84.2
386,Janya Pingle,2742924.0,1347589.0,349338.0,476460.23,1760399.0,1432198.0,62506.0,1395335.0,50.87,12.74,2155.94,127122.22999999998,81.36
387,Bina Chopra,1653355.0,506109.0,1093668.0,1430337.91,1732568.0,594351.0,94645.0,1147246.0,69.39,66.15,534.74,336669.9099999999,34.3
388,Brinda Nair,3298944.0,1596648.0,843775.0,1094984.89,1588554.0,1029026.0,285376.0,1702296.0,51.6,25.58,559.49,251209.8899999999,64.78
389,Samuel Mital,3527654.0,1471267.0,606148.0,625754.95,433756.0,206950.0,99776.0,2056387.0,58.29,17.18,1474.57,19606.949999999953,47.71
390,Wazir Kata,1760860.0,461345.0,624845.0,677999.0399999999,710923.0,43678.0,144205.0,1299515.0,73.8,35.49,319.92,53154.03999999992,6.14
391,Mohammed Kala,4050699.0,1309142.0,968258.0,1259742.71,1032708.0,870878.0,47673.0,2741557.0,67.68,23.9,2746.09,291484.70999999996,84.33
392,Thomas Koshy,1096342.0,401401.0,989385.0,1334567.59,528383.0,341807.0,69208.0,694941.0,63.39,90.24,579.99,345182.5900000001,64.69
393,Advaith More,3800620.0,1366638.0,745702.0,1071863.6600000001,1329457.0,206276.0,162838.0,2433982.0,64.04,19.62,839.26,326161.66000000015,15.52
394,Isha Kaur,1233598.0,456633.0,1120106.0,1313104.9,2061252.0,754565.0,143101.0,776965.0,62.98,90.8,319.1,192998.8999999999,36.61
395,Aditya Murty,2819053.0,1769228.0,1465066.0,1662226.41,1279268.0,473935.0,129876.0,1049825.0,37.24,51.97,1362.24,197160.40999999992,37.05
396,Gayathri Bassi,2690805.0,754078.0,419243.0,459105.97,2619021.0,1190625.0,139562.0,1936727.0,71.98,15.58,540.32,39862.96999999997,45.46
397,Upadhriti Oak,1018037.0,546449.0,868927.0,1023571.03,801829.0,126484.0,150723.0,471588.0,46.32,85.35,362.55,154644.03000000003,15.77
398,Sanya Mukhopadhyay,2472057.0,924254.0,837410.0,855088.73,2639021.0,1627458.0,96824.0,1547803.0,62.61,33.88,954.57,17678.72999999998,61.67
399,Laban Murty,3741957.0,1180961.0,1349467.0,1696750.78,1779326.0,145455.0,162537.0,2560996.0,68.44,36.06,726.58,347283.78,8.17
400,Chavvi Jha,2936801.0,1496618.0,484173.0,606933.97,2357521.0,1526264.0,89704.0,1440183.0,49.04,16.49,1668.4,122760.96999999997,64.74
401,Bhavya Khalsa,2641510.0,1519522.0,1110570.0,1300353.01,931201.0,702123.0,93733.0,1121988.0,42.48,42.04,1621.12,189783.01,75.4
402,Anamika Balakrishnan,2280860.0,1410005.0,577328.0,721967.01,1753144.0,1373981.0,82819.0,870855.0,38.18,25.31,1702.51,144639.01,78.37
403,Aarush Shere,2314363.0,1261831.0,849110.0,1187267.29,2033613.0,1204986.0,37781.0,1052532.0,45.48,36.69,3339.86,338157.29000000004,59.25
404,Tarak Keer,1132400.0,911944.0,1717533.0,2017639.5399999998,2882175.0,1453550.0,187032.0,220456.0,19.47,151.67,487.59,300106.5399999998,50.43
405,Wyatt Saini,2773312.0,1681846.0,821115.0,1069148.69,2696983.0,1903610.0,176173.0,1091466.0,39.36,29.61,954.66,248033.68999999994,70.58
406,Prisha Lalla,1430587.0,1022485.0,1751393.0,1842075.36,1923628.0,663546.0,99626.0,408102.0,28.53,122.42,1026.32,90682.3600000001,34.49
407,Ati Biswas,1743016.0,835442.0,958964.0,1131427.73,775881.0,136665.0,182024.0,907574.0,52.07,55.02,458.97,172463.72999999998,17.61
408,Urvashi Nadkarni,992292.0,420089.0,697209.0,967684.81,2583958.0,1161186.0,44348.0,572203.0,57.66,70.26,947.26,270475.81000000006,44.94
409,Vedhika Kale,1763630.0,1127236.0,1118686.0,1436737.5899999999,1571498.0,710831.0,101952.0,636394.0,36.08,63.43,1105.65,318051.58999999985,45.23
410,Jack Kala,2501440.0,920653.0,774382.0,1054656.15,773701.0,84925.0,263902.0,1580787.0,63.2,30.96,348.86,280274.1499999999,10.98
411,Yahvi Keer,754851.0,466126.0,1151572.0,1349619.0899999999,1567292.0,273131.0,208926.0,288725.0,38.25,152.56,223.11,198047.08999999985,17.43
412,Meera Johal,2766803.0,1120677.0,1035624.0,1155500.03,782970.0,371088.0,41711.0,1646126.0,59.5,37.43,2686.77,119876.03000000003,47.39
413,Chakrika Mahal,2551212.0,1006059.0,1578278.0,2078152.5999999999,1550813.0,847583.0,79874.0,1545153.0,60.57,61.86,1259.56,499874.59999999986,54.65
414,Veda Borde,3098364.0,1405509.0,1763102.0,1760720.92,666369.0,528942.0,35725.0,1692855.0,54.64,56.9,3934.24,-2381.0800000000745,79.38
415,Champak Bhattacharyya,1377197.0,367312.0,1264702.0,1335722.43,0.0,0.0,182826.0,1009885.0,73.33,91.83,200.91,71020.42999999993,0.0
416,Kala Sathe,3707137.0,1357509.0,2064524.0,2065482.5899999999,1401747.0,1245174.0,76899.0,2349628.0,63.38,55.69,1765.31,958.589999999851,88.83
417,Meera Varma,1717937.0,983082.0,570044.0,556883.46,3558736.0,1615933.0,174996.0,734855.0,42.78,33.18,561.77,-13160.540000000037,45.41
418,Ira Sarraf,837889.0,391875.0,814112.0,943188.35,184667.0,165601.0,124592.0,446014.0,53.23,97.16,314.53,129076.34999999998,89.68
419,Rayaan Cheema,1552565.0,502811.0,678792.0,889763.13,1261317.0,1022925.0,70135.0,1049754.0,67.61,43.72,716.92,210971.13,81.1
420,Siddharth Khatri,1278333.0,998093.0,1323013.0,1553673.28,423681.0,337210.0,249121.0,280240.0,21.92,103.5,400.65,230660.28000000003,79.59
421,Yagnesh Chakraborty,2162787.0,726480.0,983176.0,1343851.92,2877919.0,1561794.0,42137.0,1436307.0,66.41,45.46,1724.09,360675.9199999999,54.27
422,Omya Bhardwaj,2895832.0,981557.0,1393691.0,1527236.46,2610879.0,1309976.0,76092.0,1914275.0,66.1,48.13,1289.96,133545.45999999996,50.17
423,Darika Deshpande,1132404.0,478141.0,1244606.0,1266753.4,735050.0,519325.0,106675.0,654263.0,57.78,109.91,448.22,22147.399999999907,70.65
424,Aarush Dhaliwal,3280097.0,1594586.0,39939.0,35071.98,3626353.0,2322951.0,51666.0,1685511.0,51.39,1.22,3086.34,-4867.019999999997,64.06
425,Damyanti Batta,2249889.0,738040.0,1308703.0,1733325.31,985715.0,217643.0,132155.0,1511849.0,67.2,58.17,558.47,424622.31000000006,22.08
426,Frederick Keer,3238668.0,1463023.0,435438.0,427382.91,225481.0,38233.0,113168.0,1775645.0,54.83,13.44,1292.79,-8055.090000000026,16.96
427,Ronith Raman,4219515.0,1302306.0,1366858.0,1329146.83,1533836.0,480034.0,163845.0,2917209.0,69.14,32.39,794.84,-37711.169999999925,31.3
428,Charles Dora,2332460.0,1689541.0,1483473.0,1878044.04,0.0,0.0,74250.0,642919.0,27.56,63.6,2275.48,394571.04000000004,0.0
429,Xiti Yogi,2778494.0,1411505.0,32525.0,48725.49,3119072.0,2028852.0,122197.0,1366989.0,49.2,1.17,1155.11,16200.489999999998,65.05
430,Baghyawati Dar,808825.0,307189.0,1277732.0,1242967.77,2929286.0,1212829.0,121634.0,501636.0,62.02,157.97,252.55,-34764.22999999998,41.4
431,Vinaya Suresh,419260.0,484646.0,1967903.0,2539255.17,2280327.0,900896.0,126101.0,-65386.0,-15.6,469.38,384.33,571352.1699999999,39.51
432,Kalpit Kar,934338.0,636865.0,2395940.0,3119478.92,824798.0,756063.0,120975.0,297473.0,31.84,256.43,526.44,723538.9199999999,91.67
433,Vincent Gupta,960420.0,576422.0,1064958.0,1165537.2,2202775.0,1732932.0,118338.0,383998.0,39.98,110.88,487.1,100579.19999999995,78.67
434,Dev Viswanathan,3095555.0,1005761.0,469365.0,574787.86,0.0,0.0,192470.0,2089794.0,67.51,15.16,522.55,105422.85999999999,0.0
435,Watika Borah,1845126.0,491297.0,764591.0,1050704.22,2986095.0,2351688.0,70810.0,1353829.0,73.37,41.44,693.82,286113.22,78.75
436,Krishna Vig,2417335.0,1094930.0,693605.0,746879.88,885894.0,215820.0,240395.0,1322405.0,54.71,28.69,455.47,53274.880000000005,24.36
437,Saanvi Din,1153414.0,651248.0,1321152.0,1471536.89,1335945.0,305392.0,170436.0,502166.0,43.54,114.54,382.11,150384.8899999999,22.86
438,Udyati Rege,1845386.0,974772.0,886682.0,1076148.99,731895.0,367810.0,122450.0,870614.0,47.18,48.05,796.06,189466.99,50.25
439,Girindra Kurian,3158278.0,1516689.0,1366458.0,1709954.6099999999,1282244.0,990642.0,132264.0,1641589.0,51.98,43.27,1146.71,343496.60999999987,77.26
440,Kiaan Chowdhury,2313282.0,930460.0,678660.0,762792.55,2435846.0,1297866.0,280510.0,1382822.0,59.78,29.34,331.7,84132.55000000005,53.28
441,Ishani Naik,1386546.0,462354.0,309950.0,474076.83,167764.0,113738.0,93959.0,924192.0,66.65,22.35,492.08,164126.83000000002,67.8
442,Janya Bhasin,2820889.0,1322555.0,2147697.0,2597242.92,697939.0,496113.0,155008.0,1498334.0,53.12,76.14,853.22,449545.9199999999,71.08
443,Gautam Bahl,944786.0,540516.0,866690.0,1071905.95,922147.0,147746.0,154763.0,404270.0,42.79,91.73,349.25,205215.94999999995,16.02
444,Meera Dugar,1552380.0,423991.0,0.0,0.0,2586250.0,1392127.0,290998.0,1128389.0,72.69,0.0,145.7,0.0,53.83
445,Lavanya Om,1221456.0,470590.0,0.0,0.0,1302788.0,871088.0,7518.0,750866.0,61.47,0.0,6259.51,0.0,66.86
446,Frederick Chopra,818983.0,519547.0,130441.0,181441.94,1252278.0,961227.0,110943.0,299436.0,36.56,15.93,468.3,51000.94,76.76
447,Avi Dua,4006849.0,1676426.0,992950.0,1004425.81,916799.0,46576.0,70278.0,2330423.0,58.16,24.78,2385.42,11475.810000000056,5.08
448,Yashasvi Reddy,3642038.0,1586561.0,645314.0,806720.1399999999,1480777.0,802860.0,90337.0,2055477.0,56.44,17.72,1756.27,161406.1399999999,54.22
449,Vasudha Talwar,2727506.0,1017273.0,474866.0,572892.75,727192.0,289796.0,191456.0,1710233.0,62.7,17.41,531.34,98026.75,39.85
450,Gayathri Choudhury,840297.0,564536.0,284633.0,377015.31,889583.0,713254.0,56993.0,275761.0,32.82,33.87,990.54,92382.31,80.18
451,Avi Mangat,1180159.0,479678.0,978177.0,1016302.4099999999,381811.0,165790.0,46969.0,700481.0,59.35,82.89,1021.27,38125.409999999916,43.42
452,Amruta Kala,1881758.0,1017243.0,953053.0,1311048.26,2845765.0,1562363.0,107274.0,864515.0,45.94,50.65,948.27,357995.26,54.9
453,Chameli Datta,927233.0,514558.0,1255109.0,1691322.51,584154.0,433594.0,105874.0,412675.0,44.51,135.36,486.01,436213.51,74.23
454,Hamsini Raghavan,2890076.0,1555684.0,1235222.0,1480815.45,691869.0,434345.0,99815.0,1334392.0,46.17,42.74,1558.57,245593.44999999995,62.78
455,Parth Arya,907020.0,460573.0,1720344.0,2027478.01,1103134.0,906352.0,70230.0,446447.0,49.22,189.67,655.81,307134.01,82.16
456,Krish Dâ€™Alia,2117126.0,1175521.0,1435167.0,1560415.1199999999,2725362.0,1690610.0,272397.0,941605.0,44.48,67.79,431.55,125248.11999999988,62.03
457,Indali Dhingra,1161653.0,491132.0,632531.0,667160.1699999999,0.0,0.0,101230.0,670521.0,57.72,54.45,485.16,34629.169999999925,0.0
458,Rushil Solanki,451771.0,408963.0,846130.0,1102155.31,620817.0,194142.0,325722.0,42808.0,9.48,187.29,125.56,256025.31000000006,31.27
459,Ronith Rana,2258021.0,1188965.0,223137.0,246497.47,269857.0,114325.0,141005.0,1069056.0,47.34,9.88,843.21,23360.47,42.37
460,Aachal Apte,2278886.0,775710.0,2432752.0,3066082.4,2081485.0,1466323.0,109381.0,1503176.0,65.96,106.75,709.18,633330.3999999999,70.45
461,Jason Chaudhari,1557186.0,925859.0,1471811.0,1977905.46,1262597.0,549834.0,137787.0,631327.0,40.54,94.52,671.95,506094.45999999996,43.55
462,Avi Rau,1616319.0,1111544.0,1567147.0,2149216.81,633174.0,397325.0,94340.0,504775.0,31.23,96.96,1178.23,582069.81,62.75
463,Veer Chaudhuri,2546237.0,1647466.0,719630.0,911178.45,1065150.0,212485.0,93833.0,898771.0,35.3,28.26,1755.74,191548.44999999995,19.95
464,Amruta Viswanathan,2545203.0,1594941.0,1595159.0,1819549.62,519912.0,226330.0,48541.0,950262.0,37.34,62.67,3285.76,224390.6200000001,43.53
465,Amruta Bava,2394991.0,883822.0,1155440.0,1483529.53,2015952.0,1131030.0,240987.0,1511169.0,63.1,48.24,366.75,328089.53,56.1
466,Akshay Saxena,2658337.0,1467166.0,1012188.0,1497727.46,2486784.0,1537054.0,209757.0,1191171.0,44.81,38.08,699.46,485539.45999999996,61.81
467,Bina Mohan,1624947.0,602109.0,1595386.0,1895465.1500000001,1419790.0,779046.0,150640.0,1022838.0,62.95,98.18,399.7,300079.15000000014,54.87
468,Theodore Rajan,2860457.0,1584536.0,1307843.0,1539192.27,828321.0,503154.0,145125.0,1275921.0,44.61,45.72,1091.84,231349.27000000002,60.74
469,Urvi Kohli,1627995.0,667192.0,1465670.0,1707988.86,0.0,0.0,209987.0,960803.0,59.02,90.03,317.73,242318.8600000001,0.0
470,Vinaya Arya,842952.0,322152.0,1214536.0,1472634.81,1595067.0,998269.0,219443.0,520800.0,61.78,144.08,146.8,258098.81000000006,62.58
471,Deepa Kade,924775.0,492067.0,372979.0,337386.7,1557533.0,781210.0,103664.0,432708.0,46.79,40.33,474.67,-35592.29999999999,50.16
472,Tarak Sarin,2193704.0,1127836.0,1753187.0,2196704.1,3526667.0,2097141.0,271061.0,1065868.0,48.59,79.92,416.08,443517.1000000001,59.47
473,Kai Parikh,2212563.0,979794.0,182581.0,234467.78,1567441.0,951890.0,66016.0,1232769.0,55.72,8.25,1484.18,51886.78,60.73
474,Mugdha Gour,2397844.0,1143870.0,1237718.0,1435053.42,2710864.0,1064595.0,115036.0,1253974.0,52.3,51.62,994.36,197335.41999999993,39.27
475,Janaki Cheema,938379.0,474412.0,2015576.0,2130749.5,1453512.0,710795.0,131379.0,463967.0,49.44,214.79,361.1,115173.5,48.9
476,Avi Sridhar,671642.0,440423.0,785050.0,775369.65,226759.0,164869.0,149004.0,231219.0,34.43,116.89,295.58,-9680.349999999977,72.71
477,Wishi Parikh,1950735.0,857264.0,1141627.0,1327982.91,1319214.0,740056.0,156517.0,1093471.0,56.05,58.52,547.71,186355.90999999992,56.1
478,Chaitanya Garde,1792456.0,507582.0,1043555.0,1344139.51,2037286.0,1557009.0,126003.0,1284874.0,71.68,58.22,402.83,300584.51,76.43
479,Akshay Sangha,1759630.0,1173882.0,1015460.0,1316352.34,856755.0,363030.0,105813.0,585748.0,33.29,57.71,1109.39,300892.3400000001,42.37
480,Fitan Bassi,2077171.0,1046082.0,1031352.0,1137121.13,2892564.0,1170390.0,133380.0,1031089.0,49.64,49.65,784.29,105769.12999999989,40.46
481,Charita Virk,451214.0,578414.0,984137.0,962460.21,1397933.0,708986.0,176373.0,-127200.0,-28.19,218.11,327.95,-21676.790000000037,50.72
482,Inaya Saran,589134.0,373544.0,1214414.0,1251246.82,2608941.0,708568.0,115096.0,215590.0,36.59,206.14,324.55,36832.820000000065,27.16
483,Yadavi Issac,1838860.0,1200455.0,1111290.0,1333272.95,0.0,0.0,170392.0,638405.0,34.72,60.43,704.53,221982.94999999995,0.0
484,Zaid Butala,2965483.0,1419479.0,792764.0,1039217.21,1090343.0,294186.0,106826.0,1546004.0,52.13,26.73,1328.78,246453.20999999996,26.98
485,Chakradev Sehgal,3425242.0,1436722.0,1138252.0,1323885.09,1153484.0,482166.0,21377.0,1988520.0,58.05,33.23,6720.88,185633.09000000008,41.8
486,Lavanya Dubey,2015195.0,1027426.0,1055593.0,1188128.01,1000088.0,379479.0,92327.0,987769.0,49.02,52.38,1112.81,132535.01,37.94
487,Unni Srinivas,1938670.0,1573701.0,1248478.0,1290998.68,1812703.0,734564.0,130409.0,364969.0,18.83,64.4,1206.74,42520.679999999935,40.52
488,Ekaraj Karpe,3049515.0,1597825.0,596079.0,741048.41,973189.0,361678.0,256248.0,1451690.0,47.6,19.55,623.55,144969.41000000003,37.16
489,Sneha Gade,1865951.0,1095809.0,1305324.0,1586738.8800000001,2977159.0,1251656.0,122282.0,770142.0,41.27,69.95,896.13,281414.8800000001,42.04
490,Unnati Guha,516083.0,511203.0,798850.0,1018869.01,0.0,0.0,168144.0,4880.0,0.95,154.79,304.03,220019.01,0.0
491,Yamini Sarin,2606558.0,1416971.0,767080.0,830274.52,591329.0,333158.0,132919.0,1189587.0,45.64,29.43,1066.04,63194.52000000002,56.34
492,Amrita Joshi,880596.0,455172.0,1181232.0,1553359.21,987328.0,620620.0,138918.0,425424.0,48.31,134.14,327.66,372127.20999999996,62.86
493,Sara Chakraborty,1701095.0,480352.0,505040.0,685010.77,3115144.0,2023396.0,60094.0,1220743.0,71.76,29.69,799.33,179970.77000000002,64.95
494,Vedant Dyal,3353610.0,1647376.0,605466.0,816413.45,723431.0,476015.0,175114.0,1706234.0,50.88,18.05,940.74,210947.44999999995,65.8
495,Arin Borah,1216265.0,507965.0,205585.0,189139.7,1933996.0,799530.0,153125.0,708300.0,58.24,16.9,331.73,-16445.29999999999,41.34
496,Sara Iyer,1834230.0,1028907.0,941316.0,1310124.1400000001,1499629.0,758962.0,189546.0,805323.0,43.91,51.32,542.83,368808.14000000013,50.61
497,Siddharth Trivedi,2355598.0,936252.0,2518013.0,2877982.64,2427821.0,720861.0,117161.0,1419346.0,60.25,106.89,799.12,359969.64000000013,29.69
498,Shivani Kari,553056.0,518664.0,1008021.0,1296692.5899999999,1108475.0,232449.0,18610.0,34392.0,6.22,182.26,2787.02,288671.58999999985,20.97
499,Barkha Saraf,869196.0,533854.0,1773955.0,2267307.0300000003,2769099.0,1499712.0,83142.0,335342.0,38.58,204.09,642.1,493352.03000000026,54.16
500,Anjali Salvi,636948.0,514028.0,701949.0,764029.65,2086738.0,1724993.0,113770.0,122920.0,19.3,110.21,451.81,62080.65000000002,82.66
