goal_id,user_id,goal_name,target_amount,current_amount,deadline
1,240,Vacation,813314.0,270251.0,2028-11-15
2,373,Car Purchase,71896.0,52134.0,2027-03-11
3,406,Emergency Fund,993359.0,323850.0,2028-07-03
4,422,Car Purchase,920308.0,134584.0,2026-11-24
5,241,Emergency Fund,259270.0,72840.0,2028-01-31
6,392,Vacation,118850.0,84150.0,2029-04-01
7,345,Car Purchase,507665.0,184993.0,2028-07-19
8,167,Vacation,984022.0,573094.0,2028-01-10
9,298,Emergency Fund,79491.0,64606.0,2027-03-18
10,38,Car Purchase,598619.0,400845.0,2027-06-17
11,364,Vacation,333738.0,43652.0,2029-02-02
12,152,House Down Payment,299309.0,241270.0,2027-06-18
13,320,House Down Payment,696155.0,650129.0,2028-03-21
14,397,Vacation,379919.0,68632.0,2029-03-26
15,63,House Down Payment,140381.0,72648.0,2026-10-29
16,66,Emergency Fund,359263.0,166968.0,2027-06-17
17,463,Car Purchase,725136.0,59137.0,2028-12-25
18,14,Emergency Fund,533884.0,343329.0,2027-05-22
19,462,House Down Payment,60451.0,12050.0,2028-02-09
20,438,Emergency Fund,159751.0,20268.0,2026-08-31
21,343,House Down Payment,108417.0,39432.0,2028-07-10
22,474,Vacation,357783.0,12183.0,2029-06-14
23,302,Vacation,947219.0,789798.0,2028-08-02
24,340,Vacation,806450.0,27056.0,2028-06-27
25,392,Car Purchase,409533.0,257657.0,2027-10-15
26,192,Vacation,157673.0,13985.0,2028-08-08
27,373,Vacation,356529.0,128715.0,2027-09-30
28,424,Vacation,885842.0,716283.0,2029-06-01
29,247,House Down Payment,592142.0,285825.0,2028-09-16
30,385,Emergency Fund,294128.0,263685.0,2028-10-24
31,54,Vacation,584035.0,106093.0,2028-03-16
32,489,Emergency Fund,960036.0,464257.0,2029-04-29
33,288,House Down Payment,286898.0,102761.0,2026-07-25
34,131,Car Purchase,115833.0,67881.0,2029-07-02
35,122,Vacation,166576.0,102753.0,2026-11-07
36,238,Emergency Fund,907157.0,651003.0,2027-03-31
37,299,House Down Payment,636809.0,404251.0,2028-10-11
38,496,Car Purchase,762172.0,540219.0,2027-10-14
39,97,House Down Payment,771861.0,213037.0,2027-01-09
40,152,Emergency Fund,986124.0,505281.0,2026-09-05
41,337,House Down Payment,913909.0,62442.0,2026-11-04
42,385,Car Purchase,486876.0,426961.0,2027-05-06
43,41,Car Purchase,76974.0,27597.0,2029-02-07
44,219,Vacation,545659.0,28869.0,2026-11-21
45,46,Car Purchase,567942.0,317324.0,2028-12-07
46,394,House Down Payment,499024.0,331314.0,2029-01-08
47,263,Car Purchase,682507.0,658243.0,2028-09-08
48,261,Emergency Fund,508628.0,46574.0,2027-06-04
49,83,Vacation,567077.0,16628.0,2027-10-28
50,409,Car Purchase,473662.0,317135.0,2027-03-01
51,368,Vacation,369950.0,101726.0,2027-04-14
52,184,Vacation,635414.0,266027.0,2027-06-17
53,161,Emergency Fund,187042.0,63796.0,2029-05-04
54,300,Vacation,795079.0,330844.0,2027-09-18
55,365,Vacation,764128.0,118286.0,2028-07-28
56,178,Car Purchase,898985.0,330393.0,2026-09-14
57,164,Vacation,616520.0,144576.0,2028-12-03
58,195,Vacation,143791.0,98288.0,2028-05-28
59,466,Car Purchase,708248.0,530041.0,2028-03-19
60,306,Car Purchase,805208.0,533995.0,2028-04-04
61,91,House Down Payment,716304.0,375073.0,2026-09-19
62,256,Car Purchase,844566.0,401552.0,2029-04-20
63,84,Vacation,114025.0,83074.0,2028-05-22
64,208,Vacation,931844.0,680856.0,2026-12-10
65,426,House Down Payment,225481.0,38233.0,2027-05-02
66,23,Car Purchase,513443.0,444503.0,2028-08-31
67,315,House Down Payment,142165.0,33692.0,2027-11-04
68,222,Emergency Fund,130556.0,115534.0,2029-07-03
69,446,Car Purchase,705176.0,700466.0,2028-07-18
70,244,Emergency Fund,333603.0,73650.0,2027-01-23
71,328,House Down Payment,784576.0,260114.0,2026-07-29
72,493,Vacation,610398.0,568220.0,2026-09-25
73,356,Emergency Fund,149877.0,96756.0,2026-10-27
74,382,House Down Payment,908576.0,784039.0,2029-04-04
75,299,Car Purchase,835406.0,179546.0,2028-04-04
76,333,Emergency Fund,100837.0,30298.0,2028-10-14
77,179,Car Purchase,732949.0,636838.0,2027-09-28
78,399,Emergency Fund,633242.0,53494.0,2028-01-21
79,186,House Down Payment,763851.0,300397.0,2028-08-31
80,129,Emergency Fund,457346.0,415047.0,2027-02-17
81,487,House Down Payment,933182.0,176028.0,2029-06-11
82,348,House Down Payment,432804.0,24278.0,2026-11-13
83,380,Car Purchase,627396.0,489640.0,2028-02-16
84,266,House Down Payment,917506.0,182708.0,2027-01-04
85,332,Car Purchase,224670.0,39406.0,2029-02-28
86,429,Emergency Fund,405162.0,332354.0,2026-10-28
87,334,Vacation,396283.0,80348.0,2027-02-16
88,394,Car Purchase,98052.0,11833.0,2028-01-21
89,109,House Down Payment,398238.0,49638.0,2027-01-01
90,204,House Down Payment,602358.0,442225.0,2029-02-11
91,419,Emergency Fund,557571.0,346404.0,2028-01-23
92,347,House Down Payment,244123.0,146671.0,2026-11-28
93,234,House Down Payment,909323.0,744739.0,2029-06-28
94,447,Vacation,916799.0,46576.0,2029-03-25
95,396,Car Purchase,226971.0,106896.0,2027-09-02
96,31,Car Purchase,741325.0,193509.0,2027-09-07
97,369,Car Purchase,485505.0,256764.0,2026-12-13
98,92,House Down Payment,619757.0,552819.0,2026-09-03
99,233,Vacation,530735.0,17924.0,2027-08-03
100,453,Car Purchase,584154.0,433594.0,2028-09-04
101,180,House Down Payment,99162.0,40091.0,2027-09-07
102,180,House Down Payment,678793.0,94518.0,2026-08-23
103,423,Vacation,735050.0,519325.0,2028-02-12
104,5,Emergency Fund,229782.0,122368.0,2029-07-04
105,189,Car Purchase,803250.0,347067.0,2027-08-19
106,125,Car Purchase,608219.0,332309.0,2026-09-11
107,184,Car Purchase,849872.0,815072.0,2027-02-25
108,395,Emergency Fund,640195.0,261864.0,2027-03-01
109,40,Emergency Fund,575857.0,456943.0,2027-02-05
110,378,Car Purchase,637411.0,278234.0,2029-03-17
111,121,Car Purchase,318312.0,254987.0,2027-11-04
112,45,House Down Payment,390241.0,330309.0,2026-11-06
113,403,House Down Payment,706481.0,635271.0,2026-07-28
114,135,Vacation,568531.0,401260.0,2027-03-30
115,190,House Down Payment,622919.0,224350.0,2028-08-19
116,50,House Down Payment,582275.0,231040.0,2027-11-07
117,277,Vacation,630040.0,318213.0,2028-09-11
118,74,House Down Payment,753329.0,334252.0,2026-08-02
119,482,House Down Payment,773033.0,62875.0,2028-04-20
120,233,Vacation,653773.0,511607.0,2028-11-15
121,28,House Down Payment,665077.0,574576.0,2029-03-04
122,489,Vacation,424763.0,29262.0,2027-06-21
123,18,Emergency Fund,776852.0,111543.0,2028-04-27
124,3,Car Purchase,634003.0,550676.0,2028-02-08
125,103,Car Purchase,131112.0,62112.0,2027-02-26
126,18,Vacation,920183.0,37289.0,2027-10-09
127,79,Vacation,475821.0,296532.0,2028-04-23
128,41,House Down Payment,56240.0,51293.0,2029-01-16
129,267,Car Purchase,808616.0,376336.0,2027-03-27
130,413,Car Purchase,722684.0,233539.0,2027-09-27
131,345,Car Purchase,129991.0,123853.0,2026-09-18
132,257,House Down Payment,553483.0,273585.0,2029-06-07
133,93,Emergency Fund,727638.0,132355.0,2026-07-25
134,346,Car Purchase,222029.0,12230.0,2026-10-30
135,381,House Down Payment,886986.0,284747.0,2026-08-09
136,6,Vacation,748542.0,200765.0,2026-10-05
137,298,Car Purchase,151078.0,145082.0,2029-04-09
138,231,Emergency Fund,305557.0,226622.0,2026-10-15
139,70,Vacation,473960.0,444105.0,2027-12-27
140,424,Emergency Fund,485254.0,345469.0,2028-07-04
141,35,Vacation,550894.0,217729.0,2028-12-30
142,460,Vacation,162103.0,120570.0,2027-10-14
143,38,Emergency Fund,273795.0,141245.0,2027-10-10
144,411,Vacation,884914.0,188849.0,2029-01-06
145,6,Vacation,762924.0,91639.0,2027-09-29
146,424,Car Purchase,654897.0,486166.0,2027-12-06
147,71,House Down Payment,106866.0,37568.0,2026-09-30
148,463,Emergency Fund,79684.0,60067.0,2028-09-01
149,331,House Down Payment,961952.0,168610.0,2026-08-22
150,303,Car Purchase,413179.0,334711.0,2029-06-16
151,323,House Down Payment,86478.0,21228.0,2027-03-13
152,264,House Down Payment,230531.0,174638.0,2028-02-09
153,87,Emergency Fund,662684.0,495365.0,2028-10-15
154,253,Car Purchase,533760.0,428438.0,2027-10-07
155,70,Car Purchase,329275.0,52881.0,2028-05-15
156,201,Vacation,692589.0,558095.0,2027-03-23
157,279,Vacation,643669.0,266496.0,2028-02-15
158,370,Car Purchase,706699.0,60645.0,2028-06-19
159,181,Vacation,828464.0,329895.0,2027-11-29
160,417,Emergency Fund,788024.0,217593.0,2029-04-07
161,329,Car Purchase,558216.0,115546.0,2027-01-14
162,325,Car Purchase,611888.0,255203.0,2026-09-18
163,398,Vacation,805858.0,166302.0,2027-08-12
164,222,Vacation,592287.0,361252.0,2028-08-02
165,265,House Down Payment,754118.0,209933.0,2028-06-24
166,405,Car Purchase,817674.0,787453.0,2028-06-04
167,245,Vacation,105284.0,99773.0,2028-05-08
168,30,Vacation,106523.0,42031.0,2029-05-05
169,243,House Down Payment,958225.0,851769.0,2027-12-08
170,162,Vacation,150252.0,37501.0,2028-09-09
171,40,Car Purchase,116785.0,113318.0,2027-11-11
172,64,Emergency Fund,694689.0,514758.0,2029-04-22
173,46,House Down Payment,195842.0,124314.0,2029-03-16
174,472,Vacation,993712.0,352661.0,2028-05-18
175,2,Car Purchase,513626.0,152856.0,2029-02-20
176,233,Emergency Fund,50797.0,28583.0,2027-04-25
177,133,Emergency Fund,483057.0,92869.0,2029-03-27
178,66,Emergency Fund,905099.0,64948.0,2026-12-16
179,31,Car Purchase,469627.0,81732.0,2026-10-30
180,252,Emergency Fund,616405.0,105466.0,2027-09-25
181,48,Emergency Fund,178416.0,100088.0,2029-04-23
182,417,Emergency Fund,290636.0,217700.0,2027-08-04
183,430,Vacation,713625.0,45082.0,2028-02-06
184,65,House Down Payment,552719.0,12318.0,2027-09-19
185,234,Car Purchase,715498.0,527705.0,2027-08-01
186,17,Car Purchase,175142.0,21485.0,2028-10-28
187,90,Car Purchase,466106.0,184789.0,2028-12-17
188,35,Emergency Fund,804714.0,284028.0,2028-02-27
189,19,Vacation,863209.0,670578.0,2027-07-30
190,127,Vacation,801642.0,464311.0,2028-06-09
191,72,Emergency Fund,822132.0,136078.0,2028-11-13
192,57,Car Purchase,875093.0,555702.0,2027-10-26
193,34,Car Purchase,530701.0,24470.0,2028-01-15
194,159,Emergency Fund,551523.0,144416.0,2027-06-01
195,151,Vacation,833137.0,66271.0,2029-03-25
196,384,Vacation,681426.0,540324.0,2029-01-23
197,341,Emergency Fund,342068.0,257724.0,2028-10-13
198,84,House Down Payment,454593.0,169371.0,2028-12-01
199,158,House Down Payment,91037.0,24921.0,2027-03-14
200,255,House Down Payment,442796.0,156342.0,2027-07-19
201,103,Vacation,581980.0,470162.0,2028-10-22
202,480,Emergency Fund,972960.0,219769.0,2028-03-16
203,130,Car Purchase,621486.0,254506.0,2028-03-20
204,263,House Down Payment,612217.0,225463.0,2026-08-20
205,66,Car Purchase,830619.0,740334.0,2029-01-30
206,341,Vacation,945214.0,175392.0,2027-09-15
207,451,Vacation,214338.0,24987.0,2029-05-11
208,170,Vacation,486366.0,159543.0,2029-06-20
209,5,House Down Payment,259657.0,118989.0,2029-05-13
210,171,Car Purchase,871676.0,332303.0,2029-05-10
211,331,Vacation,512237.0,130156.0,2029-01-21
212,225,House Down Payment,670848.0,75156.0,2027-07-27
213,313,House Down Payment,711731.0,152477.0,2027-08-11
214,312,Car Purchase,51971.0,26723.0,2028-07-26
215,488,Vacation,473262.0,239109.0,2029-05-07
216,136,House Down Payment,865702.0,666526.0,2027-02-16
217,342,Vacation,909761.0,886324.0,2027-08-04
218,278,Car Purchase,599373.0,582562.0,2027-04-05
219,308,Vacation,639960.0,237504.0,2028-08-21
220,85,House Down Payment,630571.0,114476.0,2026-09-11
221,33,Vacation,764236.0,533751.0,2028-09-26
222,214,Emergency Fund,160008.0,145969.0,2027-05-08
223,196,Car Purchase,320435.0,24712.0,2027-11-29
224,285,House Down Payment,604817.0,486363.0,2028-06-19
225,97,Vacation,716732.0,612180.0,2028-07-18
226,340,House Down Payment,419683.0,293679.0,2027-11-21
227,499,Emergency Fund,714314.0,518421.0,2028-12-30
228,405,Vacation,137152.0,23754.0,2028-04-04
229,242,House Down Payment,210483.0,66960.0,2027-06-14
230,19,Vacation,727125.0,45501.0,2029-05-18
231,299,Car Purchase,794015.0,596231.0,2027-05-27
232,396,Emergency Fund,712603.0,318037.0,2028-02-13
233,16,House Down Payment,753218.0,569521.0,2027-06-01
234,285,Emergency Fund,878064.0,499199.0,2026-12-14
235,390,Vacation,710923.0,43678.0,2028-07-23
236,246,House Down Payment,914515.0,813107.0,2027-03-23
237,402,Car Purchase,847259.0,614491.0,2026-11-14
238,98,Emergency Fund,336784.0,129819.0,2029-01-20
239,238,Vacation,97726.0,48065.0,2028-08-14
240,154,Vacation,590710.0,295526.0,2028-10-20
241,384,Vacation,866335.0,214126.0,2027-03-29
242,433,Emergency Fund,119008.0,53966.0,2029-01-17
243,429,Car Purchase,512142.0,135215.0,2026-10-16
244,188,Emergency Fund,214800.0,39408.0,2029-05-23
245,103,House Down Payment,427998.0,260224.0,2026-10-15
246,64,House Down Payment,529248.0,306266.0,2027-06-19
247,348,Vacation,776088.0,301826.0,2028-04-05
248,146,Vacation,101862.0,60982.0,2027-08-30
249,89,Emergency Fund,410601.0,111135.0,2026-08-06
250,116,Car Purchase,279312.0,43128.0,2028-09-09
251,381,Car Purchase,52436.0,29129.0,2026-10-06
252,492,House Down Payment,135825.0,54621.0,2028-11-07
253,243,Vacation,851101.0,31148.0,2029-01-02
254,84,House Down Payment,67874.0,30621.0,2028-08-01
255,83,Car Purchase,297575.0,97967.0,2027-07-25
256,63,Car Purchase,154184.0,31180.0,2027-05-14
257,401,Car Purchase,931201.0,702123.0,2028-12-30
258,474,House Down Payment,242191.0,55523.0,2027-08-17
259,322,Vacation,517428.0,352109.0,2028-02-02
260,484,Car Purchase,281732.0,14760.0,2028-09-30
261,102,Car Purchase,453781.0,164639.0,2028-11-17
262,127,Car Purchase,476468.0,70571.0,2027-12-23
263,43,Car Purchase,165542.0,112837.0,2028-10-28
264,125,Car Purchase,818608.0,82153.0,2029-02-28
265,258,House Down Payment,568439.0,321005.0,2029-05-25
266,365,Car Purchase,135474.0,35129.0,2027-10-24
267,52,Vacation,76607.0,48613.0,2026-08-23
268,400,Car Purchase,683997.0,126172.0,2027-04-04
269,162,Car Purchase,227919.0,27448.0,2026-07-28
270,34,Vacation,490615.0,23323.0,2026-11-05
271,216,Emergency Fund,271065.0,242363.0,2029-05-31
272,5,Car Purchase,850128.0,555916.0,2027-10-10
273,280,Car Purchase,962360.0,727176.0,2026-10-28
274,103,Emergency Fund,761966.0,456625.0,2028-10-03
275,115,House Down Payment,82440.0,32453.0,2027-09-16
276,404,Emergency Fund,764164.0,506301.0,2027-09-24
277,14,House Down Payment,366230.0,81053.0,2028-09-17
278,75,Vacation,533796.0,111262.0,2029-03-11
279,138,Vacation,902710.0,395109.0,2027-10-29
280,215,Vacation,806508.0,742475.0,2026-07-21
281,5,Vacation,427512.0,285229.0,2029-04-22
282,425,Emergency Fund,900107.0,179932.0,2026-12-11
283,217,Car Purchase,706177.0,106207.0,2028-07-12
284,348,Emergency Fund,764751.0,703357.0,2028-05-13
285,31,Vacation,87062.0,18095.0,2028-05-07
286,268,House Down Payment,269243.0,107846.0,2028-03-05
287,43,Vacation,142565.0,66237.0,2028-05-12
288,105,Vacation,81051.0,48447.0,2029-07-09
289,316,House Down Payment,447980.0,229018.0,2028-09-26
290,472,House Down Payment,533574.0,377934.0,2027-11-08
291,42,Emergency Fund,809250.0,204938.0,2028-05-29
292,250,House Down Payment,769565.0,508395.0,2026-11-16
293,268,Car Purchase,880360.0,706250.0,2028-04-05
294,354,House Down Payment,176524.0,87081.0,2027-09-11
295,456,Emergency Fund,874406.0,618922.0,2026-09-09
296,153,House Down Payment,886038.0,547599.0,2028-09-12
297,493,Car Purchase,790029.0,274979.0,2028-04-08
298,462,House Down Payment,572723.0,385275.0,2029-05-02
299,83,House Down Payment,577365.0,551001.0,2028-03-31
300,256,Emergency Fund,179981.0,128646.0,2027-04-22
301,99,Emergency Fund,903454.0,739116.0,2027-01-10
302,271,Emergency Fund,248110.0,55698.0,2026-07-30
303,267,Vacation,174132.0,77295.0,2027-01-29
304,23,House Down Payment,934368.0,833993.0,2028-04-30
305,304,Car Purchase,408433.0,368115.0,2028-06-25
306,228,Emergency Fund,472351.0,81495.0,2028-06-15
307,283,House Down Payment,967105.0,377795.0,2029-03-25
308,216,Vacation,708387.0,633506.0,2029-06-29
309,363,Emergency Fund,772544.0,229418.0,2027-09-15
310,25,Car Purchase,838991.0,277268.0,2027-05-25
311,155,Emergency Fund,637686.0,439952.0,2027-06-09
312,496,Car Purchase,453583.0,80412.0,2028-06-09
313,228,Vacation,868968.0,406152.0,2028-01-13
314,293,Vacation,56404.0,31429.0,2027-01-05
315,189,Emergency Fund,283392.0,253072.0,2026-08-23
316,471,Car Purchase,561895.0,490799.0,2028-01-05
317,172,Car Purchase,82830.0,51634.0,2027-07-05
318,334,Emergency Fund,442747.0,154803.0,2028-12-16
319,77,House Down Payment,913785.0,813904.0,2029-04-22
320,377,Car Purchase,452356.0,246557.0,2027-11-21
321,15,Emergency Fund,890118.0,825689.0,2029-04-24
322,440,House Down Payment,302786.0,241900.0,2028-09-11
323,55,Emergency Fund,187084.0,34055.0,2027-01-15
324,138,Vacation,532103.0,151725.0,2028-04-17
325,25,Emergency Fund,915392.0,147041.0,2026-12-16
326,234,House Down Payment,319433.0,134243.0,2029-01-09
327,394,Car Purchase,839571.0,140562.0,2028-12-17
328,50,House Down Payment,290781.0,231014.0,2029-05-09
329,178,Vacation,270105.0,127072.0,2028-01-31
330,95,Vacation,399886.0,272207.0,2028-07-24
331,366,Vacation,731700.0,581123.0,2029-05-16
332,9,Vacation,813148.0,760678.0,2027-02-07
333,326,Emergency Fund,980651.0,572025.0,2028-10-18
334,199,House Down Payment,331439.0,329443.0,2026-10-16
335,166,Vacation,143871.0,73535.0,2028-05-13
336,381,Car Purchase,614414.0,580734.0,2027-03-11
337,50,Car Purchase,866641.0,754361.0,2028-01-01
338,244,House Down Payment,379377.0,303240.0,2028-05-26
339,256,Emergency Fund,446081.0,145465.0,2029-05-19
340,473,House Down Payment,817059.0,580344.0,2029-02-21
341,363,Vacation,480746.0,16516.0,2028-01-30
342,254,House Down Payment,772807.0,266755.0,2028-03-06
343,149,House Down Payment,395127.0,365777.0,2028-08-16
344,189,Emergency Fund,912330.0,793117.0,2026-11-05
345,94,Emergency Fund,856450.0,408951.0,2028-06-13
346,340,Vacation,594990.0,302629.0,2029-01-05
347,416,Vacation,398212.0,337758.0,2027-03-07
348,398,House Down Payment,516177.0,479615.0,2027-07-16
349,188,Car Purchase,611607.0,536357.0,2027-07-17
350,27,House Down Payment,880455.0,673080.0,2026-12-25
351,452,Car Purchase,447208.0,368693.0,2026-11-29
352,470,Car Purchase,451994.0,243494.0,2028-10-19
353,245,Vacation,868133.0,428792.0,2029-05-15
354,132,House Down Payment,535615.0,74364.0,2029-03-28
355,444,Vacation,853103.0,90760.0,2028-04-20
356,302,Emergency Fund,486294.0,173997.0,2027-12-06
357,303,House Down Payment,876086.0,46074.0,2029-03-11
358,163,Emergency Fund,491713.0,392270.0,2029-04-22
359,198,Emergency Fund,171717.0,144832.0,2026-12-02
360,488,House Down Payment,412991.0,61080.0,2027-04-15
361,334,Vacation,906575.0,481225.0,2028-04-07
362,470,Vacation,396425.0,184261.0,2029-06-29
363,207,Vacation,836387.0,419691.0,2026-11-14
364,22,House Down Payment,341270.0,221061.0,2027-07-25
365,204,Emergency Fund,522623.0,411753.0,2028-03-16
366,414,Emergency Fund,666369.0,528942.0,2028-12-08
367,134,Car Purchase,630463.0,307505.0,2027-03-14
368,240,Vacation,660947.0,624092.0,2029-02-14
369,477,House Down Payment,608753.0,561817.0,2029-07-05
370,472,Vacation,316504.0,284463.0,2028-08-16
371,346,Emergency Fund,927726.0,214215.0,2028-03-14
372,396,Car Purchase,670691.0,96539.0,2027-02-07
373,445,Emergency Fund,589250.0,348699.0,2026-10-09
374,325,Emergency Fund,386845.0,336898.0,2027-05-28
375,430,Vacation,327449.0,123757.0,2029-02-17
376,404,House Down Payment,728853.0,271902.0,2028-04-27
377,1,Car Purchase,828197.0,168732.0,2027-03-12
378,279,Emergency Fund,269618.0,180341.0,2027-01-17
379,121,House Down Payment,573716.0,21175.0,2027-07-26
380,351,Car Purchase,121264.0,102657.0,2028-06-20
381,147,Car Purchase,341088.0,102069.0,2028-03-12
382,179,House Down Payment,181585.0,66522.0,2027-11-25
383,290,Vacation,770492.0,495376.0,2029-06-17
384,199,Car Purchase,210516.0,119258.0,2026-08-13
385,74,Emergency Fund,174506.0,94345.0,2027-10-14
386,152,Vacation,118954.0,41424.0,2026-11-03
387,190,Car Purchase,551772.0,197029.0,2027-08-09
388,59,Vacation,746789.0,640767.0,2028-07-02
389,494,Car Purchase,513760.0,367197.0,2027-08-17
390,230,Vacation,488462.0,263631.0,2026-10-05
391,184,House Down Payment,121974.0,19281.0,2027-09-15
392,340,House Down Payment,747262.0,174198.0,2027-07-16
393,480,Car Purchase,166466.0,154188.0,2027-06-16
394,100,Emergency Fund,870744.0,462173.0,2029-05-22
395,398,Car Purchase,659942.0,659708.0,2027-09-08
396,470,Car Purchase,746648.0,570514.0,2028-07-27
397,89,House Down Payment,521212.0,55839.0,2029-02-27
398,175,Vacation,803611.0,754822.0,2027-10-30
399,76,Car Purchase,521740.0,110275.0,2027-01-29
400,482,Vacation,299559.0,72262.0,2029-01-12
401,374,House Down Payment,506483.0,360034.0,2029-05-23
402,349,Car Purchase,914367.0,384367.0,2028-05-11
403,498,House Down Payment,575449.0,82714.0,2026-10-15
404,110,Vacation,669159.0,312383.0,2027-12-28
405,65,Car Purchase,830074.0,742591.0,2026-09-16
406,53,Emergency Fund,432043.0,44106.0,2028-09-27
407,387,Vacation,871353.0,349401.0,2026-11-10
408,409,Vacation,541710.0,152286.0,2029-01-25
409,478,Emergency Fund,378634.0,255170.0,2027-11-07
410,164,Emergency Fund,383758.0,156354.0,2026-09-14
411,381,House Down Payment,924600.0,267113.0,2028-09-29
412,224,Emergency Fund,120317.0,75282.0,2029-03-06
413,480,Vacation,892661.0,361825.0,2028-12-17
414,430,Vacation,758947.0,537293.0,2026-07-19
415,408,House Down Payment,854116.0,776345.0,2028-08-05
416,252,Vacation,777924.0,731543.0,2029-03-10
417,300,Car Purchase,385932.0,302151.0,2029-06-14
418,182,Vacation,173470.0,74267.0,2028-10-06
419,303,Vacation,774532.0,665418.0,2028-06-22
420,331,Vacation,680343.0,536463.0,2027-11-06
421,264,Emergency Fund,418194.0,91533.0,2028-10-31
422,253,House Down Payment,158952.0,93332.0,2027-10-12
423,254,Car Purchase,883072.0,512311.0,2027-01-30
424,230,Vacation,789757.0,535907.0,2027-09-04
425,316,Car Purchase,440100.0,356940.0,2027-11-11
426,276,Vacation,92934.0,73624.0,2028-11-11
427,221,House Down Payment,675567.0,470992.0,2029-07-05
428,142,Car Purchase,100040.0,69921.0,2027-02-13
429,245,House Down Payment,928909.0,426601.0,2028-02-26
430,249,Emergency Fund,909622.0,570432.0,2028-08-03
431,336,Emergency Fund,122055.0,44446.0,2027-01-06
432,193,Vacation,775130.0,298657.0,2028-07-07
433,135,Vacation,244326.0,77249.0,2027-01-18
434,249,Emergency Fund,497860.0,53188.0,2027-08-17
435,198,House Down Payment,343559.0,175326.0,2028-01-17
436,492,Car Purchase,145208.0,47570.0,2028-12-27
437,301,House Down Payment,93978.0,23133.0,2027-10-24
438,57,Vacation,267464.0,47162.0,2026-09-28
439,55,Car Purchase,379847.0,376191.0,2028-05-17
440,87,Vacation,321339.0,182874.0,2028-08-12
441,232,Vacation,859560.0,794703.0,2029-02-18
442,491,Car Purchase,295847.0,216245.0,2026-09-20
443,170,Car Purchase,364719.0,209950.0,2026-12-21
444,482,Vacation,333682.0,105839.0,2026-12-18
445,4,Emergency Fund,330906.0,248181.0,2028-10-26
446,436,House Down Payment,885894.0,215820.0,2028-10-05
447,329,House Down Payment,919091.0,523429.0,2027-06-15
448,170,House Down Payment,317647.0,94090.0,2028-04-13
449,290,Car Purchase,783708.0,90864.0,2026-10-01
450,75,Vacation,522623.0,144225.0,2027-03-31
451,158,Vacation,498891.0,374334.0,2026-11-23
452,217,Car Purchase,207755.0,104279.0,2028-08-28
453,322,Vacation,201321.0,196604.0,2028-07-10
454,402,Car Purchase,905885.0,759490.0,2027-04-06
455,250,Car Purchase,926735.0,677880.0,2027-01-14
456,85,House Down Payment,748916.0,381639.0,2029-02-09
457,35,Car Purchase,413489.0,223990.0,2026-08-15
458,292,House Down Payment,154398.0,127036.0,2028-04-08
459,468,Vacation,109287.0,39604.0,2027-01-03
460,282,House Down Payment,290631.0,207445.0,2027-05-04
461,439,House Down Payment,352847.0,303786.0,2028-01-19
462,266,Vacation,411537.0,366281.0,2028-01-31
463,348,Emergency Fund,165269.0,18282.0,2028-10-30
464,394,Emergency Fund,176178.0,85523.0,2027-09-20
465,64,Car Purchase,315110.0,260033.0,2027-09-16
466,19,Car Purchase,313982.0,252722.0,2029-06-19
467,446,Emergency Fund,229733.0,17419.0,2027-07-22
468,76,Emergency Fund,91961.0,30440.0,2027-07-31
469,74,House Down Payment,690537.0,103429.0,2026-10-23
470,491,Emergency Fund,295482.0,116913.0,2027-05-14
471,275,House Down Payment,904068.0,312184.0,2027-12-12
472,360,Car Purchase,827509.0,511423.0,2026-12-17
473,143,Vacation,239003.0,84762.0,2027-08-29
474,203,Vacation,402212.0,46783.0,2028-09-14
475,383,Emergency Fund,121485.0,73306.0,2028-02-16
476,244,Emergency Fund,632134.0,389543.0,2028-10-23
477,413,Emergency Fund,119600.0,63496.0,2027-03-25
478,202,Emergency Fund,691599.0,452802.0,2027-12-26
479,147,Vacation,702322.0,181931.0,2027-01-08
480,100,House Down Payment,460753.0,368708.0,2028-12-08
481,170,House Down Payment,718897.0,595415.0,2026-09-22
482,55,Emergency Fund,242529.0,187206.0,2026-10-30
483,433,Emergency Fund,111430.0,12464.0,2028-09-02
484,431,Vacation,285271.0,150195.0,2029-06-06
485,14,Vacation,784169.0,220623.0,2028-07-14
486,352,Car Purchase,51061.0,33053.0,2028-08-15
487,264,Emergency Fund,225974.0,37533.0,2028-09-23
488,324,Car Purchase,863104.0,233969.0,2029-02-25
489,117,House Down Payment,838853.0,654424.0,2029-02-03
490,214,House Down Payment,344355.0,272383.0,2026-12-22
491,342,Emergency Fund,602560.0,428254.0,2027-09-13
492,308,Car Purchase,291774.0,105872.0,2028-07-21
493,355,House Down Payment,735520.0,553449.0,2027-11-25
494,474,Car Purchase,598778.0,463363.0,2028-10-23
495,472,Vacation,936611.0,934067.0,2028-02-03
496,461,Vacation,564907.0,470911.0,2027-04-28
497,382,Vacation,903303.0,808724.0,2028-04-26
498,28,House Down Payment,918058.0,905208.0,2027-01-15
499,349,Emergency Fund,199830.0,163858.0,2026-11-03
500,440,House Down Payment,650552.0,34304.0,2028-05-14
501,331,Car Purchase,413425.0,367088.0,2028-05-20
502,302,House Down Payment,652571.0,635946.0,2028-10-13
503,210,Vacation,517521.0,55272.0,2027-12-27
504,130,Emergency Fund,425457.0,308885.0,2028-04-30
505,118,Car Purchase,636869.0,621142.0,2027-02-14
506,242,Car Purchase,227216.0,134566.0,2027-07-15
507,295,Vacation,925895.0,840104.0,2029-03-12
508,337,Vacation,686965.0,236452.0,2028-10-10
509,210,Vacation,489432.0,391883.0,2027-04-29
510,351,Vacation,695352.0,96324.0,2028-06-25
511,305,House Down Payment,635382.0,362024.0,2027-09-22
512,66,House Down Payment,118488.0,70028.0,2026-09-24
513,386,Vacation,910500.0,876389.0,2026-12-10
514,166,House Down Payment,282785.0,197389.0,2027-09-20
515,137,Emergency Fund,660952.0,217112.0,2029-05-06
516,58,Car Purchase,159019.0,61589.0,2029-06-10
517,465,Car Purchase,162091.0,127335.0,2028-04-25
518,334,Car Purchase,889818.0,335851.0,2028-10-04
519,107,Vacation,872345.0,805432.0,2027-10-19
520,337,House Down Payment,292786.0,225761.0,2026-10-27
521,376,Car Purchase,112793.0,41841.0,2028-05-05
522,377,Vacation,181620.0,79563.0,2029-04-06
523,18,House Down Payment,529884.0,285293.0,2027-09-20
524,100,Emergency Fund,821654.0,576437.0,2027-08-29
525,337,Vacation,309596.0,295266.0,2028-04-15
526,333,Vacation,914139.0,240901.0,2029-07-03
527,309,Vacation,916895.0,280078.0,2028-01-25
528,261,House Down Payment,951790.0,494518.0,2029-06-01
529,362,House Down Payment,896295.0,103497.0,2026-11-22
530,144,Vacation,836789.0,147188.0,2028-12-05
531,277,House Down Payment,939525.0,247325.0,2028-05-18
532,41,House Down Payment,752939.0,457052.0,2027-03-09
533,160,House Down Payment,273196.0,108294.0,2028-06-26
534,387,Vacation,366832.0,79092.0,2029-01-26
535,430,House Down Payment,985594.0,446797.0,2029-03-31
536,205,Emergency Fund,945529.0,887378.0,2026-10-08
537,374,Car Purchase,249440.0,94171.0,2026-09-13
538,366,House Down Payment,997408.0,255110.0,2027-12-17
539,445,Car Purchase,713538.0,522389.0,2028-06-27
540,448,House Down Payment,818927.0,746722.0,2029-05-20
541,139,House Down Payment,968346.0,696829.0,2026-07-26
542,149,Emergency Fund,234325.0,149130.0,2028-07-29
543,159,House Down Payment,797280.0,653949.0,2027-05-09
544,285,Emergency Fund,490011.0,309245.0,2028-09-20
545,88,Emergency Fund,58226.0,29042.0,2027-01-15
546,266,Emergency Fund,650008.0,93307.0,2028-10-11
547,394,Emergency Fund,283073.0,59325.0,2028-06-21
548,70,Car Purchase,853768.0,846220.0,2028-11-14
549,417,Emergency Fund,565281.0,28811.0,2029-06-01
550,356,Emergency Fund,293075.0,110576.0,2029-01-16
551,242,Emergency Fund,541570.0,456917.0,2027-08-24
552,357,Vacation,723071.0,271442.0,2029-05-16
553,500,Car Purchase,815429.0,727111.0,2028-01-29
554,12,House Down Payment,452491.0,88731.0,2028-01-30
555,468,Emergency Fund,719034.0,463550.0,2026-07-24
556,330,Vacation,449713.0,287502.0,2028-11-03
557,239,Car Purchase,612534.0,152876.0,2027-10-07
558,147,Car Purchase,198372.0,114675.0,2027-04-18
559,312,Car Purchase,369357.0,97921.0,2027-03-03
560,220,House Down Payment,771086.0,707495.0,2028-04-19
561,336,Emergency Fund,233559.0,13744.0,2029-01-02
562,9,Emergency Fund,260035.0,68106.0,2028-08-23
563,16,House Down Payment,278325.0,216100.0,2026-09-04
564,121,Emergency Fund,110089.0,46150.0,2026-08-02
565,339,House Down Payment,324849.0,29235.0,2026-11-14
566,160,Vacation,343098.0,182893.0,2027-01-29
567,246,Emergency Fund,905684.0,847128.0,2027-09-13
568,267,Vacation,601049.0,116476.0,2029-04-02
569,367,Car Purchase,806030.0,622735.0,2028-05-23
570,83,Emergency Fund,295744.0,184408.0,2027-12-28
571,13,House Down Payment,340485.0,171531.0,2027-06-09
572,221,Car Purchase,344013.0,22383.0,2028-09-26
573,39,Vacation,460337.0,94127.0,2028-12-01
574,214,Vacation,168983.0,44710.0,2029-04-10
575,42,Emergency Fund,356886.0,133910.0,2029-03-26
576,463,Vacation,260330.0,93281.0,2027-10-15
577,35,Vacation,952494.0,760107.0,2028-06-02
578,29,Car Purchase,153163.0,20458.0,2027-10-08
579,482,Emergency Fund,253590.0,220935.0,2027-01-02
580,455,House Down Payment,605532.0,493202.0,2027-04-15
581,59,Emergency Fund,614481.0,526943.0,2028-08-14
582,387,Emergency Fund,138179.0,53710.0,2029-04-23
583,66,Car Purchase,819843.0,293705.0,2029-01-02
584,53,House Down Payment,119886.0,62215.0,2028-07-01
585,488,House Down Payment,86936.0,61489.0,2029-05-01
586,347,House Down Payment,54537.0,10682.0,2027-02-09
587,80,Car Purchase,938096.0,534100.0,2026-12-27
588,254,Vacation,121484.0,55769.0,2026-11-24
589,159,House Down Payment,70105.0,37166.0,2028-08-01
590,194,Vacation,676729.0,120431.0,2028-09-27
591,174,Vacation,895214.0,486837.0,2028-06-08
592,49,Vacation,368375.0,246186.0,2029-06-16
593,90,Car Purchase,547161.0,314368.0,2026-08-20
594,268,Vacation,486740.0,434532.0,2028-04-17
595,323,Emergency Fund,232927.0,122928.0,2026-10-20
596,155,House Down Payment,308855.0,301537.0,2029-06-30
597,54,House Down Payment,983102.0,676242.0,2027-02-08
598,500,Emergency Fund,167491.0,130837.0,2029-01-04
599,437,Emergency Fund,568017.0,106029.0,2029-01-07
600,80,Emergency Fund,445673.0,359164.0,2027-09-07
601,489,Car Purchase,263477.0,242372.0,2026-08-09
602,134,Vacation,140940.0,54306.0,2029-01-05
603,254,Vacation,372599.0,221302.0,2028-04-11
604,272,House Down Payment,616221.0,31919.0,2027-12-18
605,226,Car Purchase,671359.0,310614.0,2027-11-14
606,409,Car Purchase,89198.0,11443.0,2028-07-09
607,278,Vacation,55321.0,25114.0,2027-02-15
608,161,House Down Payment,689525.0,432091.0,2028-11-17
609,44,Vacation,126184.0,47991.0,2028-04-09
610,189,Vacation,583524.0,213578.0,2027-07-21
611,307,Emergency Fund,311836.0,119678.0,2027-06-17
612,167,Vacation,574614.0,233808.0,2026-11-17
613,416,Emergency Fund,949921.0,887394.0,2026-09-28
614,141,Car Purchase,895021.0,598690.0,2027-08-23
615,83,Car Purchase,221903.0,153938.0,2028-08-31
616,10,Car Purchase,180901.0,110201.0,2026-11-28
617,221,House Down Payment,217630.0,55460.0,2026-08-19
618,487,Vacation,704049.0,510547.0,2027-10-04
619,171,Emergency Fund,301066.0,271252.0,2028-11-26
620,323,Vacation,184915.0,14858.0,2027-08-23
621,378,Emergency Fund,722387.0,155228.0,2027-11-04
622,330,Vacation,105512.0,78254.0,2028-04-11
623,103,Vacation,745874.0,695536.0,2027-02-12
624,291,Car Purchase,283175.0,103594.0,2026-09-25
625,348,Emergency Fund,216993.0,212468.0,2027-01-15
626,80,Emergency Fund,159727.0,14367.0,2027-01-25
627,391,Emergency Fund,681686.0,576553.0,2028-04-23
628,474,Emergency Fund,723461.0,185693.0,2027-09-24
629,431,Vacation,791477.0,560932.0,2029-06-04
630,160,House Down Payment,506270.0,232101.0,2029-05-12
631,51,House Down Payment,766561.0,715585.0,2028-01-17
632,295,Emergency Fund,425080.0,417893.0,2029-06-26
633,149,Emergency Fund,923267.0,153113.0,2027-10-30
634,241,House Down Payment,945565.0,677641.0,2026-09-04
635,33,House Down Payment,56096.0,36089.0,2029-07-12
636,186,Vacation,62250.0,33584.0,2029-05-18
637,373,Emergency Fund,244342.0,22344.0,2027-12-09
638,373,Car Purchase,676735.0,609936.0,2027-11-15
639,500,House Down Payment,97369.0,64101.0,2027-03-11
640,205,Emergency Fund,57518.0,38477.0,2028-03-02
641,131,Emergency Fund,163873.0,103168.0,2027-08-16
642,359,Car Purchase,709936.0,529300.0,2028-12-04
643,303,Car Purchase,791444.0,193191.0,2028-08-07
644,250,House Down Payment,614063.0,26864.0,2027-02-06
645,345,Emergency Fund,212582.0,182335.0,2028-08-14
646,295,House Down Payment,126497.0,87638.0,2028-11-16
647,273,Car Purchase,559479.0,310171.0,2027-05-26
648,473,Emergency Fund,220015.0,91494.0,2028-03-07
649,343,Car Purchase,251888.0,182119.0,2029-03-27
650,242,Emergency Fund,234516.0,230396.0,2027-11-10
651,475,Emergency Fund,953422.0,369292.0,2027-02-05
652,359,Vacation,819746.0,265460.0,2029-02-21
653,93,House Down Payment,651199.0,119476.0,2029-03-03
654,335,House Down Payment,325714.0,30622.0,2027-06-25
655,180,Emergency Fund,752022.0,511453.0,2029-06-16
656,393,Emergency Fund,842061.0,35730.0,2028-05-24
657,172,Car Purchase,965872.0,233966.0,2028-08-09
658,435,Vacation,162447.0,151531.0,2027-12-20
659,240,House Down Payment,570695.0,389380.0,2028-09-23
660,70,Emergency Fund,244244.0,196968.0,2029-05-17
661,389,Vacation,433756.0,206950.0,2028-04-02
662,201,Emergency Fund,190624.0,21610.0,2027-09-30
663,385,Car Purchase,635707.0,502267.0,2028-06-01
664,259,House Down Payment,165226.0,158876.0,2028-06-28
665,257,House Down Payment,978940.0,426356.0,2028-05-19
666,263,House Down Payment,677106.0,514677.0,2028-12-15
667,202,Car Purchase,87807.0,48905.0,2028-11-28
668,222,Emergency Fund,415609.0,25640.0,2027-08-01
669,476,Emergency Fund,226759.0,164869.0,2028-11-16
670,60,House Down Payment,595094.0,367641.0,2027-01-16
671,499,Emergency Fund,240062.0,80695.0,2026-11-29
672,174,Vacation,267361.0,243776.0,2027-01-03
673,407,Car Purchase,775881.0,136665.0,2028-02-23
674,80,Vacation,809665.0,778637.0,2026-12-25
675,146,Car Purchase,77463.0,17341.0,2029-02-10
676,486,Vacation,861574.0,337754.0,2028-04-23
677,378,Car Purchase,135155.0,99033.0,2027-02-14
678,222,Vacation,426243.0,254946.0,2027-10-27
679,317,Emergency Fund,114146.0,28441.0,2027-01-03
680,122,Vacation,77782.0,36029.0,2029-07-12
681,297,Emergency Fund,92072.0,10518.0,2026-07-28
682,433,Vacation,67328.0,53438.0,2028-10-13
683,484,Vacation,270553.0,53400.0,2029-02-14
684,311,Car Purchase,485396.0,209069.0,2026-09-18
685,410,Emergency Fund,773701.0,84925.0,2028-07-05
686,373,House Down Payment,56801.0,43072.0,2028-08-06
687,489,Emergency Fund,635714.0,195885.0,2027-09-20
688,329,Emergency Fund,771393.0,342354.0,2027-05-29
689,81,House Down Payment,805898.0,137756.0,2027-07-25
690,276,Vacation,515077.0,248562.0,2029-01-21
691,176,Vacation,877942.0,220960.0,2028-01-04
692,315,Car Purchase,62310.0,47061.0,2027-09-09
693,347,Emergency Fund,583219.0,12339.0,2028-11-01
694,248,Emergency Fund,633407.0,441308.0,2028-05-16
695,245,Car Purchase,966750.0,191442.0,2027-02-02
696,435,House Down Payment,879086.0,535082.0,2028-08-24
697,67,House Down Payment,647785.0,573924.0,2029-06-22
698,495,House Down Payment,811576.0,409138.0,2027-06-30
699,80,Vacation,771626.0,440433.0,2026-11-07
700,211,Vacation,129074.0,119763.0,2027-02-15
701,15,Car Purchase,792328.0,652668.0,2027-09-29
702,481,Vacation,879453.0,376636.0,2029-05-15
703,7,House Down Payment,676341.0,429493.0,2027-09-16
704,487,Vacation,175472.0,47989.0,2026-10-03
705,296,Vacation,252810.0,68680.0,2029-04-11
706,442,Car Purchase,578379.0,459215.0,2029-03-15
707,174,Emergency Fund,201082.0,103649.0,2027-02-04
708,452,Car Purchase,463513.0,203317.0,2026-12-13
709,400,Emergency Fund,788350.0,704652.0,2028-02-18
710,146,Car Purchase,150582.0,79859.0,2027-04-10
711,76,Emergency Fund,748470.0,742622.0,2028-01-02
712,439,Emergency Fund,929397.0,686856.0,2028-01-27
713,52,Car Purchase,119951.0,39504.0,2026-08-31
714,474,Emergency Fund,434759.0,205806.0,2027-06-04
715,206,House Down Payment,578739.0,516867.0,2028-11-08
716,219,Car Purchase,946982.0,548731.0,2027-12-09
717,333,Emergency Fund,862932.0,455727.0,2027-03-03
718,478,House Down Payment,894310.0,714912.0,2028-02-25
719,160,Car Purchase,453969.0,291243.0,2028-05-20
720,178,House Down Payment,169631.0,57959.0,2029-01-15
721,266,Emergency Fund,467317.0,344673.0,2028-11-05
722,489,Car Purchase,499187.0,211142.0,2029-05-07
723,285,Vacation,415983.0,365742.0,2029-04-27
724,280,Vacation,961223.0,404201.0,2026-09-04
725,185,House Down Payment,612214.0,605877.0,2027-12-16
726,341,Emergency Fund,645836.0,464767.0,2026-10-17
727,19,Car Purchase,827795.0,268712.0,2027-12-01
728,133,Car Purchase,564026.0,470559.0,2027-06-07
729,135,Vacation,64440.0,37349.0,2028-12-05
730,263,Car Purchase,734473.0,232312.0,2027-06-25
731,93,Emergency Fund,454042.0,67636.0,2028-12-05
732,146,House Down Payment,52870.0,29121.0,2027-08-24
733,38,Emergency Fund,391218.0,349090.0,2028-01-15
734,408,Vacation,617901.0,74171.0,2029-04-18
735,353,Emergency Fund,208279.0,157571.0,2027-02-25
736,356,Emergency Fund,362862.0,19591.0,2028-12-02
737,230,House Down Payment,403099.0,306307.0,2029-04-12
738,286,Vacation,570466.0,66505.0,2028-02-24
739,438,House Down Payment,365610.0,196178.0,2027-11-02
740,398,Emergency Fund,657044.0,321833.0,2027-02-22
741,106,House Down Payment,888427.0,584303.0,2028-09-30
742,473,Car Purchase,530367.0,280052.0,2028-08-26
743,440,Emergency Fund,145667.0,93679.0,2029-04-21
744,259,Vacation,888927.0,268567.0,2026-11-10
745,214,Car Purchase,272483.0,267204.0,2028-11-28
746,37,House Down Payment,412188.0,70271.0,2027-06-12
747,97,Vacation,514862.0,378996.0,2027-06-04
748,452,Emergency Fund,704517.0,494078.0,2026-09-26
749,404,Vacation,473577.0,202878.0,2027-09-04
750,341,Vacation,427827.0,325169.0,2026-12-27
751,200,Car Purchase,263107.0,243233.0,2027-11-06
752,363,Vacation,445906.0,107429.0,2029-05-18
753,317,House Down Payment,484078.0,138251.0,2029-05-25
754,409,House Down Payment,466928.0,229967.0,2027-02-10
755,118,Car Purchase,109935.0,48585.0,2027-06-18
756,144,Car Purchase,118546.0,48323.0,2027-05-18
757,83,Emergency Fund,376299.0,88972.0,2027-08-27
758,278,Emergency Fund,940873.0,448202.0,2028-11-11
759,430,Vacation,143671.0,59900.0,2028-01-05
760,198,Car Purchase,476863.0,330240.0,2027-05-14
761,53,Emergency Fund,172205.0,149539.0,2026-08-30
762,55,Emergency Fund,252829.0,226582.0,2028-03-08
763,228,House Down Payment,855906.0,618759.0,2026-08-16
764,32,House Down Payment,880146.0,562774.0,2027-05-22
765,231,Vacation,729219.0,323907.0,2028-11-16
766,25,Emergency Fund,848514.0,350113.0,2027-02-19
767,44,House Down Payment,576990.0,153167.0,2026-12-10
768,95,House Down Payment,240720.0,25880.0,2029-05-26
769,328,Vacation,154619.0,142016.0,2029-02-10
770,122,Vacation,325091.0,167957.0,2027-03-11
771,334,House Down Payment,969687.0,404882.0,2027-11-25
772,283,Vacation,663985.0,645104.0,2026-10-23
773,455,House Down Payment,417863.0,386577.0,2026-12-23
774,381,Car Purchase,546919.0,256676.0,2027-09-13
775,86,Car Purchase,236101.0,161787.0,2027-01-26
776,165,House Down Payment,324281.0,315079.0,2028-08-01
777,245,Car Purchase,415451.0,396657.0,2028-02-27
778,71,Vacation,296915.0,173866.0,2026-07-19
779,22,Emergency Fund,719092.0,88541.0,2028-04-08
780,384,Car Purchase,633423.0,436871.0,2027-06-01
781,12,Emergency Fund,334439.0,300705.0,2026-10-08
782,40,Emergency Fund,176006.0,88730.0,2027-09-03
783,251,Vacation,591912.0,524616.0,2029-07-09
784,304,House Down Payment,435693.0,59527.0,2027-01-19
785,148,Vacation,766246.0,750621.0,2029-05-23
786,267,Car Purchase,426290.0,230418.0,2026-08-14
787,3,House Down Payment,828787.0,210392.0,2027-03-21
788,338,Car Purchase,145302.0,103512.0,2026-10-06
789,65,House Down Payment,411080.0,258438.0,2029-03-27
790,347,Vacation,831771.0,118360.0,2029-06-24
791,147,Vacation,878488.0,408967.0,2029-06-01
792,354,House Down Payment,909737.0,742551.0,2026-11-14
793,384,House Down Payment,70342.0,40904.0,2029-07-03
794,335,Car Purchase,261766.0,153253.0,2028-11-22
795,253,Vacation,715612.0,342053.0,2027-10-21
796,441,Emergency Fund,167764.0,113738.0,2027-07-15
797,380,House Down Payment,529246.0,494669.0,2028-09-16
798,384,House Down Payment,593682.0,174503.0,2026-07-18
799,202,Car Purchase,954453.0,541886.0,2026-07-19
800,260,House Down Payment,773438.0,183881.0,2026-09-16
801,455,Vacation,79739.0,26573.0,2029-02-25
802,338,House Down Payment,150396.0,119395.0,2028-07-04
803,123,Emergency Fund,703887.0,266742.0,2028-07-24
804,288,Vacation,365158.0,344097.0,2027-11-30
805,63,Emergency Fund,450264.0,223141.0,2027-08-30
806,349,Emergency Fund,824699.0,374926.0,2028-08-24
807,247,Vacation,609091.0,378810.0,2028-05-06
808,23,Emergency Fund,225250.0,62807.0,2026-11-05
809,281,Emergency Fund,440337.0,408431.0,2029-02-27
810,149,Emergency Fund,943018.0,521790.0,2029-04-19
811,367,Emergency Fund,437022.0,405888.0,2027-04-29
812,13,Car Purchase,653225.0,439898.0,2028-03-30
813,359,Emergency Fund,718210.0,662754.0,2027-01-02
814,56,Emergency Fund,919515.0,586984.0,2029-04-16
815,307,Emergency Fund,716214.0,626520.0,2029-03-17
816,290,Emergency Fund,742931.0,233887.0,2027-11-11
817,77,Car Purchase,445210.0,302154.0,2026-12-23
818,193,Vacation,410440.0,86320.0,2028-10-05
819,31,House Down Payment,224608.0,108741.0,2028-02-20
820,243,Car Purchase,468399.0,33443.0,2026-10-11
821,417,House Down Payment,491328.0,53605.0,2029-04-16
822,386,Vacation,356586.0,132247.0,2028-03-01
823,125,Car Purchase,314757.0,183337.0,2027-12-04
824,70,Vacation,364102.0,20281.0,2028-10-06
825,167,Car Purchase,431203.0,144945.0,2026-09-22
826,80,Car Purchase,498606.0,495532.0,2029-02-04
827,218,Car Purchase,473142.0,321162.0,2029-05-30
828,290,House Down Payment,677814.0,10433.0,2028-09-13
829,148,Car Purchase,515151.0,339844.0,2027-03-03
830,100,Vacation,859497.0,683573.0,2027-11-21
831,29,Vacation,640386.0,80989.0,2027-04-14
832,144,Car Purchase,447188.0,25792.0,2026-12-20
833,382,Vacation,240149.0,48758.0,2029-01-20
834,130,Car Purchase,893742.0,590098.0,2029-05-24
835,144,Car Purchase,566353.0,227561.0,2028-11-29
836,376,House Down Payment,459656.0,277449.0,2029-04-23
837,150,Car Purchase,840234.0,204613.0,2028-10-12
838,432,Vacation,659779.0,646090.0,2028-07-21
839,233,Emergency Fund,765759.0,44119.0,2029-05-07
840,417,Car Purchase,657588.0,481191.0,2029-03-19
841,174,Vacation,434241.0,144769.0,2028-04-03
842,102,Vacation,113272.0,92433.0,2026-09-05
843,388,Emergency Fund,619027.0,564682.0,2028-10-22
844,196,Car Purchase,839130.0,58373.0,2027-09-11
845,125,House Down Payment,404618.0,239969.0,2027-06-12
846,9,Car Purchase,584196.0,400505.0,2028-11-03
847,254,Vacation,350177.0,34396.0,2029-02-19
848,314,Car Purchase,146828.0,128924.0,2029-06-20
849,396,House Down Payment,435299.0,352462.0,2026-10-08
850,79,Vacation,449591.0,407306.0,2027-08-30
851,181,Car Purchase,556808.0,184486.0,2027-08-13
852,322,Vacation,84319.0,71786.0,2026-08-10
853,318,Vacation,819877.0,150009.0,2028-11-09
854,191,Car Purchase,479324.0,174408.0,2026-07-29
855,341,Emergency Fund,266418.0,104751.0,2027-02-14
856,480,Vacation,860477.0,434608.0,2028-02-12
857,115,Vacation,568851.0,118713.0,2027-08-02
858,100,Emergency Fund,75056.0,39962.0,2029-07-08
859,194,Emergency Fund,401824.0,72521.0,2028-01-17
860,481,House Down Payment,124757.0,82960.0,2029-01-05
861,304,Emergency Fund,983364.0,125510.0,2028-05-11
862,358,Emergency Fund,402381.0,101774.0,2026-07-31
863,58,House Down Payment,570159.0,198239.0,2028-08-17
864,184,Vacation,909851.0,342146.0,2027-06-11
865,355,Emergency Fund,459394.0,316661.0,2027-03-31
866,248,Vacation,565792.0,394842.0,2028-07-31
867,112,Vacation,177997.0,35061.0,2027-10-03
868,83,House Down Payment,505492.0,141841.0,2029-07-10
869,464,Emergency Fund,519912.0,226330.0,2027-09-16
870,108,Vacation,315877.0,66370.0,2028-05-13
871,76,House Down Payment,128927.0,80337.0,2027-09-22
872,108,Vacation,365476.0,73549.0,2028-06-30
873,299,Emergency Fund,327322.0,68084.0,2027-06-08
874,405,Car Purchase,336087.0,141696.0,2026-10-07
875,238,Emergency Fund,98925.0,18481.0,2028-11-17
876,248,Emergency Fund,855410.0,275534.0,2028-08-30
877,419,Vacation,703746.0,676521.0,2028-05-15
878,294,Vacation,536674.0,390058.0,2027-01-14
879,397,Vacation,421910.0,57852.0,2027-02-10
880,7,House Down Payment,433374.0,416198.0,2028-09-22
881,264,Vacation,598555.0,439031.0,2029-01-30
882,486,Car Purchase,138514.0,41725.0,2029-05-08
883,190,Vacation,296701.0,57971.0,2027-07-24
884,422,Emergency Fund,733335.0,539478.0,2026-11-25
885,500,Emergency Fund,407619.0,239539.0,2028-11-26
886,204,Car Purchase,209816.0,131579.0,2028-12-21
887,458,House Down Payment,620817.0,194142.0,2029-02-20
888,268,Car Purchase,411930.0,222609.0,2027-02-13
889,116,Vacation,547973.0,217062.0,2028-07-15
890,460,Emergency Fund,920249.0,350445.0,2028-06-22
891,422,House Down Payment,469391.0,173336.0,2026-12-08
892,267,Vacation,865705.0,709810.0,2028-07-21
893,242,Emergency Fund,860796.0,701542.0,2026-08-02
894,71,House Down Payment,829094.0,728162.0,2027-03-24
895,334,House Down Payment,527191.0,282618.0,2027-12-07
896,182,Car Purchase,894259.0,569573.0,2028-04-24
897,279,Car Purchase,818881.0,773610.0,2027-01-11
898,315,Emergency Fund,69621.0,47109.0,2026-10-01
899,405,Car Purchase,730872.0,345833.0,2026-07-20
900,452,Emergency Fund,604329.0,264131.0,2028-02-28
901,214,Vacation,965955.0,251725.0,2028-06-29
902,357,Car Purchase,302647.0,150318.0,2027-02-05
903,411,Emergency Fund,682378.0,84282.0,2027-04-25
904,429,House Down Payment,268180.0,35490.0,2027-08-25
905,39,Vacation,543016.0,105795.0,2028-12-26
906,69,Car Purchase,810792.0,237865.0,2027-06-28
907,353,House Down Payment,504113.0,410252.0,2028-05-12
908,417,Vacation,765879.0,617033.0,2026-08-20
909,413,Emergency Fund,708529.0,550548.0,2028-08-08
910,131,Emergency Fund,909577.0,904395.0,2026-12-11
911,42,Car Purchase,756246.0,471930.0,2027-02-02
912,74,House Down Payment,194862.0,42016.0,2028-12-17
913,57,Emergency Fund,941942.0,647523.0,2027-05-09
914,99,Emergency Fund,266370.0,140890.0,2028-03-09
915,19,Car Purchase,874123.0,841213.0,2029-02-02
916,111,Vacation,901956.0,443675.0,2027-08-21
917,248,Vacation,340874.0,261168.0,2027-11-30
918,338,Emergency Fund,273515.0,60386.0,2028-10-13
919,220,House Down Payment,683490.0,541487.0,2028-08-20
920,147,House Down Payment,257934.0,59439.0,2028-07-01
921,146,House Down Payment,359416.0,231934.0,2027-09-05
922,161,Emergency Fund,295288.0,164517.0,2028-03-23
923,164,Emergency Fund,468366.0,145831.0,2029-06-01
924,427,Vacation,805328.0,212303.0,2026-09-29
925,161,Car Purchase,902419.0,367105.0,2029-06-19
926,28,House Down Payment,785558.0,104306.0,2028-09-05
927,171,Car Purchase,435185.0,232599.0,2029-05-02
928,333,Vacation,111198.0,39973.0,2027-11-21
929,253,Car Purchase,321100.0,69450.0,2028-05-22
930,135,House Down Payment,70172.0,70052.0,2028-06-12
931,28,Emergency Fund,892648.0,494981.0,2027-01-10
932,367,Vacation,791242.0,304172.0,2029-02-02
933,406,Car Purchase,930269.0,339696.0,2027-11-08
934,221,Vacation,715080.0,303280.0,2028-04-25
935,339,House Down Payment,247541.0,111778.0,2029-04-07
936,72,Vacation,82188.0,17798.0,2026-08-22
937,448,Car Purchase,661850.0,56138.0,2028-12-07
938,422,Emergency Fund,487845.0,462578.0,2026-12-25
939,388,House Down Payment,441241.0,293782.0,2027-03-15
940,298,Emergency Fund,438718.0,308572.0,2028-12-16
941,332,Vacation,198687.0,25148.0,2027-02-11
942,482,House Down Payment,75518.0,48287.0,2029-03-20
943,255,House Down Payment,332492.0,241019.0,2027-09-27
944,274,Emergency Fund,366450.0,289088.0,2026-09-03
945,310,House Down Payment,415014.0,296787.0,2027-03-04
946,290,Car Purchase,700810.0,354105.0,2027-12-31
947,294,Emergency Fund,151066.0,122406.0,2028-12-07
948,450,Car Purchase,889583.0,713254.0,2027-08-31
949,39,Vacation,273770.0,25017.0,2028-10-15
950,492,Vacation,706295.0,518429.0,2027-12-04
951,191,House Down Payment,502790.0,125063.0,2028-12-16
952,75,Emergency Fund,436483.0,66206.0,2027-05-21
953,310,House Down Payment,794492.0,197837.0,2026-09-21
954,226,House Down Payment,205022.0,108332.0,2028-02-05
955,340,House Down Payment,387672.0,325438.0,2026-11-07
956,160,Car Purchase,645229.0,172785.0,2027-07-30
957,214,Car Purchase,88602.0,19956.0,2026-11-07
958,372,Car Purchase,423102.0,316793.0,2026-12-02
959,478,Car Purchase,764342.0,586927.0,2028-11-28
960,84,House Down Payment,468038.0,447227.0,2027-12-10
961,232,House Down Payment,416554.0,34903.0,2028-07-15
962,310,Vacation,722407.0,667306.0,2027-06-08
963,452,House Down Payment,86095.0,67807.0,2029-02-02
964,161,Car Purchase,660436.0,474281.0,2026-08-12
965,102,Vacation,254825.0,235124.0,2028-08-04
966,232,House Down Payment,735486.0,222943.0,2027-03-24
967,44,Vacation,391295.0,285980.0,2029-02-19
968,25,Emergency Fund,210061.0,88516.0,2028-03-30
969,399,Vacation,146776.0,60445.0,2027-09-08
970,336,Emergency Fund,632143.0,156176.0,2027-03-04
971,104,Emergency Fund,828077.0,666652.0,2026-12-06
972,62,Vacation,952283.0,756295.0,2028-10-11
973,440,Vacation,688890.0,289601.0,2029-04-13
974,341,Vacation,795365.0,672460.0,2027-02-21
975,253,Emergency Fund,880445.0,698793.0,2028-06-26
976,26,Emergency Fund,901997.0,203930.0,2027-07-21
977,229,House Down Payment,884360.0,586647.0,2028-07-15
978,231,Car Purchase,422424.0,314005.0,2028-07-04
979,74,Vacation,914998.0,815696.0,2029-02-17
980,314,Vacation,396124.0,311997.0,2027-05-16
981,166,Car Purchase,951473.0,268079.0,2028-12-23
982,152,Emergency Fund,103561.0,15745.0,2029-01-03
983,259,Vacation,893683.0,415694.0,2027-05-09
984,320,House Down Payment,462167.0,393826.0,2028-04-06
985,189,Emergency Fund,407852.0,187742.0,2029-04-14
986,209,Emergency Fund,957523.0,704934.0,2028-07-19
987,440,Vacation,647951.0,638382.0,2027-10-27
988,181,Vacation,814006.0,640495.0,2027-03-12
989,130,Car Purchase,677961.0,660072.0,2028-01-20
990,481,House Down Payment,393723.0,249390.0,2027-11-13
991,106,Vacation,409329.0,297165.0,2027-01-06
992,472,Car Purchase,746266.0,148016.0,2029-06-08
993,497,House Down Payment,114297.0,100839.0,2027-04-11
994,444,Car Purchase,180997.0,114010.0,2028-04-21
995,288,House Down Payment,472859.0,73067.0,2028-09-13
996,314,Car Purchase,646525.0,62308.0,2029-03-12
997,446,Emergency Fund,317369.0,243342.0,2028-10-12
998,157,Vacation,953277.0,435118.0,2027-04-03
999,497,Emergency Fund,480104.0,225951.0,2028-07-16
1000,359,Car Purchase,232854.0,212726.0,2028-01-01
1001,497,Car Purchase,282918.0,169382.0,2027-12-25
1002,129,Vacation,580583.0,265386.0,2028-11-05
1003,424,Emergency Fund,889778.0,760497.0,2029-07-14
1004,307,Car Purchase,457514.0,47010.0,2027-08-31
1005,302,Vacation,249127.0,53925.0,2027-07-02
1006,330,Vacation,857527.0,631111.0,2027-05-05
1007,7,Emergency Fund,522918.0,16338.0,2027-03-28
1008,340,Vacation,346411.0,247007.0,2029-03-07
1009,22,Car Purchase,109373.0,82691.0,2028-10-02
1010,61,House Down Payment,466580.0,66080.0,2028-11-30
1011,466,Emergency Fund,846562.0,625015.0,2027-09-29
1012,223,Emergency Fund,556382.0,528356.0,2028-01-01
1013,499,House Down Payment,327363.0,116156.0,2027-07-30
1014,454,House Down Payment,691869.0,434345.0,2027-04-14
1015,60,Emergency Fund,824527.0,549032.0,2028-06-03
1016,461,Vacation,160765.0,62463.0,2029-03-01
1017,210,Emergency Fund,586067.0,542136.0,2028-03-13
1018,176,Emergency Fund,115702.0,47307.0,2028-04-21
1019,153,House Down Payment,812054.0,403746.0,2028-04-06
1020,72,House Down Payment,715730.0,274517.0,2029-06-04
1021,147,Emergency Fund,503136.0,477426.0,2027-10-02
1022,158,Emergency Fund,346112.0,286950.0,2027-01-05
1023,244,Emergency Fund,445795.0,25970.0,2026-12-17
1024,51,Vacation,250383.0,85007.0,2026-07-28
1025,69,House Down Payment,624443.0,215233.0,2029-04-07
1026,171,Vacation,761141.0,575527.0,2027-04-02
1027,314,Car Purchase,279063.0,252406.0,2027-01-13
1028,265,Vacation,704549.0,91794.0,2028-11-07
1029,167,House Down Payment,135343.0,32697.0,2027-12-08
1030,46,Vacation,807208.0,535121.0,2029-05-21
1031,317,House Down Payment,412698.0,383522.0,2029-03-03
1032,300,Car Purchase,497858.0,92305.0,2027-09-30
1033,171,House Down Payment,195321.0,111109.0,2029-05-07
1034,64,House Down Payment,261954.0,181910.0,2027-08-05
1035,383,Vacation,592130.0,509261.0,2028-11-23
1036,197,Car Purchase,194623.0,45959.0,2027-08-18
1037,382,House Down Payment,412234.0,67279.0,2027-04-25
1038,304,House Down Payment,986224.0,456772.0,2028-12-12
1039,234,Emergency Fund,747578.0,118961.0,2027-02-25
1040,166,Car Purchase,886248.0,669176.0,2027-09-12
1041,81,Car Purchase,182597.0,72591.0,2028-06-06
1042,146,Car Purchase,616115.0,360688.0,2026-07-19
1043,167,House Down Payment,555202.0,207375.0,2028-10-09
1044,284,House Down Payment,305084.0,67747.0,2028-04-19
1045,154,House Down Payment,99417.0,84379.0,2027-08-07
1046,153,Emergency Fund,333373.0,201255.0,2028-03-06
1047,147,Car Purchase,613987.0,361579.0,2029-01-23
1048,175,Vacation,916445.0,126375.0,2027-03-13
1049,142,Car Purchase,698619.0,376540.0,2029-01-30
1050,444,Emergency Fund,557020.0,535180.0,2026-12-27
1051,309,Vacation,416229.0,336740.0,2028-12-05
1052,145,Emergency Fund,365803.0,52536.0,2027-11-15
1053,405,Car Purchase,675198.0,604874.0,2026-08-21
1054,164,Vacation,857705.0,701549.0,2028-10-27
1055,189,House Down Payment,940551.0,338239.0,2026-09-18
1056,241,House Down Payment,930869.0,652915.0,2028-06-14
1057,54,Emergency Fund,592687.0,408800.0,2026-12-24
1058,289,Emergency Fund,458478.0,33649.0,2029-06-26
1059,452,Car Purchase,313318.0,15485.0,2028-02-20
1060,361,Car Purchase,141417.0,96066.0,2028-12-24
1061,61,Car Purchase,552389.0,394031.0,2028-02-28
1062,84,Emergency Fund,322947.0,299806.0,2027-08-14
1063,280,Car Purchase,525439.0,137948.0,2029-04-09
1064,197,House Down Payment,635356.0,138589.0,2027-04-09
1065,376,Vacation,761188.0,360513.0,2028-09-13
1066,141,House Down Payment,778399.0,477493.0,2028-01-30
1067,315,Car Purchase,892463.0,464793.0,2027-10-10
1068,313,Vacation,455660.0,241802.0,2029-02-13
1069,221,House Down Payment,452019.0,404330.0,2029-06-01
1070,368,Vacation,194281.0,53257.0,2026-07-24
1071,387,Car Purchase,356204.0,112148.0,2027-01-18
1072,140,Vacation,400134.0,234286.0,2026-10-31
1073,116,Car Purchase,185698.0,54636.0,2028-09-14
1074,408,Emergency Fund,404896.0,105016.0,2026-10-30
1075,381,House Down Payment,881962.0,563965.0,2028-09-18
1076,327,Car Purchase,650629.0,69426.0,2029-01-11
1077,408,Car Purchase,707045.0,205654.0,2026-08-30
1078,182,Emergency Fund,592062.0,362887.0,2028-07-04
1079,234,House Down Payment,901887.0,701420.0,2027-02-03
1080,16,Emergency Fund,100460.0,55125.0,2027-01-12
1081,345,Emergency Fund,955527.0,300641.0,2028-05-20
1082,345,Car Purchase,726428.0,303201.0,2028-08-05
1083,27,Car Purchase,323184.0,191096.0,2027-07-07
1084,437,Car Purchase,230111.0,146440.0,2026-08-27
1085,386,House Down Payment,72623.0,29194.0,2026-09-28
1086,456,Vacation,944098.0,476532.0,2029-03-28
1087,156,Car Purchase,985583.0,409430.0,2027-10-30
1088,68,Car Purchase,763366.0,113267.0,2029-03-25
1089,306,Emergency Fund,889446.0,570862.0,2027-05-16
1090,252,House Down Payment,838869.0,181180.0,2027-03-18
1091,332,Emergency Fund,923692.0,266916.0,2028-03-02
1092,173,House Down Payment,870294.0,60402.0,2028-04-19
1093,87,House Down Payment,243032.0,206280.0,2027-07-05
1094,209,Car Purchase,689909.0,244028.0,2028-09-05
1095,58,Vacation,634561.0,277669.0,2028-09-05
1096,191,House Down Payment,904968.0,757274.0,2028-05-05
1097,306,House Down Payment,965091.0,806398.0,2028-07-06
1098,384,Emergency Fund,813096.0,61893.0,2027-02-08
1099,331,Emergency Fund,678982.0,137689.0,2029-03-19
1100,208,Emergency Fund,609639.0,601376.0,2029-03-12
1101,91,Emergency Fund,727075.0,107458.0,2028-11-21
1102,170,House Down Payment,451894.0,28267.0,2028-02-17
1103,8,Emergency Fund,306703.0,240883.0,2026-09-16
1104,271,Vacation,66646.0,58006.0,2027-12-22
1105,277,Vacation,260721.0,232486.0,2027-01-17
1106,230,Car Purchase,479434.0,75799.0,2029-01-01
1107,79,Emergency Fund,683789.0,211416.0,2028-03-05
1108,444,Car Purchase,54696.0,45190.0,2029-05-30
1109,221,House Down Payment,856363.0,410846.0,2028-08-28
1110,59,Car Purchase,547837.0,85759.0,2026-09-10
1111,485,House Down Payment,943115.0,461408.0,2029-04-10
1112,357,House Down Payment,773260.0,658129.0,2028-02-03
1113,120,Vacation,349150.0,52829.0,2028-11-27
1114,286,House Down Payment,912089.0,689756.0,2028-10-12
1115,465,House Down Payment,914484.0,503066.0,2027-09-15
1116,217,House Down Payment,592887.0,47939.0,2029-01-16
1117,356,Vacation,144246.0,86719.0,2027-02-05
1118,495,Vacation,235918.0,38488.0,2027-03-11
1119,48,Car Purchase,333166.0,117410.0,2029-01-18
1120,171,Emergency Fund,235004.0,168904.0,2028-03-29
1121,329,Emergency Fund,288906.0,232013.0,2028-05-13
1122,69,Vacation,899994.0,143398.0,2026-12-24
1123,386,House Down Payment,420690.0,394368.0,2026-09-11
1124,268,Vacation,400719.0,393715.0,2029-06-05
1125,169,House Down Payment,686453.0,98611.0,2028-04-09
1126,131,House Down Payment,348547.0,275055.0,2027-07-31
1127,73,House Down Payment,61315.0,51375.0,2029-01-13
1128,395,Emergency Fund,639073.0,212071.0,2029-01-19
1129,80,House Down Payment,258569.0,123837.0,2027-05-24
1130,299,Car Purchase,816569.0,416015.0,2027-08-06
1131,19,Car Purchase,352111.0,75497.0,2028-02-04
1132,1,House Down Payment,204036.0,189971.0,2026-09-13
1133,81,House Down Payment,574521.0,212671.0,2028-02-02
1134,498,House Down Payment,395494.0,77212.0,2028-11-08
1135,360,Emergency Fund,575328.0,138259.0,2029-04-28
1136,49,House Down Payment,290526.0,117104.0,2027-02-07
1137,467,Emergency Fund,60300.0,23044.0,2027-07-22
1138,150,Car Purchase,978386.0,212914.0,2028-05-02
1139,67,Emergency Fund,902447.0,901568.0,2026-08-01
1140,62,Car Purchase,807711.0,58185.0,2028-03-23
1141,185,Emergency Fund,532475.0,99740.0,2027-01-18
1142,444,Vacation,851738.0,553914.0,2027-08-07
1143,107,Vacation,663741.0,657368.0,2027-08-05
1144,364,Car Purchase,312405.0,301152.0,2028-12-17
1145,321,Car Purchase,133490.0,54860.0,2027-09-09
1146,47,House Down Payment,335271.0,139999.0,2028-02-27
1147,321,Vacation,144698.0,17141.0,2029-02-08
1148,435,House Down Payment,985280.0,827418.0,2028-02-29
1149,5,Car Purchase,764980.0,190678.0,2028-09-01
1150,300,Emergency Fund,92609.0,92361.0,2028-09-07
1151,119,Car Purchase,714333.0,113110.0,2029-03-16
1152,497,House Down Payment,956035.0,88001.0,2029-05-28
1153,293,Car Purchase,798363.0,747815.0,2028-12-08
1154,238,House Down Payment,660118.0,52841.0,2028-06-17
1155,59,Car Purchase,515472.0,157296.0,2027-12-05
1156,163,House Down Payment,329033.0,35689.0,2028-03-07
1157,54,Vacation,814361.0,157570.0,2028-03-22
1158,500,House Down Payment,598830.0,563405.0,2028-09-02
1159,384,Emergency Fund,964051.0,781159.0,2029-02-06
1160,270,House Down Payment,807154.0,659608.0,2028-04-27
1161,155,Vacation,231389.0,229851.0,2028-11-18
1162,357,Car Purchase,505188.0,424005.0,2028-04-24
1163,104,Car Purchase,586228.0,341153.0,2029-05-28
1164,71,House Down Payment,860068.0,95437.0,2028-09-13
1165,403,Emergency Fund,544541.0,196810.0,2029-01-22
1166,278,Emergency Fund,448260.0,400213.0,2026-12-13
1167,110,House Down Payment,260225.0,252028.0,2027-04-07
1168,421,Emergency Fund,872143.0,550882.0,2029-01-26
1169,190,Car Purchase,157867.0,142513.0,2027-07-24
1170,247,Vacation,242702.0,129306.0,2028-04-20
1171,78,House Down Payment,237507.0,64397.0,2027-05-10
1172,229,House Down Payment,78173.0,76670.0,2028-02-29
1173,205,Vacation,565898.0,367352.0,2028-08-18
1174,191,House Down Payment,848652.0,637283.0,2028-08-18
1175,281,Vacation,139630.0,95469.0,2026-09-01
1176,130,Emergency Fund,939575.0,759942.0,2027-09-10
1177,300,Emergency Fund,75846.0,16056.0,2027-04-16
1178,338,Vacation,829080.0,648544.0,2028-01-29
1179,101,House Down Payment,734072.0,716941.0,2026-11-25
1180,131,House Down Payment,90306.0,62347.0,2026-09-28
1181,253,Car Purchase,957903.0,33071.0,2028-09-29
1182,234,House Down Payment,810264.0,432774.0,2028-01-07
1183,451,Emergency Fund,167473.0,140803.0,2029-07-06
1184,27,Vacation,116232.0,53074.0,2026-11-12
1185,10,Emergency Fund,783813.0,433882.0,2028-05-14
1186,270,Emergency Fund,751863.0,684242.0,2028-04-09
1187,199,Vacation,984319.0,544631.0,2026-09-09
1188,80,Emergency Fund,625057.0,109468.0,2029-04-12
1189,494,Vacation,142434.0,78052.0,2027-10-07
1190,456,Vacation,906858.0,595156.0,2028-07-04
1191,465,Emergency Fund,278333.0,123905.0,2028-09-14
1192,465,Vacation,432214.0,148596.0,2028-10-17
1193,350,Car Purchase,85305.0,43568.0,2027-08-02
1194,266,House Down Payment,867393.0,24232.0,2029-02-12
1195,46,Car Purchase,376413.0,129480.0,2027-06-21
1196,341,House Down Payment,239126.0,102686.0,2027-10-30
1197,21,House Down Payment,183360.0,100127.0,2027-03-10
1198,461,House Down Payment,536925.0,16460.0,2027-01-21
1199,153,Vacation,272968.0,264855.0,2029-06-08
1200,368,Car Purchase,987292.0,210488.0,2029-04-21
1201,77,Car Purchase,812083.0,243424.0,2029-05-28
1202,309,Vacation,200959.0,103499.0,2028-06-02
1203,375,Emergency Fund,850352.0,269815.0,2027-05-15
1204,371,House Down Payment,771529.0,175038.0,2026-10-10
1205,394,Car Purchase,165354.0,126008.0,2027-02-15
1206,267,Vacation,932192.0,922567.0,2027-07-25
1207,84,Car Purchase,944988.0,254097.0,2029-02-16
1208,34,Vacation,797542.0,202265.0,2026-09-27
1209,11,Car Purchase,254290.0,128754.0,2027-05-26
1210,329,Emergency Fund,582768.0,113030.0,2026-11-26
1211,433,Car Purchase,928260.0,912400.0,2027-07-22
1212,120,Vacation,806109.0,782835.0,2028-06-01
1213,274,Vacation,821884.0,753617.0,2029-01-29
1214,197,Car Purchase,523044.0,219937.0,2027-01-12
1215,179,House Down Payment,870916.0,723012.0,2026-08-24
1216,75,Emergency Fund,846384.0,287681.0,2028-09-16
1217,292,House Down Payment,741536.0,553549.0,2027-03-14
1218,28,Car Purchase,129018.0,41775.0,2028-12-26
1219,99,Emergency Fund,662256.0,33155.0,2027-10-19
1220,42,Car Purchase,544481.0,329470.0,2029-04-29
1221,225,Vacation,910673.0,147196.0,2028-02-07
1222,197,Vacation,99519.0,22098.0,2026-10-25
1223,21,Emergency Fund,807942.0,720388.0,2029-04-23
1224,284,Emergency Fund,733412.0,340457.0,2028-09-01
1225,259,Vacation,554171.0,273459.0,2028-01-03
1226,52,House Down Payment,655297.0,356405.0,2027-09-28
1227,257,Emergency Fund,92588.0,71585.0,2027-07-12
1228,317,Emergency Fund,802935.0,105176.0,2026-09-19
1229,310,Vacation,557930.0,263597.0,2027-10-27
1230,459,Emergency Fund,269857.0,114325.0,2027-11-06
1231,220,House Down Payment,587563.0,417937.0,2028-07-10
1232,160,Emergency Fund,256792.0,175639.0,2027-10-27
1233,7,Emergency Fund,608301.0,156861.0,2028-10-26
1234,86,Car Purchase,756524.0,362570.0,2027-02-22
1235,245,House Down Payment,265071.0,11109.0,2027-05-20
1236,431,Car Purchase,215396.0,77218.0,2028-07-12
1237,200,Car Purchase,851057.0,600040.0,2027-03-26
1238,382,Emergency Fund,739069.0,51527.0,2029-01-12
1239,493,House Down Payment,942790.0,486707.0,2027-11-23
1240,347,Car Purchase,259519.0,155822.0,2028-01-28
1241,498,Car Purchase,137532.0,72523.0,2028-12-30
1242,211,Vacation,637952.0,323680.0,2028-08-30
1243,228,Vacation,795948.0,172759.0,2028-01-24
1244,358,Vacation,994656.0,485272.0,2027-06-28
1245,82,House Down Payment,659836.0,513495.0,2029-04-29
1246,388,House Down Payment,528286.0,170562.0,2027-11-17
1247,474,House Down Payment,353892.0,142027.0,2029-05-12
1248,104,Car Purchase,61529.0,51978.0,2029-06-19
1249,81,Car Purchase,455297.0,407993.0,2027-10-26
1250,399,Vacation,999308.0,31516.0,2028-11-12
1251,429,Car Purchase,956572.0,622641.0,2028-04-04
1252,475,House Down Payment,500090.0,341503.0,2028-09-02
1253,277,Car Purchase,916472.0,611075.0,2029-06-08
1254,19,Vacation,592603.0,14135.0,2026-08-27
1255,116,Emergency Fund,81178.0,70876.0,2027-11-08
1256,339,House Down Payment,938604.0,937106.0,2028-08-08
1257,188,Vacation,829574.0,712943.0,2027-12-18
1258,55,Vacation,621116.0,120159.0,2027-05-01
1259,349,House Down Payment,771486.0,513992.0,2027-01-19
1260,432,Emergency Fund,165019.0,109973.0,2027-04-13
1261,467,Car Purchase,660172.0,298513.0,2027-11-15
1262,368,Vacation,354423.0,108342.0,2026-12-05
1263,34,House Down Payment,202754.0,80053.0,2028-08-02
1264,420,Emergency Fund,423681.0,337210.0,2028-12-12
1265,19,Emergency Fund,473313.0,219574.0,2029-07-14
1266,444,Vacation,88696.0,53073.0,2026-11-09
1267,296,Vacation,121974.0,29632.0,2028-10-19
1268,303,Emergency Fund,541733.0,37157.0,2028-04-06
1269,70,Car Purchase,418635.0,39453.0,2029-04-15
1270,130,Vacation,841046.0,571202.0,2029-03-15
1271,429,Car Purchase,977016.0,903152.0,2027-03-10
1272,287,Emergency Fund,494409.0,225385.0,2028-05-16
1273,330,House Down Payment,488289.0,115055.0,2029-07-11
1274,159,Emergency Fund,124536.0,49615.0,2027-11-07
1275,349,House Down Payment,495047.0,250777.0,2028-06-12
1276,142,House Down Payment,776908.0,13982.0,2027-06-23
1277,52,Emergency Fund,807221.0,337492.0,2027-04-18
1278,496,House Down Payment,283874.0,138331.0,2026-11-29
1279,130,House Down Payment,56960.0,51823.0,2029-02-12
1280,16,Vacation,206010.0,186933.0,2028-10-12
1281,316,Car Purchase,607369.0,419080.0,2028-05-27
1282,230,Emergency Fund,699999.0,545928.0,2028-09-19
1283,326,Vacation,747709.0,569822.0,2028-03-23
1284,92,Vacation,333815.0,263871.0,2026-08-24
1285,391,Car Purchase,351022.0,294325.0,2027-08-06
1286,228,Emergency Fund,61026.0,13361.0,2028-11-04
1287,135,Vacation,135967.0,39266.0,2029-01-13
1288,351,Car Purchase,893012.0,550935.0,2028-12-05
1289,219,House Down Payment,804949.0,562154.0,2027-10-06
1290,198,Vacation,699744.0,145195.0,2029-03-21
1291,255,Car Purchase,273334.0,114731.0,2027-10-12
1292,99,Emergency Fund,999643.0,430499.0,2027-07-06
1293,477,House Down Payment,710461.0,178239.0,2026-12-01
1294,141,Vacation,510548.0,97958.0,2028-11-24
1295,495,Car Purchase,129900.0,24183.0,2028-01-08
1296,39,Emergency Fund,217864.0,120301.0,2026-08-31
1297,321,Emergency Fund,890497.0,604007.0,2029-03-22
1298,287,Vacation,84291.0,63459.0,2026-10-20
1299,438,Car Purchase,206534.0,151364.0,2027-06-17
1300,69,Emergency Fund,336810.0,330369.0,2026-09-09
1301,256,Car Purchase,135350.0,102113.0,2028-12-06
1302,26,Vacation,652094.0,563435.0,2028-11-14
1303,213,Vacation,125755.0,112425.0,2027-06-26
1304,240,Car Purchase,112069.0,83712.0,2026-12-26
1305,212,Vacation,199030.0,37776.0,2029-05-27
1306,404,Emergency Fund,915581.0,472469.0,2028-01-01
1307,256,House Down Payment,184028.0,19185.0,2028-04-13
1308,77,Car Purchase,673373.0,366627.0,2027-09-04
1309,10,Emergency Fund,252686.0,155806.0,2029-03-22
1310,281,Car Purchase,69329.0,61150.0,2026-09-17
1311,270,Vacation,843708.0,57482.0,2028-07-24
1312,214,Vacation,950778.0,180772.0,2027-07-05
1313,8,Vacation,165684.0,37586.0,2027-07-01
1314,493,Car Purchase,771927.0,693490.0,2028-10-18
1315,427,House Down Payment,728508.0,267731.0,2028-09-30
1316,63,Vacation,55854.0,14375.0,2027-09-29
1317,471,Emergency Fund,995638.0,290411.0,2028-05-03
1318,306,Vacation,393892.0,260840.0,2026-10-01
1319,234,Car Purchase,869237.0,792780.0,2027-01-18
1320,371,Emergency Fund,209366.0,89417.0,2028-07-29
1321,245,Emergency Fund,766994.0,513067.0,2029-04-24
1322,109,Emergency Fund,682860.0,474163.0,2028-09-01
1323,277,Emergency Fund,800415.0,250293.0,2028-03-08
1324,202,Car Purchase,190835.0,142070.0,2027-08-20
1325,345,Car Purchase,888815.0,88306.0,2026-11-07
1326,384,House Down Payment,126986.0,86751.0,2027-01-25
1327,484,Car Purchase,538058.0,226026.0,2029-03-30
1328,160,Emergency Fund,369897.0,89412.0,2028-09-15
1329,109,Emergency Fund,255534.0,41118.0,2026-07-30
1330,55,Emergency Fund,50082.0,17803.0,2027-03-17
1331,367,Vacation,311049.0,58880.0,2029-03-26
1332,121,House Down Payment,955432.0,472287.0,2028-06-21
1333,269,Emergency Fund,636154.0,433879.0,2029-07-08
1334,433,Vacation,851372.0,643106.0,2028-11-10
1335,424,Vacation,710582.0,14536.0,2029-02-14
1336,327,Car Purchase,139806.0,61108.0,2026-10-27
1337,139,House Down Payment,355493.0,233045.0,2026-11-23
1338,20,House Down Payment,269713.0,47500.0,2026-08-31
1339,290,Car Purchase,750002.0,353693.0,2028-07-10
1340,255,Vacation,579085.0,58558.0,2028-02-01
1341,343,Car Purchase,243832.0,173809.0,2029-07-11
1342,27,Vacation,801103.0,347686.0,2029-05-26
1343,371,House Down Payment,845532.0,54946.0,2028-09-06
1344,443,Vacation,922147.0,147746.0,2027-10-03
1345,150,Emergency Fund,218560.0,168154.0,2027-09-26
1346,346,Car Purchase,609859.0,237324.0,2029-02-03
1347,263,Vacation,107536.0,27508.0,2027-11-18
1348,131,Emergency Fund,762684.0,704309.0,2028-12-15
1349,103,Emergency Fund,705627.0,451054.0,2028-01-09
1350,255,Car Purchase,607072.0,186060.0,2026-07-31
1351,182,Vacation,534931.0,326931.0,2028-06-30
1352,381,Car Purchase,455133.0,322201.0,2029-06-27
1353,403,House Down Payment,563653.0,162193.0,2029-06-27
1354,396,Vacation,573457.0,316691.0,2027-10-13
1355,94,House Down Payment,182028.0,63044.0,2026-09-03
1356,221,Car Purchase,190202.0,64457.0,2027-05-17
1357,157,Emergency Fund,684048.0,519228.0,2027-12-02
1358,147,House Down Payment,552066.0,428951.0,2028-10-19
1359,460,Vacation,999133.0,995308.0,2028-10-27
1360,421,Car Purchase,316531.0,308490.0,2028-03-30
1361,425,Car Purchase,85608.0,37711.0,2027-04-11
1362,221,House Down Payment,461259.0,95231.0,2028-06-09
1363,159,Car Purchase,362263.0,168653.0,2028-09-24
1364,38,Vacation,154319.0,149941.0,2026-08-17
1365,403,Emergency Fund,218938.0,210712.0,2029-03-13
1366,79,Emergency Fund,276570.0,268532.0,2028-12-31
1367,494,Vacation,67237.0,30766.0,2027-09-26
1368,485,Car Purchase,210369.0,20758.0,2027-01-27
1369,382,Vacation,757718.0,324264.0,2028-10-12
1370,150,Emergency Fund,286796.0,13414.0,2029-07-11
1371,433,Vacation,125377.0,57558.0,2026-10-30
1372,28,Emergency Fund,591052.0,290712.0,2027-08-29
1373,140,Car Purchase,767898.0,33023.0,2029-05-21
1374,499,House Down Payment,867322.0,291047.0,2028-04-14
1375,240,Vacation,246513.0,30031.0,2026-12-16
1376,230,House Down Payment,286148.0,240169.0,2028-11-28
1377,198,House Down Payment,903669.0,344267.0,2028-09-25
1378,497,Emergency Fund,594467.0,136688.0,2026-08-13
1379,283,Emergency Fund,619105.0,89514.0,2028-05-23
1380,324,Emergency Fund,426484.0,198558.0,2028-01-25
1381,123,Vacation,751958.0,408799.0,2027-05-11
1382,499,Emergency Fund,620038.0,493393.0,2027-04-06
1383,495,Car Purchase,756602.0,327721.0,2027-08-12
1384,466,Emergency Fund,931974.0,381998.0,2027-11-06
1385,208,Car Purchase,250441.0,94740.0,2028-10-07
1386,223,Vacation,790851.0,653759.0,2027-04-07
1387,442,Car Purchase,119560.0,36898.0,2027-12-11
1388,184,Vacation,661805.0,88384.0,2028-10-30
1389,43,House Down Payment,360422.0,335294.0,2028-04-25
1390,214,Emergency Fund,424478.0,396600.0,2028-12-22
1391,220,Car Purchase,668037.0,524637.0,2027-10-13
1392,168,House Down Payment,710706.0,313383.0,2028-08-18
1393,287,Car Purchase,765400.0,433884.0,2029-04-13
1394,315,House Down Payment,249004.0,242826.0,2026-09-16
1395,400,Emergency Fund,885174.0,695440.0,2028-12-27
1396,418,House Down Payment,184667.0,165601.0,2027-02-17
1397,176,Emergency Fund,199848.0,97828.0,2027-07-08
1398,328,Car Purchase,992653.0,452789.0,2028-11-22
1399,431,Vacation,988183.0,112551.0,2026-10-23
1400,366,Emergency Fund,109487.0,10567.0,2029-01-20
1401,416,Car Purchase,53614.0,20022.0,2029-01-14
1402,222,Car Purchase,89605.0,34534.0,2026-09-27
1403,60,House Down Payment,815822.0,221582.0,2029-04-23
1404,265,House Down Payment,421736.0,12376.0,2028-03-23
1405,206,House Down Payment,425111.0,176606.0,2029-07-07
1406,218,Car Purchase,971764.0,639184.0,2028-09-13
1407,288,Vacation,713108.0,649920.0,2027-03-13
1408,215,Car Purchase,653952.0,109930.0,2027-11-17
1409,107,Vacation,580204.0,568518.0,2028-04-29
1410,252,Emergency Fund,259547.0,218398.0,2029-07-12
1411,108,House Down Payment,104272.0,10118.0,2028-08-12
1412,317,Vacation,860494.0,156043.0,2028-04-22
1413,452,Car Purchase,226785.0,148852.0,2027-07-14
1414,220,Emergency Fund,477143.0,271612.0,2028-11-16
1415,137,House Down Payment,629908.0,610615.0,2029-01-12
1416,363,Vacation,470209.0,196954.0,2028-04-13
1417,1,Vacation,72869.0,56861.0,2027-12-09
1418,72,Car Purchase,532473.0,247451.0,2027-02-05
1419,171,Car Purchase,563706.0,315388.0,2028-12-19
1420,328,Emergency Fund,167388.0,111024.0,2026-12-19
1421,169,House Down Payment,483298.0,344434.0,2029-06-26
1422,126,Car Purchase,380348.0,156060.0,2027-04-04
1423,467,Vacation,699318.0,457489.0,2029-04-25
1424,197,Emergency Fund,153373.0,18987.0,2029-04-05
1425,393,Emergency Fund,487396.0,170546.0,2027-10-11
1426,22,Vacation,55824.0,50191.0,2026-09-07
1427,435,Vacation,959282.0,837657.0,2028-02-21
1428,287,Emergency Fund,769304.0,216508.0,2028-09-12
1429,412,Vacation,782970.0,371088.0,2027-07-17
1430,340,Vacation,744170.0,681751.0,2027-01-24
1431,178,Vacation,106010.0,69154.0,2028-02-22
1432,479,Vacation,856755.0,363030.0,2028-06-27
1433,437,Vacation,537817.0,52923.0,2028-06-18
1434,283,Car Purchase,89798.0,88020.0,2028-03-31
1435,347,Emergency Fund,862607.0,591349.0,2026-12-06
1436,279,House Down Payment,782201.0,219562.0,2027-03-03
1437,421,Car Purchase,724838.0,316239.0,2028-01-02
1438,120,Car Purchase,820690.0,67887.0,2028-01-25
1439,151,House Down Payment,991312.0,622659.0,2027-04-26
1440,15,Emergency Fund,143730.0,53091.0,2027-11-07
1441,228,House Down Payment,967689.0,613008.0,2026-08-09
1442,198,Car Purchase,884076.0,106099.0,2027-12-17
1443,140,Emergency Fund,939136.0,298004.0,2028-09-16
1444,61,Emergency Fund,208545.0,76554.0,2027-05-22
1445,66,Car Purchase,780201.0,268510.0,2029-02-22
1446,449,Emergency Fund,727192.0,289796.0,2028-06-08
1447,63,Vacation,72460.0,69882.0,2028-05-31
1448,228,Vacation,766260.0,274295.0,2027-05-31
1449,68,Emergency Fund,772463.0,70791.0,2028-05-24
1450,241,Car Purchase,794023.0,751654.0,2028-05-15
1451,363,Vacation,518880.0,300908.0,2028-10-25
1452,28,Emergency Fund,71580.0,38625.0,2027-01-04
1453,465,Car Purchase,228830.0,228128.0,2029-02-10
1454,27,House Down Payment,301117.0,203638.0,2029-04-29
1455,214,Vacation,175677.0,155792.0,2029-04-21
1456,65,Emergency Fund,974731.0,829929.0,2026-07-26
1457,6,Emergency Fund,489632.0,448266.0,2028-12-19
1458,305,House Down Payment,234950.0,106050.0,2027-11-24
1459,215,Vacation,876933.0,445928.0,2027-11-21
1460,322,House Down Payment,788096.0,589038.0,2027-11-03
1461,286,Car Purchase,549126.0,308940.0,2027-11-11
1462,99,Car Purchase,368049.0,130170.0,2028-01-10
1463,230,Vacation,865051.0,690610.0,2028-01-17
1464,116,Vacation,961677.0,632753.0,2027-01-21
1465,44,Emergency Fund,695521.0,458161.0,2029-06-18
1466,100,Emergency Fund,109751.0,87357.0,2029-07-06
1467,199,Car Purchase,765621.0,629157.0,2026-11-10
1468,32,Vacation,127015.0,118442.0,2026-11-10
1469,342,House Down Payment,634936.0,310891.0,2027-12-08
1470,219,Emergency Fund,931030.0,723199.0,2027-03-01
1471,298,Vacation,117048.0,111291.0,2026-10-09
1472,172,Car Purchase,911856.0,737474.0,2029-05-10
1473,204,Emergency Fund,672303.0,670524.0,2028-11-23
1474,323,House Down Payment,321957.0,126976.0,2026-12-18
1475,113,Emergency Fund,194416.0,165949.0,2026-10-25
1476,6,Vacation,461566.0,457183.0,2029-06-25
1477,77,House Down Payment,336467.0,57794.0,2026-09-08
1478,367,Car Purchase,421480.0,71532.0,2027-07-20
1479,370,Emergency Fund,458735.0,339247.0,2027-04-07
1480,148,House Down Payment,429113.0,75955.0,2028-10-07
1481,22,Emergency Fund,805153.0,204383.0,2026-09-18
1482,220,Vacation,277064.0,10014.0,2027-03-14
1483,305,Car Purchase,947552.0,791436.0,2027-09-09
1484,116,Car Purchase,928497.0,561020.0,2027-09-05
1485,182,Emergency Fund,815866.0,630269.0,2026-08-13
1486,225,Car Purchase,155711.0,144820.0,2027-10-16
1487,63,Emergency Fund,762564.0,460414.0,2027-06-17
1488,101,Emergency Fund,109696.0,58220.0,2027-01-17
1489,274,Vacation,241784.0,116673.0,2028-08-28
1490,61,Car Purchase,805488.0,138883.0,2027-09-02
1491,489,Emergency Fund,193982.0,108738.0,2028-06-14
1492,237,Vacation,611193.0,381518.0,2026-10-26
1493,324,Vacation,868194.0,94433.0,2027-08-30
1494,70,Car Purchase,618177.0,504442.0,2029-01-12
1495,421,Car Purchase,964407.0,386183.0,2028-10-29
1496,85,Car Purchase,382951.0,40414.0,2026-07-19
1497,357,Vacation,202423.0,158480.0,2027-11-12
1498,482,Emergency Fund,873559.0,198370.0,2028-12-22
1499,3,Car Purchase,112625.0,106365.0,2029-06-06
1500,294,Emergency Fund,385049.0,374686.0,2029-05-28
