budget_id,user_id,category,monthly_limit
1,152,Rent,38423.0
2,366,Rent,46724.0
3,367,Insurance,23382.0
4,448,Emi,22892.0
5,110,Utilities,27165.0
6,343,Healthcare,49156.0
7,49,Education,27248.0
8,385,Travel,20956.0
9,32,Insurance,11815.0
10,486,Education,36623.0
11,167,Utilities,22594.0
12,347,Emi,39096.0
13,443,Emi,40845.0
14,151,Healthcare,9265.0
15,477,Rent,25639.0
16,40,Insurance,14137.0
17,214,Food,10874.0
18,230,Rent,15034.0
19,88,Travel,25702.0
20,131,Insurance,10682.0
21,109,Travel,8060.0
22,145,Emi,5032.0
23,440,Utilities,23514.0
24,19,Healthcare,40730.0
25,206,Healthcare,25904.0
26,78,Travel,40638.0
27,374,Emi,15160.0
28,369,Food,19569.0
29,382,Education,36888.0
30,498,Emi,18610.0
31,321,Utilities,9382.0
32,253,Travel,32518.0
33,233,Entertainment,44474.0
34,300,Shopping,30689.0
35,329,Utilities,24666.0
36,394,Food,19869.0
37,204,Rent,12551.0
38,296,Healthcare,37954.0
39,70,Travel,20596.0
40,395,Utilities,46204.0
41,169,Entertainment,9438.0
42,116,Food,44626.0
43,461,Shopping,8703.0
44,50,Healthcare,37507.0
45,276,Entertainment,8589.0
46,90,Education,16449.0
47,422,Rent,44892.0
48,189,Entertainment,39366.0
49,207,Utilities,45212.0
50,491,Utilities,13738.0
51,438,Travel,43326.0
52,57,Education,31203.0
53,267,Shopping,47804.0
54,34,Utilities,31540.0
55,225,Emi,6409.0
56,8,Rent,30880.0
57,102,Education,10131.0
58,440,Travel,30535.0
59,64,Entertainment,17544.0
60,302,Rent,18033.0
61,30,Education,23355.0
62,138,Education,43944.0
63,282,Rent,11477.0
64,444,Entertainment,37341.0
65,61,Shopping,29338.0
66,7,Shopping,7548.0
67,28,Travel,48897.0
68,172,Rent,5871.0
69,203,Rent,12537.0
70,109,Education,29073.0
71,117,Education,39130.0
72,351,Food,19501.0
73,108,Education,39927.0
74,323,Utilities,34367.0
75,133,Shopping,36549.0
76,9,Utilities,19101.0
77,82,Healthcare,46405.0
78,250,Entertainment,42474.0
79,389,Rent,23698.0
80,353,Rent,19388.0
81,36,Healthcare,12104.0
82,267,Travel,5087.0
83,368,Healthcare,9855.0
84,428,Education,28246.0
85,198,Travel,42921.0
86,474,Shopping,30866.0
87,41,Education,45690.0
88,475,Rent,36294.0
89,88,Utilities,46059.0
90,239,Utilities,9278.0
91,219,Insurance,38130.0
92,472,Utilities,9468.0
93,30,Shopping,44962.0
94,229,Healthcare,26642.0
95,88,Insurance,8270.0
96,430,Entertainment,20921.0
97,429,Emi,36808.0
98,137,Travel,24463.0
99,114,Entertainment,49698.0
100,381,Entertainment,26275.0
101,313,Utilities,31170.0
102,459,Insurance,12008.0
103,199,Entertainment,34601.0
104,232,Education,23808.0
105,240,Rent,13272.0
106,372,Education,24017.0
107,371,Travel,6050.0
108,137,Food,36850.0
109,107,Rent,23710.0
110,53,Utilities,48389.0
111,38,Education,15761.0
112,223,Healthcare,46282.0
113,343,Travel,38589.0
114,233,Shopping,8098.0
115,51,Food,44495.0
116,236,Utilities,38949.0
117,460,Utilities,20266.0
118,186,Education,48879.0
119,352,Healthcare,46407.0
120,334,Food,8121.0
121,491,Education,41022.0
122,81,Entertainment,7491.0
123,267,Emi,18368.0
124,420,Travel,44482.0
125,110,Food,39625.0
126,25,Emi,28427.0
127,223,Education,5098.0
128,50,Healthcare,5618.0
129,162,Entertainment,48745.0
130,475,Healthcare,49941.0
131,286,Shopping,16794.0
132,410,Utilities,8952.0
133,489,Healthcare,32883.0
134,64,Travel,9179.0
135,229,Healthcare,28348.0
136,244,Rent,6911.0
137,76,Insurance,6347.0
138,384,Emi,33419.0
139,60,Food,35634.0
140,282,Emi,41163.0
141,492,Utilities,10142.0
142,73,Shopping,14742.0
143,42,Travel,26325.0
144,127,Education,46897.0
145,444,Healthcare,15319.0
146,125,Education,28742.0
147,463,Utilities,19163.0
148,480,Utilities,11933.0
149,284,Emi,10955.0
150,420,Shopping,16148.0
151,214,Insurance,37357.0
152,120,Shopping,23056.0
153,151,Education,5515.0
154,241,Emi,36310.0
155,148,Healthcare,41391.0
156,204,Food,32161.0
157,396,Education,37889.0
158,86,Education,26367.0
159,82,Utilities,44087.0
160,149,Rent,22203.0
161,412,Entertainment,16278.0
162,85,Food,11022.0
163,211,Entertainment,19653.0
164,218,Shopping,13478.0
165,72,Insurance,31193.0
166,256,Entertainment,46240.0
167,226,Insurance,45332.0
168,321,Entertainment,14623.0
169,95,Food,24396.0
170,320,Education,49325.0
171,298,Food,49731.0
172,308,Utilities,45289.0
173,170,Education,15805.0
174,500,Travel,18460.0
175,40,Utilities,15771.0
176,53,Entertainment,5526.0
177,326,Education,8366.0
178,25,Travel,28796.0
179,197,Emi,42147.0
180,337,Travel,28815.0
181,13,Rent,17875.0
182,273,Travel,32739.0
183,201,Utilities,27677.0
184,465,Emi,42401.0
185,35,Rent,35186.0
186,16,Utilities,19978.0
187,192,Insurance,39214.0
188,360,Rent,17692.0
189,427,Education,39538.0
190,383,Food,13348.0
191,342,Entertainment,14571.0
192,39,Food,31959.0
193,85,Entertainment,17261.0
194,7,Education,37045.0
195,243,Healthcare,32890.0
196,420,Rent,41787.0
197,74,Utilities,11850.0
198,468,Emi,28302.0
199,256,Entertainment,8414.0
200,371,Rent,7545.0
201,248,Travel,21553.0
202,90,Entertainment,16795.0
203,357,Food,28136.0
204,444,Travel,24562.0
205,444,Utilities,36542.0
206,297,Food,18468.0
207,363,Insurance,18236.0
208,360,Healthcare,38838.0
209,14,Entertainment,11211.0
210,207,Shopping,26098.0
211,451,Utilities,21496.0
212,297,Travel,25870.0
213,467,Emi,14361.0
214,406,Utilities,11991.0
215,266,Food,9590.0
216,5,Entertainment,32282.0
217,101,Travel,28396.0
218,115,Emi,19264.0
219,486,Food,28592.0
220,467,Rent,47043.0
221,292,Healthcare,13455.0
222,177,Emi,41069.0
223,160,Insurance,5365.0
224,187,Shopping,41597.0
225,179,Shopping,16548.0
226,121,Insurance,25686.0
227,331,Food,22096.0
228,100,Utilities,5248.0
229,301,Entertainment,44612.0
230,136,Rent,15556.0
231,33,Healthcare,6246.0
232,275,Rent,6528.0
233,2,Travel,5057.0
234,48,Healthcare,5829.0
235,96,Shopping,30964.0
236,436,Emi,37912.0
237,322,Travel,30662.0
238,2,Insurance,20573.0
239,131,Rent,27927.0
240,384,Entertainment,44712.0
241,254,Healthcare,37632.0
242,434,Insurance,32234.0
243,153,Education,31217.0
244,59,Education,16084.0
245,348,Food,13495.0
246,162,Entertainment,8673.0
247,191,Utilities,13414.0
248,164,Rent,21771.0
249,449,Travel,42067.0
250,466,Food,25922.0
251,133,Travel,19188.0
252,255,Food,7715.0
253,159,Rent,34805.0
254,137,Food,48401.0
255,441,Utilities,7013.0
256,340,Rent,43915.0
257,370,Healthcare,5482.0
258,317,Healthcare,35116.0
259,60,Healthcare,10850.0
260,240,Food,46091.0
261,191,Food,17578.0
262,261,Emi,42326.0
263,380,Utilities,34985.0
264,262,Utilities,26298.0
265,178,Emi,40049.0
266,194,Healthcare,13393.0
267,296,Entertainment,37122.0
268,4,Utilities,8341.0
269,351,Healthcare,41895.0
270,59,Healthcare,26168.0
271,328,Rent,10974.0
272,78,Food,24871.0
273,336,Shopping,48433.0
274,108,Education,33166.0
275,296,Insurance,37433.0
276,161,Utilities,13632.0
277,189,Education,26569.0
278,116,Travel,28277.0
279,372,Food,18943.0
280,127,Emi,33213.0
281,57,Shopping,19761.0
282,454,Healthcare,46401.0
283,56,Emi,30264.0
284,389,Shopping,27747.0
285,478,Insurance,23266.0
286,487,Utilities,40054.0
287,426,Travel,28096.0
288,298,Insurance,22683.0
289,6,Shopping,31083.0
290,462,Utilities,47126.0
291,377,Rent,18771.0
292,469,Utilities,39519.0
293,25,Food,27718.0
294,488,Food,48713.0
295,136,Rent,39395.0
296,368,Entertainment,35994.0
297,168,Insurance,6711.0
298,369,Education,37482.0
299,470,Insurance,23832.0
300,483,Rent,18954.0
301,286,Rent,29657.0
302,373,Insurance,12426.0
303,178,Healthcare,5130.0
304,386,Travel,22366.0
305,287,Emi,25810.0
306,496,Healthcare,22578.0
307,61,Food,16820.0
308,237,Emi,41499.0
309,271,Rent,29276.0
310,24,Rent,34154.0
311,481,Travel,29287.0
312,483,Rent,23368.0
313,346,Utilities,15767.0
314,68,Insurance,8662.0
315,471,Education,17495.0
316,381,Entertainment,10803.0
317,124,Food,17044.0
318,10,Shopping,18735.0
319,228,Travel,21121.0
320,476,Food,28828.0
321,87,Insurance,35791.0
322,343,Emi,9572.0
323,489,Insurance,12370.0
324,305,Emi,13566.0
325,353,Education,11209.0
326,472,Healthcare,23620.0
327,107,Shopping,24888.0
328,128,Entertainment,16597.0
329,1,Shopping,5755.0
330,77,Food,34220.0
331,174,Education,8867.0
332,173,Insurance,17375.0
333,414,Entertainment,35725.0
334,3,Shopping,48092.0
335,477,Rent,17251.0
336,129,Utilities,44093.0
337,234,Insurance,47485.0
338,440,Healthcare,45480.0
339,382,Shopping,6350.0
340,390,Education,44477.0
341,29,Education,31501.0
342,329,Emi,18176.0
343,173,Healthcare,23760.0
344,264,Utilities,35353.0
345,107,Travel,33165.0
346,469,Insurance,49027.0
347,160,Education,14804.0
348,222,Utilities,39995.0
349,313,Emi,31375.0
350,69,Utilities,22037.0
351,224,Travel,47000.0
352,265,Healthcare,42623.0
353,411,Food,46288.0
354,18,Entertainment,25881.0
355,116,Travel,7517.0
356,379,Travel,28375.0
357,173,Entertainment,47267.0
358,200,Education,8007.0
359,150,Entertainment,34059.0
360,17,Healthcare,9919.0
361,495,Travel,34234.0
362,221,Rent,42747.0
363,437,Rent,38140.0
364,63,Utilities,34607.0
365,16,Utilities,46293.0
366,360,Insurance,13691.0
367,68,Insurance,5681.0
368,370,Travel,49666.0
369,269,Entertainment,44334.0
370,112,Education,26473.0
371,180,Entertainment,19320.0
372,458,Education,31097.0
373,85,Shopping,49078.0
374,130,Insurance,32348.0
375,177,Education,45225.0
376,330,Healthcare,46979.0
377,251,Rent,18966.0
378,131,Food,21053.0
379,14,Insurance,21102.0
380,425,Food,33580.0
381,366,Rent,15828.0
382,413,Food,36454.0
383,332,Healthcare,39200.0
384,463,Food,11658.0
385,442,Travel,38269.0
386,171,Healthcare,6774.0
387,375,Utilities,39745.0
388,430,Entertainment,49917.0
389,356,Emi,43704.0
390,281,Utilities,48916.0
391,399,Food,36081.0
392,56,Utilities,21120.0
393,12,Utilities,9255.0
394,81,Food,30322.0
395,472,Emi,41956.0
396,336,Utilities,25744.0
397,362,Education,24372.0
398,198,Shopping,7990.0
399,458,Food,6360.0
400,313,Food,39674.0
401,25,Insurance,12156.0
402,41,Travel,49742.0
403,191,Travel,13037.0
404,306,Entertainment,10443.0
405,216,Utilities,46896.0
406,347,Rent,17230.0
407,138,Healthcare,10621.0
408,319,Healthcare,47525.0
409,184,Healthcare,31569.0
410,264,Insurance,40608.0
411,12,Shopping,20969.0
412,278,Insurance,7760.0
413,458,Emi,13800.0
414,222,Insurance,26138.0
415,191,Emi,25829.0
416,483,Travel,45778.0
417,146,Utilities,8608.0
418,415,Food,31407.0
419,477,Rent,13961.0
420,443,Entertainment,26852.0
421,301,Food,12226.0
422,383,Shopping,6501.0
423,371,Food,33411.0
424,47,Rent,28200.0
425,263,Healthcare,33833.0
426,40,Healthcare,13006.0
427,336,Rent,27375.0
428,399,Insurance,32331.0
429,28,Travel,47397.0
430,480,Shopping,9770.0
431,364,Rent,24522.0
432,207,Emi,38450.0
433,373,Rent,23518.0
434,294,Rent,42768.0
435,407,Shopping,10553.0
436,93,Entertainment,24507.0
437,214,Education,34026.0
438,61,Shopping,7946.0
439,317,Healthcare,24990.0
440,192,Education,14319.0
441,355,Education,29664.0
442,260,Emi,33832.0
443,161,Insurance,41926.0
444,247,Rent,16519.0
445,254,Rent,46065.0
446,448,Healthcare,28925.0
447,365,Healthcare,49381.0
448,350,Shopping,39905.0
449,458,Healthcare,27006.0
450,26,Food,48455.0
451,195,Shopping,11974.0
452,364,Insurance,17055.0
453,201,Food,40583.0
454,204,Emi,45644.0
455,268,Entertainment,42045.0
456,496,Travel,41971.0
457,485,Shopping,21377.0
458,472,Insurance,49559.0
459,63,Emi,17454.0
460,444,Emi,40809.0
461,314,Emi,28710.0
462,102,Entertainment,42497.0
463,112,Insurance,41924.0
464,332,Healthcare,20894.0
465,303,Education,12811.0
466,490,Food,15733.0
467,348,Insurance,16547.0
468,450,Entertainment,34482.0
469,76,Education,12568.0
470,308,Entertainment,26379.0
471,379,Utilities,13506.0
472,401,Travel,43797.0
473,189,Entertainment,35838.0
474,269,Food,33257.0
475,470,Insurance,12364.0
476,58,Shopping,31392.0
477,245,Insurance,36486.0
478,155,Utilities,38758.0
479,496,Shopping,16033.0
480,333,Utilities,24123.0
481,309,Entertainment,20976.0
482,389,Travel,13237.0
483,360,Emi,48990.0
484,269,Entertainment,14921.0
485,492,Education,15901.0
486,494,Education,5359.0
487,252,Education,7121.0
488,488,Emi,40870.0
489,114,Rent,12752.0
490,168,Emi,38147.0
491,32,Entertainment,44427.0
492,439,Food,30327.0
493,99,Food,12312.0
494,187,Utilities,48993.0
495,103,Shopping,6244.0
496,406,Insurance,12686.0
497,130,Insurance,41048.0
498,110,Emi,35817.0
499,133,Emi,7353.0
500,317,Healthcare,27375.0
501,470,Travel,25183.0
502,72,Entertainment,30578.0
503,199,Entertainment,45696.0
504,162,Food,35973.0
505,396,Food,10720.0
506,207,Utilities,7042.0
507,166,Rent,18863.0
508,496,Utilities,13140.0
509,163,Entertainment,15911.0
510,5,Shopping,21665.0
511,433,Education,37541.0
512,62,Rent,20315.0
513,382,Education,45768.0
514,304,Entertainment,34280.0
515,109,Emi,37189.0
516,338,Entertainment,39037.0
517,115,Travel,18719.0
518,45,Travel,44341.0
519,336,Shopping,43063.0
520,153,Entertainment,29625.0
521,116,Entertainment,7318.0
522,244,Healthcare,39852.0
523,480,Travel,24620.0
524,67,Emi,39977.0
525,494,Rent,40793.0
526,265,Travel,45310.0
527,327,Utilities,31556.0
528,110,Shopping,47356.0
529,176,Emi,13464.0
530,397,Healthcare,24606.0
531,409,Utilities,6925.0
532,42,Healthcare,8527.0
533,225,Entertainment,24924.0
534,277,Education,29196.0
535,206,Food,21373.0
536,148,Emi,42580.0
537,348,Food,46338.0
538,211,Insurance,24932.0
539,100,Food,7182.0
540,171,Insurance,35963.0
541,258,Food,6856.0
542,362,Travel,38346.0
543,63,Travel,34745.0
544,454,Travel,28043.0
545,423,Education,5667.0
546,141,Travel,36380.0
547,281,Insurance,13472.0
548,176,Rent,29466.0
549,157,Travel,23844.0
550,336,Food,7700.0
551,391,Emi,47673.0
552,390,Utilities,12613.0
553,310,Emi,11678.0
554,272,Rent,38115.0
555,217,Insurance,35631.0
556,291,Education,24004.0
557,288,Insurance,18510.0
558,153,Food,5230.0
559,305,Entertainment,14109.0
560,246,Education,43597.0
561,174,Insurance,17182.0
562,175,Emi,30562.0
563,241,Rent,27484.0
564,471,Utilities,15026.0
565,479,Travel,38328.0
566,332,Healthcare,29581.0
567,458,Utilities,44619.0
568,348,Healthcare,38453.0
569,95,Food,46485.0
570,466,Utilities,48084.0
571,444,Emi,21860.0
572,464,Healthcare,8976.0
573,467,Emi,36811.0
574,85,Food,16156.0
575,109,Healthcare,9493.0
576,109,Healthcare,49531.0
577,36,Healthcare,28860.0
578,109,Rent,20995.0
579,282,Utilities,11837.0
580,439,Shopping,36037.0
581,140,Healthcare,37719.0
582,233,Rent,30863.0
583,345,Education,20340.0
584,293,Education,15205.0
585,316,Shopping,5209.0
586,212,Healthcare,40348.0
587,67,Emi,45719.0
588,109,Food,15663.0
589,467,Food,17694.0
590,396,Travel,47697.0
591,379,Emi,48886.0
592,221,Shopping,31417.0
593,95,Entertainment,32649.0
594,184,Healthcare,19491.0
595,313,Healthcare,49811.0
596,318,Rent,11503.0
597,306,Insurance,30729.0
598,70,Entertainment,23071.0
599,224,Food,21278.0
600,294,Travel,45011.0
601,495,Rent,47600.0
602,253,Insurance,27845.0
603,302,Utilities,49638.0
604,114,Emi,21732.0
605,138,Travel,49645.0
606,353,Utilities,46382.0
607,48,Education,36540.0
608,465,Travel,37293.0
609,25,Insurance,36933.0
610,215,Food,15062.0
611,330,Education,48497.0
612,383,Education,27057.0
613,4,Shopping,24620.0
614,159,Insurance,6306.0
615,70,Food,47968.0
616,440,Entertainment,22572.0
617,27,Emi,11907.0
618,108,Shopping,21449.0
619,393,Emi,38051.0
620,199,Education,34030.0
621,450,Food,9250.0
622,282,Emi,20615.0
623,422,Travel,31200.0
624,236,Entertainment,20275.0
625,64,Shopping,49134.0
626,169,Emi,44028.0
627,87,Healthcare,37333.0
628,215,Rent,49226.0
629,221,Education,19647.0
630,102,Education,19634.0
631,209,Education,25281.0
632,174,Insurance,10903.0
633,329,Food,26211.0
634,385,Food,37678.0
635,261,Education,45984.0
636,10,Travel,44745.0
637,203,Travel,47511.0
638,476,Emi,18007.0
639,49,Food,16402.0
640,156,Entertainment,39999.0
641,82,Education,24691.0
642,219,Entertainment,14127.0
643,303,Food,6200.0
644,306,Emi,44633.0
645,93,Utilities,8821.0
646,184,Utilities,6786.0
647,204,Education,45808.0
648,385,Food,29197.0
649,461,Rent,37673.0
650,150,Education,27919.0
651,420,Utilities,39926.0
652,177,Rent,21022.0
653,131,Food,14777.0
654,2,Emi,44130.0
655,137,Entertainment,16038.0
656,367,Travel,37059.0
657,384,Emi,39203.0
658,80,Utilities,31021.0
659,161,Utilities,21576.0
660,96,Education,34627.0
661,307,Rent,30459.0
662,222,Emi,19227.0
663,135,Utilities,13021.0
664,274,Education,21406.0
665,139,Rent,22935.0
666,231,Education,19156.0
667,145,Rent,18760.0
668,185,Entertainment,24103.0
669,397,Rent,40220.0
670,107,Travel,28970.0
671,340,Shopping,13041.0
672,327,Rent,32713.0
673,161,Healthcare,36265.0
674,89,Entertainment,25841.0
675,24,Entertainment,20272.0
676,500,Shopping,16457.0
677,34,Emi,23487.0
678,329,Rent,34664.0
679,160,Travel,23725.0
680,349,Emi,44843.0
681,322,Rent,17947.0
682,453,Shopping,6476.0
683,228,Insurance,15587.0
684,54,Insurance,35387.0
685,268,Food,13181.0
686,257,Emi,19693.0
687,266,Emi,23854.0
688,243,Rent,31997.0
689,48,Utilities,46909.0
690,478,Education,34241.0
691,35,Shopping,9855.0
692,352,Utilities,6534.0
693,143,Healthcare,12848.0
694,253,Insurance,34888.0
695,443,Insurance,38249.0
696,381,Rent,38072.0
697,434,Insurance,40952.0
698,373,Education,49151.0
699,499,Healthcare,35559.0
700,84,Healthcare,32155.0
701,306,Utilities,11279.0
702,8,Entertainment,29535.0
703,144,Emi,32405.0
704,356,Shopping,6551.0
705,324,Insurance,30449.0
706,123,Insurance,22593.0
707,19,Utilities,15836.0
708,25,Rent,10928.0
709,270,Healthcare,13957.0
710,450,Emi,13261.0
711,490,Healthcare,49021.0
712,73,Emi,37110.0
713,219,Entertainment,33442.0
714,37,Education,40516.0
715,143,Travel,31738.0
716,195,Entertainment,49833.0
717,84,Utilities,22219.0
718,488,Food,18736.0
719,411,Rent,48999.0
720,61,Insurance,42230.0
721,228,Entertainment,29032.0
722,300,Travel,46231.0
723,244,Emi,40253.0
724,410,Healthcare,22652.0
725,105,Education,47661.0
726,76,Food,17487.0
727,121,Education,29690.0
728,9,Travel,5885.0
729,330,Shopping,38587.0
730,442,Travel,23969.0
731,220,Healthcare,34701.0
732,323,Emi,16383.0
733,204,Emi,25812.0
734,7,Rent,43371.0
735,344,Emi,19507.0
736,25,Utilities,20560.0
737,343,Food,27417.0
738,55,Utilities,5349.0
739,363,Travel,33430.0
740,345,Emi,40686.0
741,112,Emi,31080.0
742,238,Travel,27693.0
743,125,Entertainment,28732.0
744,197,Insurance,47313.0
745,474,Emi,13584.0
746,440,Healthcare,12044.0
747,179,Entertainment,42594.0
748,466,Food,30777.0
749,140,Education,36789.0
750,258,Entertainment,25025.0
751,156,Utilities,9513.0
752,238,Entertainment,46405.0
753,48,Emi,46585.0
754,39,Rent,16356.0
755,478,Shopping,14511.0
756,440,Shopping,24850.0
757,366,Food,6722.0
758,116,Emi,16479.0
759,28,Shopping,46513.0
760,398,Emi,26363.0
761,226,Healthcare,5878.0
762,356,Emi,40624.0
763,172,Emi,15286.0
764,387,Utilities,42676.0
765,283,Food,46863.0
766,332,Entertainment,36663.0
767,350,Healthcare,28344.0
768,356,Entertainment,42768.0
769,417,Healthcare,7190.0
770,389,Travel,24782.0
771,300,Education,17493.0
772,82,Insurance,5452.0
773,482,Insurance,39676.0
774,342,Rent,36020.0
775,53,Travel,23404.0
776,238,Food,8831.0
777,416,Rent,33508.0
778,456,Entertainment,23711.0
779,111,Insurance,11711.0
780,150,Healthcare,10476.0
781,463,Shopping,22801.0
782,106,Insurance,47189.0
783,8,Shopping,34942.0
784,444,Emi,11625.0
785,229,Utilities,42605.0
786,328,Healthcare,40566.0
787,434,Utilities,40361.0
788,310,Emi,10139.0
789,340,Insurance,41107.0
790,262,Shopping,8180.0
791,156,Insurance,28048.0
792,254,Insurance,46412.0
793,400,Rent,25273.0
794,468,Utilities,16627.0
795,194,Healthcare,34288.0
796,494,Rent,40481.0
797,365,Utilities,43076.0
798,385,Travel,49985.0
799,122,Shopping,29734.0
800,290,Healthcare,41229.0
801,405,Rent,15184.0
802,399,Travel,17656.0
803,106,Insurance,38139.0
804,298,Entertainment,12782.0
805,132,Shopping,32573.0
806,104,Emi,19152.0
807,180,Education,49672.0
808,124,Shopping,25514.0
809,394,Food,49470.0
810,37,Education,44381.0
811,238,Food,15034.0
812,379,Emi,29597.0
813,351,Utilities,12103.0
814,134,Insurance,17671.0
815,444,Shopping,42473.0
816,383,Travel,33323.0
817,451,Emi,5313.0
818,475,Entertainment,18024.0
819,388,Utilities,32611.0
820,29,Emi,39449.0
821,333,Utilities,34402.0
822,117,Shopping,40648.0
823,303,Travel,37689.0
824,96,Education,41131.0
825,256,Emi,5918.0
826,114,Insurance,39805.0
827,139,Insurance,20170.0
828,426,Emi,33217.0
829,21,Shopping,36556.0
830,380,Emi,20956.0
831,36,Healthcare,49497.0
832,32,Insurance,41258.0
833,81,Travel,35706.0
834,192,Food,21176.0
835,69,Education,10748.0
836,171,Education,42126.0
837,349,Utilities,29863.0
838,483,Shopping,27354.0
839,3,Entertainment,10765.0
840,308,Healthcare,16685.0
841,265,Rent,17200.0
842,371,Entertainment,37902.0
843,65,Food,33860.0
844,332,Rent,31456.0
845,272,Insurance,32651.0
846,59,Shopping,29149.0
847,417,Utilities,21162.0
848,149,Food,13907.0
849,415,Emi,30344.0
850,369,Rent,48182.0
851,123,Entertainment,29190.0
852,343,Utilities,32088.0
853,463,Shopping,28220.0
854,265,Education,19829.0
855,381,Entertainment,25558.0
856,465,Shopping,35968.0
857,226,Shopping,34940.0
858,356,Healthcare,27790.0
859,343,Education,36416.0
860,354,Education,42255.0
861,212,Insurance,37983.0
862,483,Rent,6262.0
863,427,Travel,33654.0
864,29,Rent,15132.0
865,130,Rent,19423.0
866,235,Rent,47513.0
867,326,Utilities,9795.0
868,87,Emi,12932.0
869,29,Healthcare,34817.0
870,44,Education,11742.0
871,425,Rent,37595.0
872,202,Shopping,37572.0
873,36,Education,6666.0
874,239,Utilities,27116.0
875,95,Food,26066.0
876,340,Entertainment,31669.0
877,459,Food,19680.0
878,358,Rent,44662.0
879,372,Insurance,36939.0
880,14,Insurance,44534.0
881,243,Insurance,49523.0
882,418,Utilities,37565.0
883,396,Entertainment,19292.0
884,230,Travel,5180.0
885,473,Healthcare,19699.0
886,233,Entertainment,47843.0
887,480,Education,41365.0
888,107,Emi,42841.0
889,174,Rent,19502.0
890,350,Education,33902.0
891,398,Insurance,31612.0
892,244,Insurance,28830.0
893,116,Utilities,21752.0
894,221,Emi,48426.0
895,410,Healthcare,9049.0
896,397,Insurance,9708.0
897,397,Rent,23197.0
898,183,Entertainment,25439.0
899,443,Emi,14262.0
900,385,Shopping,9227.0
901,183,Education,17448.0
902,177,Food,11753.0
903,327,Insurance,20248.0
904,130,Rent,23549.0
905,52,Shopping,15659.0
906,353,Utilities,40435.0
907,484,Shopping,27164.0
908,434,Entertainment,10203.0
909,341,Entertainment,24284.0
910,180,Healthcare,11210.0
911,308,Healthcare,13250.0
912,331,Rent,32885.0
913,418,Emi,20714.0
914,216,Utilities,37682.0
915,37,Rent,47560.0
916,497,Shopping,45382.0
917,132,Shopping,27833.0
918,75,Education,35220.0
919,85,Utilities,29736.0
920,293,Insurance,38106.0
921,395,Entertainment,45036.0
922,68,Shopping,16508.0
923,57,Rent,29827.0
924,202,Food,7952.0
925,277,Rent,20198.0
926,102,Utilities,30317.0
927,449,Education,14131.0
928,401,Rent,43757.0
929,260,Emi,33175.0
930,247,Education,47935.0
931,153,Healthcare,46314.0
932,470,Insurance,17899.0
933,102,Healthcare,13599.0
934,402,Utilities,6300.0
935,184,Education,49677.0
936,306,Education,22175.0
937,436,Rent,20006.0
938,482,Entertainment,24464.0
939,323,Food,33882.0
940,326,Emi,36513.0
941,85,Healthcare,40821.0
942,276,Travel,35874.0
943,112,Food,42195.0
944,240,Education,5590.0
945,119,Food,48709.0
946,100,Healthcare,17535.0
947,122,Insurance,25724.0
948,20,Entertainment,18224.0
949,43,Utilities,41345.0
950,186,Emi,11590.0
951,311,Entertainment,30531.0
952,249,Emi,30232.0
953,377,Entertainment,11490.0
954,42,Entertainment,15948.0
955,22,Education,45327.0
956,458,Entertainment,47659.0
957,436,Rent,22493.0
958,208,Insurance,44240.0
959,352,Insurance,36633.0
960,75,Rent,5745.0
961,185,Travel,17162.0
962,40,Shopping,11878.0
963,198,Utilities,21555.0
964,435,Rent,18129.0
965,5,Travel,41818.0
966,44,Food,25518.0
967,117,Shopping,43570.0
968,441,Emi,20135.0
969,194,Rent,48482.0
970,341,Education,10817.0
971,263,Emi,20597.0
972,76,Rent,39266.0
973,270,Utilities,31428.0
974,158,Travel,41725.0
975,334,Entertainment,14650.0
976,74,Rent,13497.0
977,116,Entertainment,35665.0
978,238,Utilities,48264.0
979,290,Healthcare,35599.0
980,2,Utilities,40700.0
981,321,Insurance,17274.0
982,94,Travel,23582.0
983,26,Travel,43777.0
984,59,Travel,23994.0
985,213,Food,37205.0
986,360,Emi,34943.0
987,35,Travel,6812.0
988,423,Travel,6017.0
989,255,Education,27620.0
990,440,Travel,10546.0
991,199,Emi,12009.0
992,294,Education,14554.0
993,395,Education,17804.0
994,92,Food,47440.0
995,441,Education,37479.0
996,359,Education,41487.0
997,65,Insurance,49794.0
998,162,Food,15103.0
999,4,Emi,35203.0
1000,370,Rent,12908.0
1001,329,Entertainment,48477.0
1002,376,Shopping,44056.0
1003,378,Healthcare,39278.0
1004,453,Insurance,34899.0
1005,24,Travel,32118.0
1006,266,Insurance,40208.0
1007,303,Utilities,43232.0
1008,1,Emi,22095.0
1009,456,Healthcare,35539.0
1010,73,Utilities,44174.0
1011,459,Emi,14884.0
1012,349,Travel,27113.0
1013,71,Shopping,34571.0
1014,321,Emi,32202.0
1015,324,Travel,22832.0
1016,404,Entertainment,25917.0
1017,218,Education,44813.0
1018,327,Education,11706.0
1019,114,Entertainment,38937.0
1020,332,Entertainment,33792.0
1021,183,Education,45256.0
1022,218,Healthcare,8242.0
1023,256,Food,49748.0
1024,85,Insurance,19893.0
1025,129,Entertainment,41416.0
1026,388,Education,48386.0
1027,32,Rent,15260.0
1028,153,Entertainment,26928.0
1029,184,Entertainment,35819.0
1030,112,Education,6954.0
1031,305,Travel,18838.0
1032,446,Shopping,21229.0
1033,145,Food,33357.0
1034,288,Healthcare,27914.0
1035,440,Emi,47019.0
1036,252,Entertainment,41241.0
1037,256,Healthcare,41742.0
1038,215,Utilities,18906.0
1039,381,Insurance,14258.0
1040,473,Emi,5646.0
1041,336,Entertainment,39332.0
1042,55,Entertainment,49319.0
1043,305,Travel,41134.0
1044,494,Travel,5192.0
1045,416,Education,6585.0
1046,492,Shopping,23251.0
1047,370,Emi,7291.0
1048,65,Travel,42523.0
1049,208,Emi,38804.0
1050,265,Emi,5771.0
1051,354,Entertainment,36719.0
1052,214,Entertainment,6197.0
1053,292,Healthcare,21264.0
1054,311,Travel,49807.0
1055,432,Insurance,35443.0
1056,197,Emi,22238.0
1057,476,Emi,32255.0
1058,59,Food,8918.0
1059,193,Utilities,8837.0
1060,311,Healthcare,11741.0
1061,377,Emi,24669.0
1062,327,Utilities,30660.0
1063,272,Shopping,17321.0
1064,420,Travel,39591.0
1065,328,Emi,24763.0
1066,309,Emi,6139.0
1067,443,Emi,16905.0
1068,478,Food,32296.0
1069,208,Insurance,9677.0
1070,469,Entertainment,38623.0
1071,103,Emi,21810.0
1072,116,Education,45744.0
1073,309,Food,8819.0
1074,83,Shopping,40085.0
1075,277,Rent,43725.0
1076,218,Entertainment,15010.0
1077,351,Rent,34814.0
1078,355,Emi,36189.0
1079,302,Healthcare,24504.0
1080,387,Rent,13075.0
1081,465,Travel,48458.0
1082,280,Education,25100.0
1083,430,Travel,10469.0
1084,190,Entertainment,20594.0
1085,125,Utilities,25523.0
1086,468,Travel,14735.0
1087,42,Entertainment,12904.0
1088,77,Food,21029.0
1089,27,Travel,18406.0
1090,68,Emi,7664.0
1091,354,Utilities,27207.0
1092,99,Food,9949.0
1093,389,Insurance,10312.0
1094,155,Emi,43258.0
1095,388,Entertainment,40801.0
1096,14,Shopping,33958.0
1097,139,Emi,17143.0
1098,130,Healthcare,25254.0
1099,476,Entertainment,10260.0
1100,318,Rent,46879.0
1101,209,Travel,44669.0
1102,105,Food,40512.0
1103,98,Rent,43269.0
1104,396,Rent,23964.0
1105,299,Insurance,9720.0
1106,336,Utilities,45073.0
1107,146,Shopping,36865.0
1108,27,Shopping,41861.0
1109,159,Entertainment,47926.0
1110,373,Education,46445.0
1111,486,Food,27112.0
1112,176,Food,36060.0
1113,451,Utilities,8764.0
1114,304,Education,49377.0
1115,69,Utilities,26240.0
1116,247,Shopping,11093.0
1117,77,Entertainment,5752.0
1118,197,Emi,6880.0
1119,456,Emi,44174.0
1120,385,Healthcare,42775.0
1121,436,Entertainment,17399.0
1122,430,Shopping,40327.0
1123,283,Utilities,49122.0
1124,244,Entertainment,40925.0
1125,431,Insurance,10892.0
1126,456,Education,45997.0
1127,383,Insurance,11512.0
1128,201,Shopping,6635.0
1129,224,Food,47745.0
1130,490,Utilities,29496.0
1131,255,Food,38099.0
1132,420,Entertainment,26502.0
1133,275,Food,33408.0
1134,393,Emi,35315.0
1135,224,Travel,44068.0
1136,282,Utilities,23218.0
1137,37,Food,24009.0
1138,71,Emi,19897.0
1139,144,Utilities,8891.0
1140,352,Entertainment,39011.0
1141,407,Emi,20900.0
1142,103,Education,11333.0
1143,352,Travel,30977.0
1144,157,Healthcare,44903.0
1145,77,Travel,9315.0
1146,455,Rent,22344.0
1147,279,Emi,40971.0
1148,261,Shopping,10320.0
1149,158,Healthcare,21574.0
1150,269,Education,39553.0
1151,326,Healthcare,34739.0
1152,42,Education,18321.0
1153,102,Insurance,5774.0
1154,270,Education,28710.0
1155,393,Utilities,13539.0
1156,400,Rent,27698.0
1157,107,Shopping,44771.0
1158,325,Insurance,14251.0
1159,434,Insurance,33581.0
1160,63,Emi,38640.0
1161,329,Education,44573.0
1162,469,Insurance,32745.0
1163,262,Rent,28782.0
1164,395,Food,7133.0
1165,329,Healthcare,18756.0
1166,477,Food,33198.0
1167,397,Entertainment,23787.0
1168,159,Emi,49872.0
1169,76,Insurance,35855.0
1170,144,Insurance,30677.0
1171,446,Entertainment,37476.0
1172,259,Healthcare,31101.0
1173,238,Emi,46579.0
1174,397,Utilities,29205.0
1175,234,Education,48183.0
1176,455,Emi,8128.0
1177,215,Entertainment,33729.0
1178,444,Travel,20441.0
1179,364,Entertainment,18080.0
1180,77,Food,8814.0
1181,281,Food,9794.0
1182,487,Utilities,19055.0
1183,210,Utilities,12832.0
1184,410,Utilities,22076.0
1185,436,Insurance,48327.0
1186,431,Food,25300.0
1187,266,Healthcare,49821.0
1188,227,Travel,44059.0
1189,320,Insurance,42895.0
1190,254,Education,49242.0
1191,188,Healthcare,37142.0
1192,41,Rent,22391.0
1193,202,Utilities,31032.0
1194,329,Shopping,22566.0
1195,157,Healthcare,28350.0
1196,497,Education,42968.0
1197,29,Emi,47689.0
1198,95,Emi,49578.0
1199,41,Shopping,18889.0
1200,411,Education,36895.0
1201,227,Education,29366.0
1202,203,Healthcare,17087.0
1203,150,Rent,28285.0
1204,274,Education,22026.0
1205,244,Emi,36924.0
1206,129,Utilities,43823.0
1207,130,Emi,30754.0
1208,164,Entertainment,39617.0
1209,205,Food,22714.0
1210,411,Utilities,19884.0
1211,97,Utilities,31471.0
1212,224,Insurance,10819.0
1213,87,Food,13161.0
1214,47,Entertainment,24571.0
1215,409,Food,20527.0
1216,489,Utilities,13772.0
1217,82,Food,16130.0
1218,169,Shopping,8725.0
1219,298,Utilities,7321.0
1220,461,Utilities,26685.0
1221,355,Food,17805.0
1222,234,Rent,30944.0
1223,93,Insurance,48977.0
1224,431,Utilities,41589.0
1225,113,Rent,31335.0
1226,213,Entertainment,20285.0
1227,305,Food,45140.0
1228,470,Education,18327.0
1229,64,Travel,8604.0
1230,216,Rent,23321.0
1231,80,Entertainment,12175.0
1232,157,Rent,35278.0
1233,379,Insurance,32428.0
1234,250,Entertainment,8107.0
1235,436,Insurance,23594.0
1236,404,Healthcare,43418.0
1237,94,Food,15182.0
1238,458,Utilities,34472.0
1239,20,Education,32861.0
1240,308,Education,16057.0
1241,448,Shopping,38520.0
1242,210,Entertainment,10494.0
1243,139,Insurance,33084.0
1244,451,Entertainment,5613.0
1245,393,Travel,17403.0
1246,96,Food,35931.0
1247,412,Education,25433.0
1248,243,Shopping,44484.0
1249,385,Education,36661.0
1250,135,Education,23036.0
1251,102,Utilities,19329.0
1252,123,Insurance,35055.0
1253,417,Food,31501.0
1254,370,Entertainment,43706.0
1255,442,Healthcare,43332.0
1256,424,Shopping,5915.0
1257,19,Emi,23511.0
1258,491,Rent,46192.0
1259,199,Emi,6519.0
1260,151,Insurance,23902.0
1261,239,Food,11314.0
1262,52,Shopping,38165.0
1263,235,Travel,16016.0
1264,244,Entertainment,32398.0
1265,8,Insurance,10274.0
1266,310,Healthcare,6855.0
1267,37,Rent,23711.0
1268,280,Entertainment,11200.0
1269,249,Insurance,45476.0
1270,339,Insurance,21896.0
1271,292,Food,49872.0
1272,167,Healthcare,6536.0
1273,474,Shopping,16367.0
1274,328,Entertainment,32948.0
1275,180,Travel,44007.0
1276,343,Shopping,23219.0
1277,453,Travel,26696.0
1278,245,Emi,14760.0
1279,273,Healthcare,12340.0
1280,13,Utilities,15781.0
1281,231,Entertainment,12209.0
1282,342,Food,37638.0
1283,74,Education,45731.0
1284,115,Travel,29346.0
1285,28,Insurance,49547.0
1286,87,Education,5174.0
1287,19,Insurance,33946.0
1288,401,Entertainment,6179.0
1289,223,Insurance,15925.0
1290,193,Entertainment,49881.0
1291,285,Travel,7740.0
1292,212,Shopping,15080.0
1293,468,Travel,11273.0
1294,9,Food,37364.0
1295,37,Emi,15592.0
1296,57,Insurance,8362.0
1297,218,Education,32545.0
1298,164,Shopping,47365.0
1299,457,Utilities,17318.0
1300,113,Travel,39410.0
1301,121,Travel,30828.0
1302,173,Shopping,47787.0
1303,331,Insurance,42444.0
1304,410,Utilities,35567.0
1305,406,Emi,12255.0
1306,411,Shopping,17945.0
1307,493,Education,25365.0
1308,121,Utilities,30303.0
1309,287,Education,25235.0
1310,217,Emi,39313.0
1311,217,Shopping,22808.0
1312,354,Education,25437.0
1313,300,Emi,12930.0
1314,95,Healthcare,31671.0
1315,175,Rent,43096.0
1316,146,Education,40499.0
1317,452,Entertainment,22080.0
1318,439,Healthcare,24072.0
1319,466,Rent,7565.0
1320,425,Shopping,21571.0
1321,100,Travel,25744.0
1322,346,Emi,15701.0
1323,103,Utilities,46553.0
1324,388,Utilities,22743.0
1325,84,Healthcare,33997.0
1326,167,Travel,32378.0
1327,460,Shopping,41685.0
1328,99,Emi,22528.0
1329,173,Utilities,28259.0
1330,80,Food,5989.0
1331,138,Rent,28799.0
1332,306,Utilities,46907.0
1333,29,Rent,36936.0
1334,311,Shopping,44431.0
1335,82,Food,27172.0
1336,317,Travel,24471.0
1337,453,Healthcare,20701.0
1338,137,Emi,35488.0
1339,151,Insurance,43402.0
1340,346,Healthcare,31625.0
1341,472,Shopping,38446.0
1342,346,Food,27883.0
1343,232,Entertainment,32808.0
1344,243,Shopping,26924.0
1345,206,Utilities,5251.0
1346,44,Education,37586.0
1347,8,Travel,11114.0
1348,425,Healthcare,39409.0
1349,162,Healthcare,17466.0
1350,159,Rent,19170.0
1351,141,Food,5738.0
1352,456,Emi,43721.0
1353,17,Utilities,18641.0
1354,94,Utilities,23829.0
1355,174,Shopping,39924.0
1356,116,Education,16995.0
1357,74,Food,31255.0
1358,129,Utilities,8629.0
1359,381,Entertainment,40316.0
1360,97,Shopping,45874.0
1361,280,Entertainment,7549.0
1362,261,Entertainment,22401.0
1363,220,Healthcare,48698.0
1364,205,Entertainment,17779.0
1365,17,Travel,13007.0
1366,459,Healthcare,22927.0
1367,316,Insurance,12103.0
1368,78,Education,49964.0
1369,341,Insurance,22529.0
1370,392,Rent,21040.0
1371,435,Shopping,17804.0
1372,136,Entertainment,8137.0
1373,295,Emi,17399.0
1374,146,Utilities,36692.0
1375,91,Utilities,12574.0
1376,67,Emi,45349.0
1377,383,Utilities,22598.0
1378,148,Healthcare,21695.0
1379,142,Healthcare,22170.0
1380,417,Entertainment,43081.0
1381,315,Travel,15868.0
1382,291,Emi,7242.0
1383,175,Food,11903.0
1384,217,Entertainment,43710.0
1385,156,Insurance,29039.0
1386,437,Entertainment,6555.0
1387,405,Entertainment,48667.0
1388,276,Emi,5349.0
1389,487,Insurance,38386.0
1390,71,Insurance,48894.0
1391,219,Travel,25808.0
1392,92,Food,6862.0
1393,161,Food,44343.0
1394,212,Emi,7642.0
1395,160,Utilities,18930.0
1396,95,Education,15009.0
1397,393,Travel,31485.0
1398,377,Shopping,46975.0
1399,241,Education,24085.0
1400,388,Travel,31262.0
1401,122,Entertainment,5940.0
1402,353,Travel,42801.0
1403,494,Food,18712.0
1404,188,Utilities,48091.0
1405,58,Utilities,43668.0
1406,10,Shopping,9000.0
1407,500,Healthcare,31351.0
1408,3,Insurance,28809.0
1409,85,Insurance,11686.0
1410,6,Shopping,20430.0
1411,417,Entertainment,34687.0
1412,91,Utilities,18084.0
1413,186,Healthcare,39988.0
1414,465,Emi,36958.0
1415,317,Utilities,28013.0
1416,360,Emi,9506.0
1417,356,Insurance,48803.0
1418,149,Food,44202.0
1419,366,Utilities,47806.0
1420,143,Education,38063.0
1421,179,Healthcare,20479.0
1422,204,Entertainment,16453.0
1423,433,Food,23827.0
1424,285,Emi,28664.0
1425,186,Utilities,23852.0
1426,455,Emi,28704.0
1427,487,Insurance,32914.0
1428,23,Food,29556.0
1429,58,Insurance,33312.0
1430,4,Rent,18782.0
1431,282,Education,34989.0
1432,26,Emi,41286.0
1433,178,Insurance,31446.0
1434,41,Entertainment,35009.0
1435,16,Utilities,29988.0
1436,15,Emi,19694.0
1437,48,Education,7501.0
1438,417,Healthcare,20656.0
1439,307,Shopping,49791.0
1440,88,Healthcare,31894.0
1441,64,Shopping,33179.0
1442,470,Travel,13133.0
1443,286,Entertainment,13873.0
1444,421,Travel,5895.0
1445,276,Travel,35413.0
1446,462,Healthcare,47214.0
1447,179,Food,25170.0
1448,231,Healthcare,39349.0
1449,439,Shopping,30227.0
1450,348,Travel,49329.0
1451,344,Utilities,17704.0
1452,416,Utilities,11111.0
1453,105,Shopping,48346.0
1454,66,Emi,20130.0
1455,195,Travel,15127.0
1456,106,Emi,22303.0
1457,488,Entertainment,32990.0
1458,46,Food,9351.0
1459,293,Emi,47145.0
1460,363,Travel,18262.0
1461,316,Rent,49374.0
1462,342,Utilities,16197.0
1463,167,Travel,37877.0
1464,341,Entertainment,43027.0
1465,54,Utilities,20598.0
1466,354,Food,6400.0
1467,407,Emi,33968.0
1468,320,Insurance,40067.0
1469,135,Education,15609.0
1470,216,Healthcare,10984.0
1471,211,Entertainment,30192.0
1472,494,Utilities,27496.0
1473,489,Shopping,5608.0
1474,390,Travel,49933.0
1475,355,Emi,20638.0
1476,199,Rent,47559.0
1477,481,Shopping,18832.0
1478,311,Entertainment,27125.0
1479,478,Travel,8409.0
1480,92,Healthcare,18049.0
1481,309,Shopping,23741.0
1482,356,Rent,6475.0
1483,309,Shopping,36368.0
1484,454,Education,25371.0
1485,111,Emi,19880.0
1486,305,Healthcare,39557.0
1487,405,Education,42042.0
1488,182,Utilities,34317.0
1489,300,Insurance,8501.0
1490,350,Shopping,41465.0
1491,182,Insurance,39799.0
1492,3,Shopping,33960.0
1493,319,Education,7230.0
1494,66,Healthcare,31412.0
1495,436,Entertainment,20146.0
1496,133,Food,32467.0
1497,168,Education,5975.0
1498,453,Education,17102.0
1499,323,Utilities,24702.0
1500,369,Utilities,7116.0
1501,447,Food,43881.0
1502,409,Insurance,44336.0
1503,499,Travel,11789.0
1504,404,Entertainment,35823.0
1505,57,Insurance,47525.0
1506,277,Insurance,34614.0
1507,122,Travel,41485.0
1508,282,Food,34459.0
1509,176,Shopping,30794.0
1510,108,Healthcare,40921.0
1511,108,Travel,8310.0
1512,226,Emi,29726.0
1513,276,Healthcare,19813.0
1514,46,Utilities,47925.0
1515,259,Shopping,36417.0
1516,26,Education,35611.0
1517,122,Healthcare,44941.0
1518,125,Emi,39540.0
1519,128,Shopping,10230.0
1520,461,Entertainment,25249.0
1521,176,Food,33834.0
1522,265,Entertainment,32970.0
1523,301,Education,35463.0
1524,202,Utilities,28373.0
1525,184,Food,39615.0
1526,304,Emi,37379.0
1527,185,Insurance,27373.0
1528,87,Utilities,19835.0
1529,235,Emi,48181.0
1530,351,Shopping,41072.0
1531,327,Entertainment,43270.0
1532,329,Shopping,20862.0
1533,252,Rent,33252.0
1534,308,Shopping,18424.0
1535,312,Food,40818.0
1536,146,Emi,26442.0
1537,484,Entertainment,39737.0
1538,418,Shopping,12503.0
1539,215,Travel,11498.0
1540,42,Shopping,22438.0
1541,256,Entertainment,42941.0
1542,19,Rent,31067.0
1543,471,Healthcare,46309.0
1544,134,Rent,37517.0
1545,484,Food,39925.0
1546,108,Rent,28563.0
1547,176,Insurance,9788.0
1548,276,Entertainment,47370.0
1549,480,Rent,45692.0
1550,308,Healthcare,24431.0
1551,415,Utilities,40524.0
1552,221,Utilities,43058.0
1553,108,Shopping,42245.0
1554,118,Healthcare,39519.0
1555,294,Healthcare,8523.0
1556,384,Utilities,22556.0
1557,84,Healthcare,32233.0
1558,465,Insurance,17680.0
1559,240,Rent,28195.0
1560,70,Shopping,25816.0
1561,432,Food,39108.0
1562,154,Insurance,45496.0
1563,314,Emi,45741.0
1564,347,Food,38567.0
1565,211,Rent,46736.0
1566,256,Healthcare,34348.0
1567,380,Emi,49412.0
1568,6,Shopping,18274.0
1569,242,Entertainment,18088.0
1570,475,Emi,19988.0
1571,433,Rent,35326.0
1572,217,Utilities,45600.0
1573,204,Travel,44536.0
1574,393,Healthcare,27045.0
1575,123,Healthcare,35603.0
1576,223,Food,37002.0
1577,126,Emi,48721.0
1578,245,Utilities,40144.0
1579,212,Healthcare,16306.0
1580,17,Travel,38604.0
1581,308,Food,49065.0
1582,220,Shopping,33338.0
1583,62,Emi,28456.0
1584,411,Emi,38915.0
1585,140,Food,33382.0
1586,40,Entertainment,21151.0
1587,226,Food,9466.0
1588,150,Shopping,24407.0
1589,253,Education,43408.0
1590,282,Utilities,9070.0
1591,377,Food,13504.0
1592,6,Food,21739.0
1593,285,Food,38879.0
1594,379,Emi,7661.0
1595,337,Utilities,6846.0
1596,33,Entertainment,13478.0
1597,151,Insurance,20693.0
1598,491,Healthcare,10004.0
1599,98,Entertainment,43748.0
1600,247,Healthcare,38745.0
1601,270,Travel,37851.0
1602,272,Travel,39322.0
1603,405,Entertainment,35270.0
1604,368,Utilities,42588.0
1605,33,Rent,33640.0
1606,90,Emi,7321.0
1607,68,Entertainment,30737.0
1608,268,Utilities,32794.0
1609,310,Travel,11109.0
1610,206,Education,36123.0
1611,437,Travel,28776.0
1612,232,Food,29616.0
1613,483,Entertainment,39232.0
1614,145,Utilities,41194.0
1615,433,Food,7459.0
1616,347,Travel,7396.0
1617,202,Utilities,41147.0
1618,471,Shopping,15812.0
1619,85,Food,45636.0
1620,164,Healthcare,34875.0
1621,211,Shopping,9089.0
1622,352,Food,30835.0
1623,225,Rent,42605.0
1624,72,Shopping,49554.0
1625,140,Rent,12485.0
1626,240,Emi,17757.0
1627,87,Food,34030.0
1628,280,Healthcare,26374.0
1629,490,Rent,40062.0
1630,35,Rent,23016.0
1631,185,Rent,35834.0
1632,358,Rent,32822.0
1633,49,Healthcare,11822.0
1634,293,Emi,49694.0
1635,277,Utilities,36887.0
1636,28,Utilities,31367.0
1637,398,Shopping,38849.0
1638,115,Rent,13857.0
1639,177,Entertainment,11636.0
1640,1,Education,48321.0
1641,30,Healthcare,30427.0
1642,233,Education,27411.0
1643,53,Food,16648.0
1644,459,Rent,13884.0
1645,415,Utilities,8032.0
1646,23,Healthcare,32238.0
1647,296,Emi,5977.0
1648,474,Emi,17394.0
1649,34,Shopping,24086.0
1650,118,Emi,47877.0
1651,497,Emi,21427.0
1652,20,Travel,31648.0
1653,187,Utilities,5650.0
1654,202,Shopping,28896.0
1655,167,Travel,46650.0
1656,490,Rent,17524.0
1657,456,Shopping,16541.0
1658,253,Insurance,29632.0
1659,490,Rent,16308.0
1660,443,Healthcare,17650.0
1661,66,Food,32243.0
1662,478,Utilities,13280.0
1663,295,Food,44727.0
1664,338,Entertainment,37111.0
1665,267,Education,15787.0
1666,228,Food,34136.0
1667,384,Education,30117.0
1668,292,Utilities,5218.0
1669,164,Healthcare,40155.0
1670,116,Healthcare,46323.0
1671,369,Healthcare,31926.0
1672,445,Entertainment,7518.0
1673,169,Utilities,13746.0
1674,107,Insurance,44566.0
1675,435,Education,21289.0
1676,374,Insurance,23462.0
1677,348,Healthcare,20002.0
1678,424,Entertainment,38844.0
1679,264,Entertainment,40641.0
1680,365,Rent,26077.0
1681,477,Utilities,6676.0
1682,233,Rent,33764.0
1683,44,Shopping,33881.0
1684,476,Entertainment,33605.0
1685,319,Food,18290.0
1686,63,Emi,34927.0
1687,423,Food,17158.0
1688,15,Travel,37075.0
1689,175,Rent,47346.0
1690,232,Entertainment,35151.0
1691,344,Travel,12575.0
1692,380,Emi,34719.0
1693,222,Emi,46125.0
1694,127,Shopping,49940.0
1695,82,Rent,32941.0
1696,335,Utilities,15881.0
1697,9,Food,6227.0
1698,146,Travel,14548.0
1699,156,Rent,26304.0
1700,407,Healthcare,29315.0
1701,165,Entertainment,37747.0
1702,305,Emi,18327.0
1703,159,Utilities,46563.0
1704,290,Education,16062.0
1705,323,Shopping,27867.0
1706,87,Emi,43934.0
1707,223,Rent,36141.0
1708,123,Education,34940.0
1709,207,Utilities,46603.0
1710,431,Shopping,21914.0
1711,103,Insurance,49710.0
1712,28,Insurance,5243.0
1713,135,Utilities,32109.0
1714,495,Education,37520.0
1715,78,Healthcare,30540.0
1716,390,Education,12222.0
1717,158,Shopping,31518.0
1718,227,Entertainment,46085.0
1719,427,Shopping,26017.0
1720,103,Education,28002.0
1721,146,Travel,10038.0
1722,112,Insurance,25821.0
1723,495,Utilities,14768.0
1724,79,Emi,30155.0
1725,264,Rent,32230.0
1726,286,Rent,5267.0
1727,238,Rent,28017.0
1728,285,Travel,12490.0
1729,121,Emi,12711.0
1730,494,Food,37081.0
1731,21,Healthcare,45870.0
1732,73,Food,36837.0
1733,392,Rent,48168.0
1734,137,Rent,18187.0
1735,74,Travel,43814.0
1736,29,Rent,31844.0
1737,407,Food,49579.0
1738,283,Emi,45638.0
1739,285,Travel,18494.0
1740,133,Entertainment,34681.0
1741,500,Healthcare,8910.0
1742,338,Utilities,46065.0
1743,325,Education,41195.0
1744,167,Food,18251.0
1745,202,Entertainment,36978.0
1746,492,Entertainment,42705.0
1747,154,Entertainment,21782.0
1748,65,Education,41717.0
1749,153,Travel,20304.0
1750,410,Emi,34491.0
1751,93,Shopping,9100.0
1752,53,Healthcare,41911.0
1753,298,Utilities,13524.0
1754,97,Utilities,31385.0
1755,455,Food,11054.0
1756,248,Entertainment,27288.0
1757,380,Rent,7724.0
1758,386,Education,11937.0
1759,365,Insurance,34484.0
1760,500,Rent,38592.0
1761,340,Healthcare,45686.0
1762,104,Travel,48384.0
1763,305,Travel,30803.0
1764,189,Travel,35625.0
1765,209,Utilities,9761.0
1766,406,Travel,19977.0
1767,153,Entertainment,41945.0
1768,290,Emi,8234.0
1769,155,Insurance,12170.0
1770,433,Food,14185.0
1771,182,Food,44458.0
1772,192,Utilities,10181.0
1773,34,Utilities,45982.0
1774,243,Rent,20094.0
1775,238,Insurance,7564.0
1776,153,Insurance,29613.0
1777,269,Emi,28011.0
1778,331,Travel,18947.0
1779,13,Entertainment,12162.0
1780,269,Food,17654.0
1781,216,Travel,30219.0
1782,208,Rent,35067.0
1783,441,Entertainment,29332.0
1784,458,Rent,31832.0
1785,365,Entertainment,46911.0
1786,333,Travel,14040.0
1787,110,Education,26085.0
1788,17,Shopping,43198.0
1789,231,Education,13484.0
1790,362,Shopping,15890.0
1791,355,Food,17555.0
1792,472,Utilities,12078.0
1793,467,Travel,34731.0
1794,413,Travel,43420.0
1795,189,Rent,38966.0
1796,276,Shopping,24670.0
1797,33,Rent,23481.0
1798,459,Entertainment,36830.0
1799,168,Food,34039.0
1800,219,Travel,30845.0
1801,190,Shopping,20289.0
1802,369,Food,36608.0
1803,100,Travel,20004.0
1804,491,Entertainment,21963.0
1805,162,Travel,13764.0
1806,370,Rent,22466.0
1807,286,Entertainment,45139.0
1808,418,Food,41877.0
1809,399,Healthcare,32317.0
1810,122,Travel,6932.0
1811,449,Shopping,20187.0
1812,469,Rent,21809.0
1813,404,Education,23228.0
1814,19,Utilities,29230.0
1815,367,Utilities,40139.0
1816,426,Food,36531.0
1817,399,Education,32269.0
1818,37,Insurance,28928.0
1819,62,Healthcare,28651.0
1820,146,Rent,39735.0
1821,240,Entertainment,30642.0
1822,24,Food,31959.0
1823,14,Rent,29312.0
1824,246,Travel,6593.0
1825,435,Rent,13588.0
1826,458,Healthcare,14341.0
1827,497,Shopping,7384.0
1828,238,Utilities,11638.0
1829,319,Food,29883.0
1830,472,Food,45675.0
1831,315,Utilities,16663.0
1832,72,Healthcare,13915.0
1833,21,Shopping,48758.0
1834,126,Healthcare,23445.0
1835,238,Education,16688.0
1836,130,Entertainment,11289.0
1837,209,Emi,48280.0
1838,452,Entertainment,40667.0
1839,102,Entertainment,34670.0
1840,294,Travel,11603.0
1841,7,Food,42051.0
1842,17,Education,46576.0
1843,147,Emi,36139.0
1844,375,Healthcare,8722.0
1845,489,Food,17771.0
1846,333,Healthcare,39096.0
1847,406,Insurance,42717.0
1848,473,Food,18384.0
1849,203,Emi,26730.0
1850,283,Travel,23780.0
1851,323,Insurance,23276.0
1852,11,Insurance,21717.0
1853,41,Travel,22148.0
1854,141,Insurance,11156.0
1855,90,Entertainment,48695.0
1856,18,Food,22318.0
1857,409,Emi,30164.0
1858,325,Healthcare,20124.0
1859,58,Emi,9482.0
1860,233,Travel,27792.0
1861,192,Rent,34571.0
1862,189,Food,18321.0
1863,157,Education,7541.0
1864,440,Food,12533.0
1865,278,Healthcare,31921.0
1866,461,Entertainment,18627.0
1867,154,Utilities,33251.0
1868,407,Entertainment,18542.0
1869,415,Shopping,44915.0
1870,341,Utilities,49102.0
1871,460,Shopping,47430.0
1872,419,Healthcare,29897.0
1873,394,Food,40923.0
1874,192,Rent,39426.0
1875,385,Entertainment,15347.0
1876,98,Rent,30908.0
1877,493,Shopping,34729.0
1878,335,Entertainment,36321.0
1879,238,Entertainment,22151.0
1880,241,Food,26990.0
1881,259,Rent,46975.0
1882,437,Entertainment,22375.0
1883,211,Travel,12338.0
1884,275,Shopping,43683.0
1885,168,Utilities,45722.0
1886,97,Food,44254.0
1887,482,Healthcare,17834.0
1888,68,Education,42637.0
1889,186,Insurance,47432.0
1890,366,Travel,22436.0
1891,346,Emi,46333.0
1892,7,Food,9537.0
1893,204,Travel,41734.0
1894,313,Healthcare,12597.0
1895,285,Shopping,41059.0
1896,211,Shopping,14913.0
1897,322,Travel,17827.0
1898,102,Education,35593.0
1899,408,Shopping,44348.0
1900,139,Insurance,47078.0
1901,257,Healthcare,40229.0
1902,20,Emi,11692.0
1903,410,Emi,22507.0
1904,266,Emi,36889.0
1905,165,Education,11801.0
1906,123,Insurance,37613.0
1907,145,Healthcare,23718.0
1908,423,Rent,31852.0
1909,355,Travel,23359.0
1910,142,Education,18375.0
1911,228,Shopping,28663.0
1912,283,Rent,36556.0
1913,390,Entertainment,17360.0
1914,324,Food,15780.0
1915,496,Shopping,17684.0
1916,112,Travel,37349.0
1917,471,Travel,9022.0
1918,482,Shopping,15270.0
1919,481,Entertainment,12278.0
1920,222,Rent,35141.0
1921,234,Education,27240.0
1922,407,Shopping,19167.0
1923,255,Entertainment,35292.0
1924,375,Travel,33735.0
1925,380,Insurance,32886.0
1926,147,Rent,36692.0
1927,383,Emi,29390.0
1928,317,Travel,23863.0
1929,426,Rent,15324.0
1930,16,Food,40683.0
1931,10,Food,34255.0
1932,113,Rent,39051.0
1933,52,Travel,6300.0
1934,156,Insurance,24601.0
1935,302,Emi,5468.0
1936,93,Education,28096.0
1937,300,Rent,34301.0
1938,65,Rent,24955.0
1939,457,Shopping,34463.0
1940,358,Entertainment,7189.0
1941,323,Rent,34834.0
1942,306,Education,26332.0
1943,403,Utilities,6549.0
1944,466,Food,48186.0
1945,336,Entertainment,19057.0
1946,214,Travel,20404.0
1947,124,Healthcare,43437.0
1948,126,Entertainment,27362.0
1949,142,Entertainment,21465.0
1950,245,Insurance,37737.0
1951,93,Shopping,36481.0
1952,432,Rent,46424.0
1953,473,Healthcare,12816.0
1954,352,Healthcare,35399.0
1955,324,Food,49383.0
1956,167,Education,26203.0
1957,34,Education,23364.0
1958,418,Rent,11933.0
1959,137,Shopping,31316.0
1960,364,Healthcare,34986.0
1961,317,Emi,12461.0
1962,177,Shopping,11856.0
1963,465,Emi,22229.0
1964,385,Entertainment,45913.0
1965,209,Education,42178.0
1966,394,Entertainment,32839.0
1967,254,Rent,13062.0
1968,106,Entertainment,46208.0
1969,193,Healthcare,40679.0
1970,77,Entertainment,25235.0
1971,338,Healthcare,32020.0
1972,263,Utilities,28181.0
1973,35,Insurance,28937.0
1974,466,Travel,49223.0
1975,365,Entertainment,32322.0
1976,436,Travel,45240.0
1977,390,Rent,7600.0
1978,387,Emi,25968.0
1979,52,Insurance,16121.0
1980,110,Utilities,15702.0
1981,475,Shopping,7132.0
1982,428,Rent,6966.0
1983,44,Shopping,25765.0
1984,220,Insurance,26984.0
1985,351,Entertainment,33427.0
1986,136,Rent,34765.0
1987,210,Emi,21548.0
1988,79,Utilities,20353.0
1989,489,Utilities,39878.0
1990,9,Shopping,31845.0
1991,140,Healthcare,37086.0
1992,42,Emi,17942.0
1993,160,Healthcare,35712.0
1994,48,Entertainment,26534.0
1995,244,Utilities,38277.0
1996,80,Education,39439.0
1997,170,Entertainment,37257.0
1998,1,Entertainment,35393.0
1999,474,Food,10239.0
2000,70,Travel,21759.0
2001,286,Utilities,16488.0
2002,62,Education,8634.0
2003,152,Insurance,11296.0
2004,32,Insurance,7260.0
2005,477,Healthcare,28641.0
2006,157,Rent,39789.0
2007,209,Shopping,29263.0
2008,469,Entertainment,12055.0
2009,464,Insurance,14257.0
2010,248,Insurance,7309.0
2011,119,Shopping,20214.0
2012,266,Entertainment,44600.0
2013,52,Utilities,9564.0
2014,410,Emi,39225.0
2015,187,Food,20119.0
2016,468,Rent,24830.0
2017,182,Healthcare,14349.0
2018,131,Rent,12612.0
2019,149,Emi,31335.0
2020,367,Insurance,6091.0
2021,410,Insurance,44528.0
2022,122,Utilities,6748.0
2023,381,Food,23729.0
2024,76,Food,24899.0
2025,73,Emi,48512.0
2026,268,Emi,44368.0
2027,116,Utilities,49983.0
2028,301,Utilities,13174.0
2029,427,Education,9277.0
2030,21,Insurance,49819.0
2031,195,Healthcare,9431.0
2032,201,Food,22330.0
2033,310,Emi,44317.0
2034,437,Entertainment,30828.0
2035,358,Education,31463.0
2036,403,Food,31232.0
2037,374,Education,6698.0
2038,165,Travel,8916.0
2039,458,Entertainment,17116.0
2040,141,Rent,31417.0
2041,438,Insurance,33883.0
2042,151,Emi,36396.0
2043,329,Utilities,5521.0
2044,41,Utilities,42027.0
2045,410,Rent,24855.0
2046,329,Food,25099.0
2047,463,Healthcare,11991.0
2048,325,Food,18090.0
2049,65,Entertainment,10651.0
2050,300,Insurance,29060.0
2051,399,Utilities,11883.0
2052,192,Utilities,21243.0
2053,496,Utilities,44474.0
2054,165,Utilities,43707.0
2055,140,Food,21977.0
2056,311,Emi,17084.0
2057,419,Rent,40238.0
2058,313,Utilities,18127.0
2059,143,Emi,40766.0
2060,153,Emi,49213.0
2061,271,Food,44299.0
2062,405,Emi,8875.0
2063,159,Insurance,49621.0
2064,449,Shopping,44382.0
2065,195,Education,12313.0
2066,316,Healthcare,15367.0
2067,364,Education,10798.0
2068,423,Insurance,45981.0
2069,358,Entertainment,37153.0
2070,449,Travel,24010.0
2071,353,Education,35397.0
2072,3,Healthcare,44069.0
2073,226,Education,46708.0
2074,32,Rent,23577.0
2075,366,Food,49910.0
2076,359,Food,21008.0
2077,249,Education,39315.0
2078,405,Education,6356.0
2079,472,Travel,11093.0
2080,139,Emi,26866.0
2081,184,Rent,33685.0
2082,253,Utilities,17834.0
2083,142,Food,37202.0
2084,306,Travel,35846.0
2085,299,Rent,41827.0
2086,496,Utilities,33666.0
2087,167,Healthcare,36334.0
2088,297,Education,16095.0
2089,297,Education,19623.0
2090,315,Healthcare,28152.0
2091,59,Food,32384.0
2092,461,Education,20850.0
2093,429,Utilities,43776.0
2094,221,Food,25651.0
2095,305,Shopping,28244.0
2096,16,Entertainment,33819.0
2097,431,Emi,26406.0
2098,359,Travel,24018.0
2099,56,Food,31262.0
2100,452,Rent,19304.0
2101,116,Education,38796.0
2102,177,Rent,48647.0
2103,126,Shopping,43547.0
2104,324,Entertainment,15303.0
2105,243,Utilities,28424.0
2106,286,Food,38455.0
2107,459,Education,20792.0
2108,202,Insurance,34421.0
2109,234,Rent,42399.0
2110,458,Education,45685.0
2111,359,Rent,20133.0
2112,342,Utilities,41918.0
2113,415,Food,27604.0
2114,306,Education,15926.0
2115,15,Travel,17458.0
2116,143,Education,11825.0
2117,26,Utilities,44093.0
2118,479,Entertainment,41879.0
2119,84,Rent,27899.0
2120,53,Emi,24407.0
2121,321,Entertainment,39437.0
2122,293,Rent,28386.0
2123,444,Entertainment,40026.0
2124,479,Rent,25606.0
2125,236,Education,29161.0
2126,144,Insurance,38575.0
2127,139,Education,25222.0
2128,376,Food,6395.0
2129,177,Rent,25726.0
2130,346,Insurance,23383.0
2131,387,Travel,12926.0
2132,449,Insurance,35921.0
2133,69,Food,24572.0
2134,395,Healthcare,13699.0
2135,488,Travel,27795.0
2136,388,Travel,48306.0
2137,179,Utilities,27879.0
2138,22,Insurance,27586.0
2139,130,Entertainment,10723.0
2140,258,Entertainment,7707.0
2141,83,Education,39588.0
2142,123,Utilities,20699.0
2143,45,Rent,36107.0
2144,102,Education,40755.0
2145,452,Utilities,25223.0
2146,404,Insurance,21216.0
2147,98,Insurance,15121.0
2148,113,Utilities,27894.0
2149,134,Healthcare,9499.0
2150,303,Entertainment,24917.0
2151,13,Food,5134.0
2152,427,Education,6554.0
2153,249,Food,35036.0
2154,457,Rent,31442.0
2155,37,Food,24321.0
2156,473,Food,9471.0
2157,175,Rent,6599.0
2158,310,Entertainment,9455.0
2159,481,Food,45640.0
2160,383,Entertainment,44340.0
2161,338,Food,39104.0
2162,328,Emi,9264.0
2163,140,Travel,34608.0
2164,351,Rent,20153.0
2165,68,Education,26025.0
2166,280,Utilities,21282.0
2167,481,Emi,38125.0
2168,159,Food,43161.0
2169,102,Healthcare,41200.0
2170,200,Rent,47578.0
2171,427,Rent,48805.0
2172,353,Shopping,41808.0
2173,175,Emi,11988.0
2174,311,Travel,10149.0
2175,146,Utilities,12478.0
2176,303,Entertainment,26687.0
2177,19,Entertainment,42496.0
2178,336,Food,23544.0
2179,52,Emi,34200.0
2180,355,Education,28314.0
2181,304,Entertainment,40972.0
2182,72,Emi,21373.0
2183,319,Healthcare,24714.0
2184,78,Shopping,13514.0
2185,288,Rent,30984.0
2186,86,Emi,5934.0
2187,318,Education,6487.0
2188,446,Education,21673.0
2189,235,Rent,7116.0
2190,47,Healthcare,34582.0
2191,339,Insurance,30418.0
2192,48,Travel,26093.0
2193,2,Travel,44517.0
2194,81,Insurance,26135.0
2195,308,Utilities,22399.0
2196,345,Education,34900.0
2197,495,Healthcare,19003.0
2198,376,Healthcare,32794.0
2199,149,Travel,7373.0
2200,417,Rent,16719.0
2201,284,Shopping,15446.0
2202,55,Food,28396.0
2203,97,Rent,44028.0
2204,205,Utilities,32655.0
2205,367,Entertainment,11740.0
2206,416,Travel,25695.0
2207,148,Food,43910.0
2208,268,Education,23615.0
2209,470,Healthcare,36518.0
2210,265,Entertainment,37303.0
2211,299,Healthcare,47850.0
2212,338,Travel,37055.0
2213,243,Food,7133.0
2214,316,Healthcare,34578.0
2215,368,Shopping,30136.0
2216,329,Healthcare,44880.0
2217,499,Travel,12448.0
2218,269,Entertainment,49481.0
2219,372,Healthcare,38158.0
2220,216,Food,15849.0
2221,218,Insurance,39374.0
2222,439,Shopping,11601.0
2223,205,Education,22531.0
2224,261,Entertainment,36578.0
2225,464,Entertainment,25308.0
2226,318,Food,23131.0
2227,321,Emi,31820.0
2228,337,Utilities,22824.0
2229,115,Emi,6689.0
2230,145,Emi,15107.0
2231,316,Food,47399.0
2232,36,Education,5221.0
2233,171,Healthcare,20199.0
2234,361,Entertainment,30896.0
2235,225,Healthcare,43154.0
2236,262,Healthcare,10124.0
2237,284,Emi,23351.0
2238,152,Food,39478.0
2239,130,Travel,35238.0
2240,330,Insurance,30668.0
2241,477,Travel,31151.0
2242,140,Education,40734.0
2243,75,Travel,43235.0
2244,312,Utilities,41403.0
2245,307,Utilities,17887.0
2246,286,Healthcare,30128.0
2247,238,Healthcare,16188.0
2248,310,Shopping,13185.0
2249,352,Emi,21356.0
2250,189,Rent,49816.0
2251,438,Travel,45241.0
2252,41,Travel,19813.0
2253,456,Rent,35813.0
2254,18,Food,23936.0
2255,380,Healthcare,33786.0
2256,75,Shopping,27242.0
2257,271,Travel,41019.0
2258,437,Education,43762.0
2259,492,Education,46919.0
2260,488,Utilities,38117.0
2261,254,Emi,25800.0
2262,76,Utilities,48473.0
2263,9,Food,8757.0
2264,219,Travel,8404.0
2265,91,Insurance,47221.0
2266,218,Travel,20552.0
2267,362,Rent,18344.0
2268,382,Rent,11847.0
2269,237,Entertainment,38269.0
2270,341,Emi,10111.0
2271,402,Food,6061.0
2272,483,Insurance,9444.0
2273,101,Healthcare,25880.0
2274,339,Food,27710.0
2275,222,Shopping,39732.0
2276,305,Education,40098.0
2277,3,Rent,17762.0
2278,337,Shopping,8569.0
2279,194,Shopping,23579.0
2280,429,Emi,41613.0
2281,139,Food,45863.0
2282,195,Food,36554.0
2283,30,Insurance,42790.0
2284,199,Travel,16412.0
2285,213,Utilities,40584.0
2286,134,Education,44951.0
2287,13,Rent,36755.0
2288,187,Utilities,27063.0
2289,149,Emi,37889.0
2290,63,Food,24164.0
2291,13,Travel,30426.0
2292,13,Insurance,18966.0
2293,64,Emi,25659.0
2294,449,Utilities,10758.0
2295,35,Shopping,40572.0
2296,421,Education,36242.0
2297,39,Shopping,49572.0
2298,326,Entertainment,49554.0
2299,186,Utilities,22224.0
2300,382,Healthcare,15140.0
2301,472,Emi,15766.0
2302,34,Utilities,28292.0
2303,482,Food,11540.0
2304,242,Travel,42728.0
2305,468,Insurance,49358.0
2306,440,Shopping,30332.0
2307,424,Healthcare,6907.0
2308,469,Emi,16209.0
2309,286,Insurance,6275.0
2310,458,Education,11735.0
2311,18,Education,22261.0
2312,260,Travel,44523.0
2313,197,Insurance,10975.0
2314,154,Utilities,43978.0
2315,79,Education,5443.0
2316,15,Insurance,16187.0
2317,257,Travel,17915.0
2318,336,Food,43101.0
2319,30,Utilities,11418.0
2320,348,Utilities,26839.0
2321,259,Shopping,43074.0
2322,499,Education,23346.0
2323,294,Healthcare,6411.0
2324,404,Education,37430.0
2325,233,Food,40621.0
2326,1,Utilities,9228.0
2327,123,Healthcare,29072.0
2328,388,Rent,35976.0
2329,50,Insurance,39891.0
2330,402,Entertainment,48162.0
2331,446,Travel,30565.0
2332,35,Entertainment,17616.0
2333,217,Utilities,22127.0
2334,262,Emi,48107.0
2335,17,Travel,22531.0
2336,488,Rent,21044.0
2337,361,Education,23273.0
2338,402,Travel,22296.0
2339,133,Healthcare,19294.0
2340,277,Education,32752.0
2341,281,Travel,13219.0
2342,304,Healthcare,25977.0
2343,313,Shopping,25624.0
2344,221,Insurance,22705.0
2345,87,Travel,37652.0
2346,330,Entertainment,34799.0
2347,224,Shopping,6925.0
2348,197,Shopping,38957.0
2349,74,Emi,36435.0
2350,54,Emi,31136.0
2351,436,Insurance,5278.0
2352,292,Food,39644.0
2353,7,Rent,18010.0
2354,352,Emi,23162.0
2355,217,Shopping,18882.0
2356,451,Education,5783.0
2357,22,Healthcare,33221.0
2358,33,Insurance,17187.0
2359,290,Education,24562.0
2360,60,Shopping,36833.0
2361,70,Entertainment,48857.0
2362,253,Travel,41819.0
2363,251,Rent,38517.0
2364,476,Insurance,26049.0
2365,290,Food,6139.0
2366,377,Food,37269.0
2367,92,Emi,40471.0
2368,40,Utilities,47702.0
2369,349,Food,36348.0
2370,254,Travel,39732.0
2371,271,Entertainment,32886.0
2372,106,Education,27804.0
2373,26,Emi,18116.0
2374,235,Shopping,18419.0
2375,89,Emi,26318.0
2376,388,Food,25291.0
2377,225,Utilities,27482.0
2378,334,Travel,39324.0
2379,256,Shopping,39324.0
2380,297,Emi,25631.0
2381,293,Entertainment,35273.0
2382,371,Healthcare,9507.0
2383,368,Utilities,25188.0
2384,360,Shopping,7451.0
2385,434,Insurance,29958.0
2386,481,Shopping,32211.0
2387,21,Food,48197.0
2388,312,Healthcare,22381.0
2389,147,Food,17730.0
2390,281,Rent,20987.0
2391,117,Utilities,28623.0
2392,91,Food,16322.0
2393,10,Entertainment,17614.0
2394,348,Insurance,46971.0
2395,158,Food,30491.0
2396,470,Insurance,25057.0
2397,405,Shopping,19779.0
2398,112,Education,12763.0
2399,310,Food,16744.0
2400,146,Emi,43513.0
2401,108,Food,12263.0
2402,336,Healthcare,30973.0
2403,456,Shopping,26901.0
2404,220,Healthcare,18333.0
2405,257,Emi,38604.0
2406,208,Education,25079.0
2407,237,Shopping,43669.0
2408,112,Utilities,45880.0
2409,207,Education,39902.0
2410,168,Shopping,30995.0
2411,298,Emi,22577.0
2412,335,Insurance,48140.0
2413,237,Education,20178.0
2414,303,Shopping,9836.0
2415,298,Healthcare,28402.0
2416,285,Food,9076.0
2417,258,Utilities,33715.0
2418,212,Shopping,20342.0
2419,77,Healthcare,28141.0
2420,72,Shopping,13055.0
2421,153,Food,28551.0
2422,101,Education,46420.0
2423,32,Rent,37176.0
2424,440,Shopping,21085.0
2425,334,Insurance,40958.0
2426,170,Travel,39498.0
2427,77,Emi,37998.0
2428,93,Entertainment,33824.0
2429,32,Education,30371.0
2430,325,Education,44995.0
2431,447,Utilities,7886.0
2432,457,Utilities,18007.0
2433,472,Insurance,9232.0
2434,114,Entertainment,15009.0
2435,470,Emi,47130.0
2436,2,Utilities,5138.0
2437,271,Shopping,23790.0
2438,3,Travel,9240.0
2439,26,Healthcare,42419.0
2440,205,Travel,39019.0
2441,434,Travel,5181.0
2442,386,Shopping,28203.0
2443,31,Rent,11080.0
2444,334,Entertainment,8753.0
2445,308,Insurance,18326.0
2446,9,Insurance,37031.0
2447,294,Insurance,28437.0
2448,150,Insurance,11545.0
2449,109,Travel,44863.0
2450,141,Insurance,39125.0
2451,100,Food,44714.0
2452,126,Food,42715.0
2453,472,Education,14168.0
2454,211,Emi,5926.0
2455,234,Food,17953.0
2456,270,Education,18669.0
2457,261,Education,42546.0
2458,400,Travel,36733.0
2459,428,Shopping,39038.0
2460,41,Shopping,43155.0
2461,230,Healthcare,46393.0
2462,155,Insurance,30697.0
2463,305,Insurance,24191.0
2464,274,Insurance,21724.0
2465,291,Healthcare,28447.0
2466,98,Education,31498.0
2467,255,Rent,41007.0
2468,167,Entertainment,31613.0
2469,34,Rent,15180.0
2470,447,Rent,18511.0
2471,105,Emi,40210.0
2472,260,Education,43097.0
2473,35,Entertainment,18552.0
2474,122,Healthcare,22639.0
2475,224,Food,9779.0
2476,335,Entertainment,11719.0
2477,178,Shopping,39475.0
2478,295,Emi,32860.0
2479,442,Healthcare,49438.0
2480,141,Insurance,22431.0
2481,295,Rent,40756.0
2482,482,Utilities,6312.0
2483,35,Utilities,35387.0
2484,474,Insurance,26586.0
2485,92,Shopping,5926.0
2486,181,Education,7325.0
2487,355,Insurance,38871.0
2488,36,Emi,9812.0
2489,488,Entertainment,27983.0
2490,194,Emi,15974.0
2491,90,Healthcare,32411.0
2492,324,Emi,44892.0
2493,240,Travel,7543.0
2494,420,Utilities,40685.0
2495,262,Utilities,18278.0
2496,366,Entertainment,32958.0
2497,311,Food,19426.0
2498,293,Emi,20854.0
2499,34,Healthcare,31090.0
2500,240,Food,19154.0
