account_id,user_id,bank_name,account_type,opening_balance,current_balance
1,1,Canara Bank,Savings,5640,0
2,2,SBI,Savings,14703,21460
3,2,Kotak Mahindra,Current,7930,49972
4,2,Axis Bank,Current,35768,67562
5,3,HDFC,Current,58671,95503
6,3,Canara Bank,Current,95923,97249
7,3,Kotak Mahindra,Current,40653,76133
8,4,Axis Bank,Savings,24275,60162
9,4,SBI,Savings,22674,48962
10,5,ICICI,Current,70221,55408
11,5,SBI,Savings,50418,93808
12,5,Axis Bank,Current,37383,47965
13,6,Punjab National Bank,Current,44888,30373
14,6,Kotak Mahindra,Current,94657,90347
15,6,Axis Bank,Current,79661,75918
16,7,Kotak Mahindra,Savings,20058,15618
17,8,Axis Bank,Savings,99898,142031
18,8,Punjab National Bank,Savings,62275,60855
19,9,Kotak Mahindra,Current,49244,41237
20,9,Kotak Mahindra,Current,76814,75785
21,10,Punjab National Bank,Current,73614,89342
22,10,ICICI,Current,19119,25152
23,11,Axis Bank,Savings,40911,81047
24,11,Axis Bank,Current,59565,68386
25,12,Punjab National Bank,Savings,29737,72252
26,13,Punjab National Bank,Current,7142,18073
27,13,Kotak Mahindra,Current,49128,98278
28,13,Axis Bank,Savings,92639,83289
29,14,ICICI,Current,53598,66309
30,15,Punjab National Bank,Current,35872,21295
31,15,ICICI,Current,70076,76286
32,15,HDFC,Savings,66049,82066
33,16,Axis Bank,Savings,71169,108863
34,17,HDFC,Savings,98643,108568
35,18,SBI,Current,54410,79022
36,19,Axis Bank,Current,89603,116245
37,20,Punjab National Bank,Savings,6889,0
38,20,Canara Bank,Current,41497,36737
39,20,ICICI,Savings,38327,39484
40,21,SBI,Current,29616,28841
41,21,HDFC,Current,81100,73658
42,21,Kotak Mahindra,Current,97060,119177
43,22,Punjab National Bank,Current,91097,127782
44,22,Kotak Mahindra,Savings,83643,117885
45,23,Axis Bank,Savings,55970,59245
46,24,SBI,Savings,56299,42742
47,25,Punjab National Bank,Current,66504,47368
48,25,Canara Bank,Current,80477,62432
49,25,HDFC,Savings,43659,90473
50,26,SBI,Current,65171,45601
51,26,SBI,Savings,38268,34059
52,27,Axis Bank,Current,94181,107629
53,27,ICICI,Savings,28451,30227
54,28,SBI,Savings,57445,39644
55,28,Axis Bank,Current,89875,96056
56,29,Canara Bank,Current,85249,115670
57,29,Kotak Mahindra,Current,19641,43978
58,30,Axis Bank,Savings,86230,103736
59,31,Axis Bank,Savings,23009,45681
60,31,Punjab National Bank,Current,48503,54721
61,31,SBI,Current,37392,37552
62,32,Axis Bank,Savings,59017,54346
63,32,HDFC,Current,19622,45536
64,32,HDFC,Savings,58116,105715
65,33,Kotak Mahindra,Current,51664,83404
66,34,SBI,Current,77573,125096
67,35,HDFC,Current,44963,72410
68,35,Canara Bank,Current,39938,73248
69,35,SBI,Savings,6736,19652
70,36,Kotak Mahindra,Savings,14318,54011
71,37,Kotak Mahindra,Current,89435,110282
72,38,ICICI,Current,32944,53836
73,39,HDFC,Savings,72955,92203
74,39,Punjab National Bank,Current,15723,44299
75,39,ICICI,Current,33108,32358
76,40,Kotak Mahindra,Current,28227,60749
77,40,Punjab National Bank,Current,45472,38287
78,40,HDFC,Current,14944,19134
79,41,SBI,Savings,92890,80211
80,41,Punjab National Bank,Savings,68848,75269
81,42,ICICI,Savings,23460,12946
82,43,Canara Bank,Current,34305,14882
83,44,SBI,Current,67837,103463
84,44,SBI,Current,22658,24936
85,45,SBI,Current,32902,63766
86,46,ICICI,Savings,41040,62053
87,46,Canara Bank,Savings,68544,57138
88,46,ICICI,Current,58637,103076
89,47,HDFC,Savings,61912,47158
90,47,Punjab National Bank,Current,67408,88595
91,47,SBI,Current,88561,104602
92,48,Kotak Mahindra,Savings,32330,66242
93,48,Canara Bank,Current,55848,52691
94,48,Kotak Mahindra,Savings,30053,57125
95,49,SBI,Savings,7756,0
96,49,ICICI,Current,88746,107436
97,49,Canara Bank,Savings,23358,12228
98,50,Canara Bank,Current,75662,63358
99,50,Axis Bank,Savings,78554,118423
100,50,HDFC,Savings,65496,84564
101,51,ICICI,Current,69892,105262
102,51,HDFC,Savings,15204,19937
103,52,SBI,Current,24443,43232
104,52,HDFC,Current,80516,127864
105,53,Canara Bank,Current,98544,89107
106,53,SBI,Savings,76624,86821
107,53,ICICI,Current,55472,89649
108,54,Punjab National Bank,Current,30551,50084
109,54,ICICI,Savings,27835,34464
110,54,SBI,Savings,64215,64864
111,55,SBI,Current,34000,67345
112,55,ICICI,Savings,78583,93917
113,56,Axis Bank,Current,41152,61682
114,56,Punjab National Bank,Savings,30204,41607
115,56,HDFC,Savings,40375,81171
116,57,SBI,Current,91368,86938
117,58,Kotak Mahindra,Savings,10811,22846
118,59,Canara Bank,Current,98171,88214
119,59,Punjab National Bank,Current,90655,123905
120,60,Kotak Mahindra,Savings,33615,58445
121,61,Kotak Mahindra,Savings,75899,96044
122,61,Axis Bank,Current,59470,65649
123,62,Kotak Mahindra,Current,36895,21867
124,62,HDFC,Savings,62372,67381
125,62,Kotak Mahindra,Savings,62946,101347
126,63,Axis Bank,Current,56818,84788
127,63,Axis Bank,Current,34253,77328
128,63,HDFC,Savings,52546,90824
129,64,Axis Bank,Current,57991,77539
130,65,ICICI,Current,9160,8225
131,65,Punjab National Bank,Savings,85141,100635
132,65,Canara Bank,Current,48344,97360
133,66,Canara Bank,Savings,68303,70550
134,66,Canara Bank,Current,50452,45830
135,66,Axis Bank,Savings,30174,32100
136,67,ICICI,Savings,81819,117746
137,67,Canara Bank,Savings,68031,81183
138,67,Punjab National Bank,Savings,47815,61713
139,68,Axis Bank,Savings,33589,49315
140,68,Kotak Mahindra,Current,44432,54610
141,68,Canara Bank,Savings,94851,113227
142,69,SBI,Savings,41144,54715
143,70,HDFC,Savings,81584,104095
144,71,Axis Bank,Savings,44281,85892
145,71,ICICI,Savings,60994,101867
146,72,Punjab National Bank,Current,89204,115975
147,72,ICICI,Savings,76225,86988
148,72,HDFC,Savings,50625,84454
149,73,Punjab National Bank,Current,22976,31506
150,73,HDFC,Savings,24268,11819
151,74,Kotak Mahindra,Savings,54793,98128
152,75,Punjab National Bank,Savings,37136,71256
153,75,Kotak Mahindra,Current,59352,55911
154,75,Punjab National Bank,Current,91574,109531
155,76,Kotak Mahindra,Current,17999,54707
156,77,ICICI,Current,30435,30441
157,77,Canara Bank,Savings,48660,51596
158,77,Kotak Mahindra,Current,23736,17423
159,78,SBI,Savings,27231,22232
160,78,Kotak Mahindra,Savings,28021,61210
161,78,HDFC,Savings,65909,92440
162,79,Punjab National Bank,Savings,28991,60718
163,79,HDFC,Current,90734,138495
164,80,Axis Bank,Savings,54547,35982
165,80,ICICI,Current,56800,106772
166,80,Punjab National Bank,Current,93664,79184
167,81,Axis Bank,Savings,82357,95656
168,81,ICICI,Current,55778,64939
169,81,Kotak Mahindra,Current,72269,53638
170,82,Canara Bank,Savings,46154,47895
171,82,HDFC,Current,24597,10735
172,82,ICICI,Savings,21202,70860
173,83,ICICI,Savings,91209,134865
174,83,ICICI,Savings,85757,119351
175,83,Axis Bank,Savings,24297,10890
176,84,SBI,Current,43198,25355
177,84,Punjab National Bank,Current,34212,59456
178,84,SBI,Current,31636,22902
179,85,Punjab National Bank,Current,46529,58658
180,85,Punjab National Bank,Savings,77481,100021
181,86,Punjab National Bank,Current,13295,27313
182,87,SBI,Savings,33791,71984
183,88,Punjab National Bank,Savings,74317,61403
184,88,ICICI,Current,77403,82182
185,89,ICICI,Savings,84216,119953
186,89,HDFC,Savings,76803,75915
187,90,Kotak Mahindra,Current,92042,106929
188,91,HDFC,Current,22767,54425
189,91,ICICI,Savings,98133,97541
190,92,Kotak Mahindra,Savings,12033,12350
191,92,Kotak Mahindra,Current,43288,52268
192,92,Canara Bank,Current,24138,53380
193,93,SBI,Current,74948,79241
194,93,HDFC,Current,97319,134268
195,94,SBI,Savings,68054,50369
196,94,Canara Bank,Savings,51957,87940
197,95,ICICI,Current,81835,85213
198,96,Canara Bank,Current,75706,71572
199,96,Kotak Mahindra,Current,99807,136224
200,96,Canara Bank,Savings,8090,40135
201,97,Canara Bank,Savings,28288,10875
202,97,Kotak Mahindra,Current,44049,27163
203,97,ICICI,Savings,35849,54309
204,98,ICICI,Savings,54244,68728
205,98,ICICI,Savings,24187,33911
206,98,Axis Bank,Savings,86267,77687
207,99,SBI,Current,92141,90424
208,99,ICICI,Savings,67177,62489
209,100,Axis Bank,Current,53363,63640
210,100,ICICI,Savings,76096,71414
211,100,SBI,Savings,78388,120158
212,101,Canara Bank,Current,89591,72220
213,101,HDFC,Savings,64559,63880
214,102,ICICI,Savings,16895,37829
215,102,HDFC,Savings,93518,89884
216,103,SBI,Current,92621,111480
217,103,Axis Bank,Savings,43965,43907
218,104,Punjab National Bank,Savings,80139,104531
219,104,ICICI,Savings,84870,99758
220,104,Axis Bank,Savings,47711,30410
221,105,Kotak Mahindra,Savings,44425,83003
222,105,SBI,Current,36049,35002
223,106,Axis Bank,Current,75993,63864
224,107,Punjab National Bank,Current,65401,113780
225,107,Axis Bank,Current,13817,13122
226,107,SBI,Current,90314,119640
227,108,Kotak Mahindra,Savings,46817,95183
228,108,Axis Bank,Savings,26467,73913
229,109,Axis Bank,Current,51620,56562
230,109,HDFC,Savings,63020,111811
231,110,Canara Bank,Savings,49920,74960
232,110,SBI,Current,28573,28786
233,110,SBI,Savings,64851,71110
234,111,SBI,Current,85823,98372
235,111,Kotak Mahindra,Savings,79590,93987
236,112,Kotak Mahindra,Current,45626,43764
237,113,Axis Bank,Savings,46952,52228
238,114,Kotak Mahindra,Current,79439,67774
239,114,Punjab National Bank,Current,39292,38846
240,114,Canara Bank,Current,43558,50885
241,115,ICICI,Savings,56518,58511
242,116,HDFC,Savings,73231,75582
243,117,SBI,Current,34670,83950
244,117,Canara Bank,Savings,90453,110053
245,117,HDFC,Savings,28567,64576
246,118,Kotak Mahindra,Current,72819,102291
247,118,ICICI,Savings,74629,113797
248,119,Axis Bank,Current,79605,64709
249,119,Axis Bank,Savings,53452,92387
250,120,Canara Bank,Savings,95784,128854
251,120,Punjab National Bank,Savings,15975,13340
252,120,Kotak Mahindra,Current,6258,37459
253,121,ICICI,Current,59653,100800
254,122,SBI,Current,70063,72445
255,122,Punjab National Bank,Current,36629,21287
256,123,SBI,Current,53814,72984
257,123,Punjab National Bank,Savings,59199,82154
258,124,Canara Bank,Savings,15356,53363
259,124,Axis Bank,Savings,9494,49684
260,124,Kotak Mahindra,Current,36318,26484
261,125,Punjab National Bank,Current,76014,124167
262,126,SBI,Savings,66058,51016
263,127,Axis Bank,Savings,33368,15981
264,127,Punjab National Bank,Savings,62628,45710
265,128,Kotak Mahindra,Current,21066,65132
266,129,Axis Bank,Savings,79904,124605
267,129,Punjab National Bank,Current,17875,48840
268,130,HDFC,Current,62180,99688
269,131,Axis Bank,Current,49631,62949
270,132,SBI,Current,50216,43098
271,132,HDFC,Current,12717,52654
272,132,Axis Bank,Current,55553,93256
273,133,Kotak Mahindra,Current,8709,0
274,134,Punjab National Bank,Current,93936,119402
275,135,Punjab National Bank,Savings,75324,74276
276,135,Canara Bank,Current,82612,90438
277,135,HDFC,Current,71934,82434
278,136,Kotak Mahindra,Savings,43063,48130
279,136,Kotak Mahindra,Current,57384,47517
280,137,HDFC,Savings,77727,62978
281,138,HDFC,Current,14260,35835
282,138,Kotak Mahindra,Savings,67842,87465
283,139,Kotak Mahindra,Current,57496,101655
284,140,Axis Bank,Savings,66453,68664
285,140,Punjab National Bank,Current,91026,128676
286,140,HDFC,Current,87879,124623
287,141,Axis Bank,Current,85851,103307
288,141,Kotak Mahindra,Savings,39974,74477
289,141,Punjab National Bank,Savings,21095,6716
290,142,SBI,Current,38575,71942
291,142,Punjab National Bank,Current,78185,118002
292,143,Punjab National Bank,Current,28834,12767
293,143,Axis Bank,Current,58675,88201
294,143,Kotak Mahindra,Savings,53483,46944
295,144,Canara Bank,Savings,66770,88027
296,144,Axis Bank,Savings,33575,79838
297,144,ICICI,Current,90574,112699
298,145,Kotak Mahindra,Savings,88928,72069
299,145,Axis Bank,Savings,8756,23560
300,145,Punjab National Bank,Current,33871,71518
301,146,HDFC,Current,77412,81490
302,146,Kotak Mahindra,Current,59922,45850
303,146,HDFC,Savings,34275,40660
304,147,HDFC,Savings,93023,131849
305,147,HDFC,Savings,67138,79888
306,147,Kotak Mahindra,Current,87672,82973
307,148,SBI,Current,53881,93127
308,148,Axis Bank,Current,8030,33235
309,148,Kotak Mahindra,Savings,20599,34212
310,149,Canara Bank,Savings,6991,1312
311,150,Axis Bank,Savings,32344,28997
312,150,Kotak Mahindra,Savings,48005,81764
313,151,ICICI,Current,23349,46516
314,151,HDFC,Current,5924,0
315,151,ICICI,Current,77343,89646
316,152,SBI,Savings,25951,13965
317,152,Punjab National Bank,Savings,20480,70043
318,152,ICICI,Current,97052,104423
319,153,Punjab National Bank,Current,37914,49301
320,153,HDFC,Savings,12186,28239
321,153,ICICI,Savings,31998,76213
322,154,SBI,Current,47468,85524
323,154,SBI,Current,55201,35948
324,154,Kotak Mahindra,Savings,68724,114536
325,155,Canara Bank,Current,59109,97619
326,156,Axis Bank,Savings,83301,106773
327,156,HDFC,Savings,8260,13098
328,156,HDFC,Current,38377,61434
329,157,Kotak Mahindra,Current,28275,70573
330,157,ICICI,Current,33533,58864
331,158,Punjab National Bank,Current,58706,73638
332,158,ICICI,Current,28377,57773
333,158,SBI,Savings,70690,77241
334,159,Kotak Mahindra,Current,72953,103493
335,159,SBI,Current,47685,67230
336,159,Axis Bank,Current,53018,85609
337,160,HDFC,Current,56370,43851
338,160,HDFC,Savings,57255,68582
339,161,HDFC,Savings,55972,99950
340,162,HDFC,Savings,17628,19189
341,162,ICICI,Current,86397,121534
342,163,Punjab National Bank,Current,98064,96119
343,163,SBI,Current,86040,103822
344,163,Punjab National Bank,Savings,64816,105384
345,164,SBI,Savings,22542,62262
346,164,Canara Bank,Savings,38085,59117
347,164,SBI,Current,57749,51910
348,165,Punjab National Bank,Current,95775,137179
349,165,Axis Bank,Current,81356,129450
350,166,SBI,Current,27898,67519
351,166,Canara Bank,Savings,86593,132264
352,166,Canara Bank,Current,53309,54782
353,167,Kotak Mahindra,Savings,9163,0
354,168,Kotak Mahindra,Current,92760,129060
355,168,Axis Bank,Current,41302,89252
356,169,Axis Bank,Current,65503,80765
357,169,SBI,Current,51120,77080
358,169,SBI,Savings,78848,80627
359,170,HDFC,Savings,90624,111337
360,170,Canara Bank,Current,56019,100303
361,171,HDFC,Savings,49276,30338
362,172,HDFC,Current,52638,59427
363,173,Axis Bank,Savings,19794,12411
364,173,ICICI,Savings,28845,54460
365,174,SBI,Current,77327,89201
366,175,Canara Bank,Savings,37134,49768
367,175,Canara Bank,Current,11420,45259
368,176,HDFC,Current,47146,70286
369,176,Axis Bank,Current,29688,58565
370,177,Punjab National Bank,Savings,91786,77748
371,177,Axis Bank,Current,77366,99206
372,178,Axis Bank,Savings,91840,112000
373,179,Axis Bank,Current,5676,44750
374,180,Axis Bank,Savings,55740,57585
375,181,Punjab National Bank,Current,76859,95842
376,182,HDFC,Current,49953,68078
377,182,Punjab National Bank,Savings,73582,77659
378,182,Canara Bank,Current,64050,74215
379,183,Canara Bank,Current,65994,77536
380,183,Kotak Mahindra,Current,10870,53391
381,183,Kotak Mahindra,Savings,43463,53993
382,184,ICICI,Current,91844,100820
383,184,ICICI,Current,85030,78347
384,184,Axis Bank,Savings,68615,113303
385,185,HDFC,Savings,88188,122299
386,186,Punjab National Bank,Current,93533,118370
387,187,Kotak Mahindra,Savings,12108,58796
388,188,ICICI,Savings,22722,33248
389,189,Punjab National Bank,Current,19463,52277
390,189,SBI,Savings,74644,93274
391,190,Punjab National Bank,Savings,88905,91753
392,190,Canara Bank,Current,41303,41998
393,190,ICICI,Savings,63055,50779
394,191,Axis Bank,Current,73600,117482
395,191,SBI,Current,84419,80783
396,191,Punjab National Bank,Current,45608,73866
397,192,Punjab National Bank,Current,13700,33911
398,192,ICICI,Savings,63422,61589
399,193,SBI,Savings,23968,66363
400,194,HDFC,Savings,57676,100575
401,194,Kotak Mahindra,Current,28083,27493
402,194,SBI,Savings,31861,63265
403,195,ICICI,Current,23095,32015
404,195,SBI,Savings,14545,51854
405,196,Canara Bank,Savings,28541,34433
406,196,Kotak Mahindra,Savings,27740,73517
407,197,Canara Bank,Savings,30953,29139
408,197,Punjab National Bank,Current,34337,40475
409,198,SBI,Savings,12227,0
410,198,HDFC,Current,60923,44022
411,199,ICICI,Current,9577,22276
412,199,SBI,Current,40974,39816
413,199,Axis Bank,Current,49841,76208
414,200,Canara Bank,Savings,38920,40545
415,200,Punjab National Bank,Current,96885,119783
416,201,Kotak Mahindra,Current,78867,114299
417,202,Axis Bank,Savings,78385,82628
418,203,Axis Bank,Savings,26863,27017
419,203,Axis Bank,Current,30561,17800
420,203,ICICI,Savings,30662,28024
421,204,Canara Bank,Savings,48384,49095
422,204,Canara Bank,Current,31743,73248
423,205,Axis Bank,Savings,96299,90470
424,205,Punjab National Bank,Savings,67219,75065
425,206,Kotak Mahindra,Current,56073,56857
426,206,Kotak Mahindra,Savings,83327,102508
427,207,ICICI,Current,47252,61579
428,207,Axis Bank,Savings,12972,20522
429,207,Axis Bank,Current,13539,12402
430,208,Axis Bank,Savings,53513,51502
431,209,Kotak Mahindra,Savings,65842,86316
432,210,HDFC,Current,5287,46700
433,210,Canara Bank,Current,18036,50112
434,211,Canara Bank,Savings,89025,131822
435,211,SBI,Savings,75345,57084
436,211,HDFC,Current,62790,61890
437,212,Canara Bank,Current,91456,82080
438,212,HDFC,Savings,66832,113258
439,212,HDFC,Current,71623,88299
440,213,Punjab National Bank,Savings,89960,101281
441,213,SBI,Current,94833,124688
442,214,ICICI,Savings,52214,37577
443,214,ICICI,Savings,79357,94871
444,214,Axis Bank,Savings,89810,77495
445,215,Axis Bank,Savings,18235,0
446,215,Kotak Mahindra,Current,76336,93868
447,216,HDFC,Savings,48826,84313
448,217,Kotak Mahindra,Savings,65142,105774
449,217,Axis Bank,Savings,42845,91865
450,218,Axis Bank,Savings,65000,110586
451,219,ICICI,Savings,59685,72569
452,219,Punjab National Bank,Current,99368,111796
453,220,Axis Bank,Savings,32945,63089
454,220,HDFC,Current,83594,117052
455,220,Punjab National Bank,Current,38912,57377
456,221,ICICI,Savings,92508,118098
457,221,HDFC,Savings,18112,8509
458,221,Axis Bank,Current,7423,6409
459,222,Punjab National Bank,Savings,43376,88466
460,223,ICICI,Savings,93431,136602
461,223,Punjab National Bank,Savings,56347,63662
462,224,Punjab National Bank,Current,62743,84635
463,224,ICICI,Current,34009,48102
464,225,Canara Bank,Savings,11558,0
465,225,Canara Bank,Savings,71364,72452
466,225,ICICI,Current,58627,75921
467,226,HDFC,Current,28274,73443
468,227,HDFC,Current,32080,27381
469,227,Punjab National Bank,Current,26183,56849
470,228,SBI,Current,71672,72084
471,229,Axis Bank,Savings,57329,64704
472,229,Punjab National Bank,Current,80282,98527
473,229,HDFC,Savings,59350,97367
474,230,Canara Bank,Current,37146,23577
475,231,Kotak Mahindra,Current,52343,93502
476,231,Punjab National Bank,Current,24653,19678
477,231,HDFC,Savings,50757,46689
478,232,Punjab National Bank,Savings,41045,36107
479,232,Punjab National Bank,Current,90605,134453
480,233,Punjab National Bank,Savings,6085,26016
481,233,HDFC,Savings,73587,65033
482,233,SBI,Current,84082,87378
483,234,SBI,Current,13752,36928
484,234,Canara Bank,Current,29288,70393
485,234,ICICI,Savings,57154,48763
486,235,Punjab National Bank,Savings,60607,51012
487,235,Kotak Mahindra,Current,26340,35301
488,235,Punjab National Bank,Savings,59768,91433
489,236,Kotak Mahindra,Current,71849,75569
490,236,ICICI,Current,18089,22075
491,237,Punjab National Bank,Savings,43092,64427
492,237,Axis Bank,Current,66672,89014
493,237,ICICI,Savings,84063,67275
494,238,HDFC,Current,84505,77200
495,239,Punjab National Bank,Savings,24030,20940
496,240,Axis Bank,Current,38965,87580
497,240,Kotak Mahindra,Current,59631,74726
498,241,Punjab National Bank,Current,63078,46913
499,242,Punjab National Bank,Current,19722,18583
500,242,Axis Bank,Savings,15580,0
501,243,SBI,Savings,18817,21470
502,243,Kotak Mahindra,Savings,58122,92429
503,243,SBI,Current,5745,41320
504,244,Canara Bank,Savings,44420,64030
505,244,HDFC,Savings,40076,82112
506,245,SBI,Current,32540,53528
507,246,Punjab National Bank,Current,61998,67996
508,246,ICICI,Savings,39149,50906
509,246,Axis Bank,Current,13677,910
510,247,Punjab National Bank,Savings,68464,106381
511,248,SBI,Current,99676,93251
512,248,Punjab National Bank,Savings,96943,121197
513,249,HDFC,Current,66826,81261
514,249,Axis Bank,Savings,68386,67704
515,250,Axis Bank,Current,37270,22535
516,251,Kotak Mahindra,Current,92908,94409
517,251,Canara Bank,Current,70078,95839
518,252,HDFC,Current,63838,93943
519,253,Axis Bank,Current,21328,36320
520,254,Canara Bank,Current,74274,121080
521,255,HDFC,Current,82724,102534
522,256,Axis Bank,Current,21755,13892
523,256,Punjab National Bank,Current,37011,66109
524,257,Punjab National Bank,Savings,99599,109248
525,258,Axis Bank,Savings,10098,0
526,258,Kotak Mahindra,Savings,57562,87994
527,259,Kotak Mahindra,Current,79516,99080
528,260,Kotak Mahindra,Savings,41256,62105
529,260,Punjab National Bank,Current,90226,139200
530,260,Axis Bank,Savings,43816,59731
531,261,Canara Bank,Current,22804,4960
532,261,HDFC,Current,29738,55851
533,262,HDFC,Current,56472,36970
534,262,Kotak Mahindra,Savings,67434,67660
535,263,Canara Bank,Current,94214,88925
536,263,HDFC,Savings,86528,98352
537,264,HDFC,Savings,33097,37228
538,264,Kotak Mahindra,Current,72665,113251
539,264,Kotak Mahindra,Current,41181,73908
540,265,Punjab National Bank,Current,43705,88160
541,265,ICICI,Current,37611,28761
542,265,HDFC,Current,42542,23662
543,266,ICICI,Current,55847,86217
544,267,Punjab National Bank,Current,9387,30538
545,268,SBI,Savings,96097,138836
546,268,ICICI,Savings,75519,110455
547,268,SBI,Current,71666,66233
548,269,Kotak Mahindra,Savings,49372,94141
549,269,Kotak Mahindra,Current,45793,63481
550,270,Kotak Mahindra,Current,62083,102590
551,271,Punjab National Bank,Savings,43918,86910
552,272,HDFC,Savings,65052,76999
553,273,HDFC,Savings,28727,37818
554,273,Kotak Mahindra,Savings,69618,97893
555,274,Punjab National Bank,Savings,71798,114456
556,274,ICICI,Savings,20336,22569
557,274,Axis Bank,Savings,70938,81115
558,275,Punjab National Bank,Savings,31286,42975
559,275,Kotak Mahindra,Savings,75458,102909
560,275,Canara Bank,Savings,42623,34033
561,276,Canara Bank,Current,29400,39651
562,277,SBI,Current,6754,26837
563,278,Axis Bank,Current,86500,68120
564,278,Kotak Mahindra,Savings,64582,59726
565,279,Canara Bank,Current,15819,23350
566,280,ICICI,Savings,34674,18834
567,280,Punjab National Bank,Savings,10491,36044
568,280,Axis Bank,Current,64956,86456
569,281,ICICI,Savings,96219,130450
570,281,Canara Bank,Savings,14429,10293
571,281,Punjab National Bank,Current,53612,78863
572,282,Kotak Mahindra,Savings,80438,101028
573,282,SBI,Savings,50211,55367
574,283,Kotak Mahindra,Current,5572,0
575,284,HDFC,Savings,37504,52641
576,285,ICICI,Savings,33303,33701
577,285,Canara Bank,Savings,37565,34431
578,285,Axis Bank,Current,47581,86101
579,286,ICICI,Current,98324,96012
580,287,Kotak Mahindra,Current,40252,40003
581,288,HDFC,Savings,49868,46120
582,288,Punjab National Bank,Current,28646,9042
583,288,Punjab National Bank,Current,85497,78196
584,289,SBI,Savings,99980,142420
585,290,Kotak Mahindra,Savings,91280,109815
586,291,Axis Bank,Current,84963,131988
587,292,Canara Bank,Savings,11201,31258
588,292,Canara Bank,Current,78919,91602
589,292,HDFC,Current,86339,122556
590,293,Punjab National Bank,Current,62356,66010
591,294,Canara Bank,Current,55724,98111
592,294,ICICI,Current,17191,51349
593,295,Kotak Mahindra,Current,67076,93301
594,296,HDFC,Current,89201,100741
595,296,SBI,Savings,27273,59846
596,296,Punjab National Bank,Savings,98993,142847
597,297,Axis Bank,Current,76019,93643
598,297,Kotak Mahindra,Current,83124,130888
599,298,Punjab National Bank,Savings,55906,58340
600,298,Kotak Mahindra,Current,44275,71809
601,298,SBI,Savings,61553,53259
602,299,Kotak Mahindra,Savings,48661,55659
603,299,ICICI,Savings,60227,105153
604,299,Canara Bank,Current,74845,60442
605,300,HDFC,Current,54602,45965
606,300,Kotak Mahindra,Current,86119,94784
607,301,ICICI,Current,73061,68963
608,301,ICICI,Savings,25446,18570
609,302,Canara Bank,Current,37585,27939
610,302,ICICI,Current,96729,133378
611,302,Axis Bank,Current,37636,72567
612,303,HDFC,Current,89151,128339
613,303,HDFC,Current,55277,51784
614,303,Kotak Mahindra,Current,77022,108196
615,304,Punjab National Bank,Current,35219,50055
616,304,Canara Bank,Current,88489,123021
617,304,ICICI,Savings,73699,115995
618,305,HDFC,Savings,69518,106765
619,306,SBI,Current,22252,8310
620,306,HDFC,Savings,23246,63735
621,307,Axis Bank,Current,94318,106447
622,307,Axis Bank,Current,32955,43414
623,307,ICICI,Savings,49763,79269
624,308,Axis Bank,Savings,33001,77673
625,309,Kotak Mahindra,Savings,77081,94801
626,309,Axis Bank,Current,13215,26952
627,309,Kotak Mahindra,Savings,46094,31208
628,310,SBI,Savings,15595,27232
629,310,Canara Bank,Savings,35105,59423
630,310,ICICI,Current,50778,32090
631,311,Kotak Mahindra,Current,37334,31255
632,311,ICICI,Current,23611,34387
633,312,Punjab National Bank,Current,29212,37279
634,312,Kotak Mahindra,Current,35577,64622
635,313,Punjab National Bank,Savings,17471,55064
636,313,HDFC,Current,29779,46684
637,314,ICICI,Savings,27267,54524
638,314,SBI,Savings,21819,4792
639,314,Canara Bank,Current,63406,70490
640,315,Kotak Mahindra,Savings,72805,71463
641,315,Punjab National Bank,Current,33506,45055
642,316,Kotak Mahindra,Savings,54293,52312
643,316,Punjab National Bank,Savings,46164,66072
644,316,Canara Bank,Savings,95719,94586
645,317,ICICI,Current,50991,98366
646,317,SBI,Savings,37135,78337
647,317,ICICI,Current,30570,59324
648,318,HDFC,Savings,55138,71164
649,318,Punjab National Bank,Current,35907,80198
650,318,Canara Bank,Savings,73547,97336
651,319,Axis Bank,Savings,68263,52221
652,319,Axis Bank,Current,42540,57425
653,320,Canara Bank,Current,10697,32303
654,321,Kotak Mahindra,Current,25869,32488
655,321,Kotak Mahindra,Current,32439,61878
656,322,HDFC,Current,87696,81201
657,323,Kotak Mahindra,Savings,21988,35981
658,323,Axis Bank,Current,62116,103694
659,324,Kotak Mahindra,Savings,10051,33702
660,324,ICICI,Savings,45433,35705
661,324,Axis Bank,Current,67666,113681
662,325,Canara Bank,Current,73129,78253
663,326,Kotak Mahindra,Current,48408,30648
664,326,Kotak Mahindra,Savings,29849,67020
665,327,Axis Bank,Current,40715,82992
666,328,SBI,Current,52403,75800
667,329,Axis Bank,Savings,43625,61450
668,329,ICICI,Savings,21747,18407
669,330,HDFC,Current,59262,64134
670,330,Kotak Mahindra,Savings,28926,20561
671,331,SBI,Current,21977,40767
672,331,ICICI,Current,12475,0
673,331,Axis Bank,Current,7527,0
674,332,SBI,Savings,10016,48564
675,332,HDFC,Current,64708,93470
676,333,ICICI,Savings,79549,122708
677,333,Canara Bank,Savings,75428,116203
678,333,Canara Bank,Current,33183,27530
679,334,Canara Bank,Current,64160,84366
680,335,HDFC,Savings,89339,117035
681,335,ICICI,Current,54467,43247
682,336,ICICI,Savings,41239,52494
683,336,Canara Bank,Savings,44510,55384
684,337,Kotak Mahindra,Savings,81012,121883
685,337,ICICI,Savings,87845,97799
686,338,Punjab National Bank,Current,65981,65421
687,338,Canara Bank,Savings,56624,86330
688,338,ICICI,Current,65205,114338
689,339,HDFC,Current,82788,80859
690,339,Canara Bank,Savings,95944,95556
691,339,Axis Bank,Current,40109,50651
692,340,SBI,Savings,47902,60929
693,340,Kotak Mahindra,Savings,45703,30694
694,340,Punjab National Bank,Savings,69655,115212
695,341,SBI,Savings,37167,62531
696,341,ICICI,Savings,23346,40165
697,341,Punjab National Bank,Savings,6324,35513
698,342,ICICI,Savings,77469,87143
699,342,ICICI,Current,24156,63636
700,343,Axis Bank,Savings,45269,68427
701,343,Axis Bank,Current,43673,74472
702,344,Canara Bank,Savings,21699,6798
703,344,ICICI,Current,64806,76061
704,345,Axis Bank,Savings,32544,45374
705,345,ICICI,Current,71440,101447
706,345,ICICI,Current,65337,86814
707,346,Axis Bank,Savings,11111,32181
708,347,Kotak Mahindra,Savings,21278,17886
709,347,HDFC,Current,62136,88279
710,347,Canara Bank,Savings,89954,92639
711,348,ICICI,Savings,7628,0
712,348,HDFC,Savings,5922,52993
713,349,Axis Bank,Current,76225,115252
714,350,Kotak Mahindra,Current,19687,14146
715,350,ICICI,Savings,73368,73980
716,351,ICICI,Current,75549,56510
717,352,Canara Bank,Current,56813,67673
718,352,ICICI,Current,45739,64371
719,353,HDFC,Savings,43621,91917
720,353,Kotak Mahindra,Current,56589,93896
721,353,Punjab National Bank,Current,70361,88673
722,354,HDFC,Current,61812,84602
723,354,ICICI,Current,75949,103996
724,354,Axis Bank,Current,40556,57850
725,355,Kotak Mahindra,Savings,79112,59178
726,355,Axis Bank,Current,82520,66859
727,355,SBI,Savings,10715,0
728,356,ICICI,Savings,52235,49772
729,356,SBI,Savings,57532,71449
730,356,Punjab National Bank,Current,40653,67872
731,357,Kotak Mahindra,Savings,76941,60553
732,357,HDFC,Savings,24378,52224
733,358,Punjab National Bank,Savings,68523,50067
734,359,SBI,Savings,79840,59873
735,359,HDFC,Savings,85414,124300
736,360,Canara Bank,Current,96529,115096
737,361,ICICI,Savings,96950,77122
738,362,Punjab National Bank,Current,78881,100991
739,363,ICICI,Current,6398,17341
740,363,Punjab National Bank,Savings,48928,32143
741,363,Kotak Mahindra,Savings,68246,96867
742,364,Punjab National Bank,Current,80224,105229
743,365,Axis Bank,Current,31823,35195
744,365,Canara Bank,Savings,84475,68768
745,365,Punjab National Bank,Savings,37052,58616
746,366,Canara Bank,Savings,99826,96261
747,366,Axis Bank,Savings,20608,27954
748,366,SBI,Current,77349,90937
749,367,Canara Bank,Savings,25517,30513
750,367,SBI,Current,59514,101418
751,367,Punjab National Bank,Savings,36017,19766
752,368,HDFC,Current,14260,35841
753,369,SBI,Current,79456,93765
754,369,Punjab National Bank,Current,40337,23421
755,369,ICICI,Savings,10444,2995
756,370,SBI,Current,63480,76119
757,370,Axis Bank,Current,63329,55254
758,371,Canara Bank,Savings,53364,66332
759,371,Canara Bank,Current,55180,36212
760,371,SBI,Savings,64158,97294
761,372,SBI,Current,33304,48873
762,373,Kotak Mahindra,Savings,88444,119840
763,374,ICICI,Savings,39556,20254
764,374,ICICI,Savings,42922,45449
765,375,ICICI,Savings,22959,32666
766,375,SBI,Current,65114,107430
767,375,Kotak Mahindra,Savings,96615,100586
768,376,SBI,Current,49984,53965
769,376,HDFC,Current,45887,92386
770,376,Axis Bank,Savings,22055,28549
771,377,Canara Bank,Savings,42546,54927
772,378,Axis Bank,Savings,73508,58587
773,378,Axis Bank,Current,23850,59062
774,378,Kotak Mahindra,Savings,16327,0
775,379,Punjab National Bank,Savings,91995,80754
776,379,ICICI,Savings,99345,96964
777,379,Punjab National Bank,Current,17433,40386
778,380,Canara Bank,Savings,5245,0
779,380,SBI,Current,19611,63879
780,381,Axis Bank,Savings,68463,79667
781,381,SBI,Current,65789,98547
782,381,SBI,Savings,85482,92874
783,382,SBI,Savings,90066,114464
784,383,Kotak Mahindra,Savings,59148,66962
785,383,Canara Bank,Current,43612,77586
786,383,Axis Bank,Savings,93376,120840
787,384,Punjab National Bank,Current,66696,113721
788,384,HDFC,Current,85532,89227
789,385,Axis Bank,Current,40166,28006
790,385,ICICI,Current,64624,47160
791,385,Kotak Mahindra,Current,72012,57352
792,386,Punjab National Bank,Current,91740,75824
793,386,Punjab National Bank,Current,49340,90594
794,386,Punjab National Bank,Savings,31836,54656
795,387,ICICI,Savings,99941,147403
796,388,SBI,Savings,44701,81645
797,388,Kotak Mahindra,Current,62926,47317
798,388,Punjab National Bank,Current,42290,31412
799,389,Canara Bank,Savings,82186,68903
800,389,ICICI,Current,81508,117501
801,389,Kotak Mahindra,Current,32296,40255
802,390,Punjab National Bank,Savings,79741,91461
803,391,ICICI,Savings,95667,115552
804,391,SBI,Savings,51463,75984
805,391,ICICI,Savings,44749,48217
806,392,Punjab National Bank,Current,51631,92898
807,393,Canara Bank,Savings,82927,64310
808,393,Punjab National Bank,Current,68816,102166
809,393,Kotak Mahindra,Savings,67615,54380
810,394,SBI,Savings,15884,0
811,395,Canara Bank,Savings,32605,58192
812,395,SBI,Savings,69711,55845
813,395,Canara Bank,Current,25270,72293
814,396,Punjab National Bank,Savings,9163,2328
815,396,Kotak Mahindra,Current,73921,66119
816,397,Kotak Mahindra,Current,16494,14765
817,398,Canara Bank,Savings,64254,93245
818,398,Kotak Mahindra,Current,75794,117565
819,399,Punjab National Bank,Savings,83917,130273
820,399,Kotak Mahindra,Savings,8872,747
821,400,Axis Bank,Savings,31455,18571
822,400,Punjab National Bank,Savings,88453,126325
823,400,Kotak Mahindra,Savings,78361,84120
824,401,Axis Bank,Savings,97649,100607
825,401,Kotak Mahindra,Current,59663,93030
826,401,Axis Bank,Current,69923,65171
827,402,Canara Bank,Current,72373,82534
828,402,ICICI,Current,7830,45332
829,402,ICICI,Savings,53770,94301
830,403,Punjab National Bank,Savings,26774,67736
831,403,ICICI,Savings,65153,102242
832,404,Canara Bank,Current,28422,53001
833,404,Punjab National Bank,Current,50076,52267
834,405,Kotak Mahindra,Current,7985,0
835,405,ICICI,Current,81576,123319
836,405,Canara Bank,Current,85291,100868
837,406,ICICI,Current,94259,85049
838,406,SBI,Savings,90319,137458
839,407,Axis Bank,Savings,5090,12966
840,407,Canara Bank,Savings,11543,34041
841,408,Axis Bank,Savings,78306,119684
842,409,Canara Bank,Savings,75783,93809
843,409,SBI,Current,9320,50045
844,410,Axis Bank,Current,49751,84749
845,410,ICICI,Current,19902,15336
846,411,Punjab National Bank,Savings,16294,40707
847,412,Canara Bank,Savings,30749,75819
848,412,Punjab National Bank,Current,98847,101707
849,412,Punjab National Bank,Savings,75660,86640
850,413,Axis Bank,Current,66264,108134
851,413,Canara Bank,Current,26946,55955
852,414,Axis Bank,Savings,59612,56102
853,414,HDFC,Current,99376,85660
854,414,SBI,Current,79421,63005
855,415,Axis Bank,Current,55490,68043
856,416,Axis Bank,Savings,8563,31039
857,416,Punjab National Bank,Current,50111,35335
858,416,Punjab National Bank,Savings,12374,53640
859,417,ICICI,Current,59962,81088
860,417,Kotak Mahindra,Savings,25199,33695
861,418,Kotak Mahindra,Current,5439,19802
862,419,HDFC,Current,19052,19642
863,420,HDFC,Savings,11643,15902
864,420,ICICI,Savings,15395,7555
865,421,Axis Bank,Savings,78942,118731
866,421,Punjab National Bank,Savings,87858,126646
867,422,Punjab National Bank,Savings,46688,31872
868,422,Canara Bank,Current,7761,11741
869,423,Canara Bank,Savings,74026,122856
870,424,Axis Bank,Savings,86938,99925
871,424,Axis Bank,Current,9282,35737
872,424,Kotak Mahindra,Savings,16168,0
873,425,Kotak Mahindra,Savings,99568,81439
874,425,Punjab National Bank,Savings,88505,127652
875,426,Kotak Mahindra,Current,9299,11656
876,426,ICICI,Current,50940,85228
877,426,Punjab National Bank,Current,29121,44686
878,427,Punjab National Bank,Savings,82449,72574
879,427,Canara Bank,Current,5746,23466
880,427,HDFC,Current,95866,129374
881,428,Punjab National Bank,Savings,12178,9869
882,428,Canara Bank,Current,98543,93244
883,428,Punjab National Bank,Current,64349,96832
884,429,ICICI,Current,82025,104284
885,429,Kotak Mahindra,Savings,11571,25567
886,429,Canara Bank,Current,27873,30401
887,430,Kotak Mahindra,Current,90365,92443
888,431,HDFC,Current,37828,31708
889,432,Kotak Mahindra,Current,10016,0
890,433,Axis Bank,Current,45617,49962
891,434,Canara Bank,Savings,8995,0
892,434,ICICI,Savings,93880,106818
893,435,Punjab National Bank,Savings,11697,59974
894,436,Canara Bank,Current,48992,84782
895,436,HDFC,Savings,98502,121151
896,437,HDFC,Current,84638,77930
897,438,Canara Bank,Current,94962,75507
898,438,Kotak Mahindra,Current,71053,101975
899,439,Axis Bank,Current,41834,88024
900,439,HDFC,Current,21197,22343
901,439,HDFC,Savings,54941,39634
902,440,ICICI,Current,51286,77023
903,440,Axis Bank,Current,55024,85789
904,441,ICICI,Current,81988,116713
905,442,Kotak Mahindra,Current,74054,104331
906,442,ICICI,Savings,23292,48228
907,442,ICICI,Current,13035,25975
908,443,SBI,Current,63132,103130
909,444,ICICI,Current,95035,76350
910,445,SBI,Savings,48572,36849
911,446,Canara Bank,Current,95696,116688
912,447,Canara Bank,Savings,41847,73137
913,447,Punjab National Bank,Current,52521,44248
914,447,SBI,Savings,81106,85238
915,448,SBI,Current,30181,36730
916,448,Axis Bank,Current,59364,104490
917,448,HDFC,Savings,88148,120781
918,449,Axis Bank,Current,10212,30269
919,449,SBI,Current,89573,136378
920,450,Kotak Mahindra,Savings,84218,114313
921,451,Axis Bank,Savings,78229,121743
922,452,Kotak Mahindra,Current,7686,3944
923,452,Canara Bank,Current,34263,18076
924,453,Axis Bank,Current,58453,69475
925,454,ICICI,Savings,23474,40669
926,454,Punjab National Bank,Current,26562,66036
927,454,Kotak Mahindra,Current,68017,51389
928,455,ICICI,Savings,66904,61957
929,456,SBI,Current,20673,1994
930,456,HDFC,Savings,50997,77275
931,457,Axis Bank,Current,78469,65107
932,458,Punjab National Bank,Current,27088,69358
933,459,Axis Bank,Current,93450,95111
934,459,Kotak Mahindra,Current,13991,8605
935,460,Canara Bank,Savings,30543,71700
936,460,Canara Bank,Current,73715,55205
937,461,HDFC,Current,28275,44733
938,461,Kotak Mahindra,Current,77343,61357
939,462,ICICI,Current,10861,40110
940,462,Canara Bank,Current,84955,71756
941,463,SBI,Current,78896,106394
942,463,Kotak Mahindra,Current,49758,42571
943,463,SBI,Current,31065,69034
944,464,Canara Bank,Current,41194,86228
945,464,HDFC,Savings,97649,80030
946,464,ICICI,Savings,40878,36433
947,465,Axis Bank,Savings,76771,59565
948,465,Axis Bank,Current,89693,125813
949,466,SBI,Current,88647,95406
950,466,ICICI,Current,7250,39951
951,466,SBI,Savings,41789,70201
952,467,SBI,Current,38440,46909
953,468,Punjab National Bank,Savings,43458,27016
954,468,Kotak Mahindra,Current,62066,66782
955,468,HDFC,Savings,13748,35912
956,469,Canara Bank,Current,88097,74322
957,469,Kotak Mahindra,Savings,21824,67160
958,470,ICICI,Current,52859,73258
959,471,ICICI,Current,13588,0
960,472,SBI,Current,96506,142706
961,472,SBI,Current,40233,63288
962,473,ICICI,Savings,83030,103875
963,473,Axis Bank,Current,34371,31449
964,474,Kotak Mahindra,Current,45594,51756
965,474,Punjab National Bank,Current,49335,94862
966,475,Kotak Mahindra,Savings,54274,47704
967,476,Kotak Mahindra,Current,43973,51673
968,477,Canara Bank,Savings,19843,34258
969,477,Punjab National Bank,Current,17266,2094
970,478,Punjab National Bank,Savings,59714,70878
971,479,SBI,Current,43231,25478
972,479,SBI,Savings,25785,66319
973,480,HDFC,Savings,15661,36043
974,480,HDFC,Savings,8151,24156
975,481,ICICI,Savings,7620,18395
976,482,Canara Bank,Savings,27771,18806
977,483,ICICI,Savings,97050,101117
978,483,Axis Bank,Current,75601,73890
979,484,ICICI,Current,56370,77932
980,484,Kotak Mahindra,Savings,55304,49851
981,484,HDFC,Savings,30811,80105
982,485,ICICI,Savings,35862,78414
983,485,Kotak Mahindra,Current,53332,66079
984,485,ICICI,Savings,8339,0
985,486,Punjab National Bank,Savings,30048,13751
986,486,Axis Bank,Savings,46641,37873
987,487,Punjab National Bank,Savings,14170,31895
988,487,Punjab National Bank,Current,8258,56095
989,487,HDFC,Current,86239,83381
990,488,ICICI,Current,84312,101223
991,488,Kotak Mahindra,Savings,45874,58245
992,488,ICICI,Current,93050,94404
993,489,SBI,Current,89883,110213
994,489,Canara Bank,Current,83832,67983
995,490,Canara Bank,Savings,61495,106135
996,491,HDFC,Current,31373,15194
997,491,Canara Bank,Savings,69585,64727
998,491,ICICI,Savings,53683,85181
999,492,Axis Bank,Current,32371,62890
1000,493,ICICI,Savings,19025,16738
1001,494,Punjab National Bank,Savings,40726,87910
1002,494,HDFC,Savings,67264,73105
1003,494,HDFC,Current,73466,96426
1004,495,Kotak Mahindra,Current,91058,79570
1005,496,Punjab National Bank,Savings,16402,0
1006,496,Punjab National Bank,Savings,13559,0
1007,497,HDFC,Current,46417,47281
1008,497,Canara Bank,Current,93310,134188
1009,498,Axis Bank,Current,78161,97007
1010,499,ICICI,Current,22961,21054
1011,500,HDFC,Current,76719,74037
