investment_id,user_id,investment_type,amount,purchase_date,current_value
1,452,Gold,319592,2026-05-03,410940.69
2,324,Stocks,83808,2026-03-31,98722.18
3,3,Gold,337841,2025-08-21,281895.7
4,208,Fixed Deposits,188681,2025-02-12,228514.33
5,452,Cryptocurrency,259243,2026-05-11,386169.22
6,496,Mutual Funds,351507,2026-05-16,483281.64
7,172,Fixed Deposits,446376,2026-04-02,391657.24
8,291,Stocks,344737,2024-12-21,444869.13
9,73,Gold,23689,2025-03-02,31062.78
10,180,Fixed Deposits,220328,2025-11-29,259391.17
11,359,Mutual Funds,465178,2025-11-29,588251.58
12,177,Stocks,159323,2024-08-01,172817.33
13,377,Fixed Deposits,475000,2024-08-20,638733.33
14,468,Gold,306386,2025-09-01,374601.91
15,282,Fixed Deposits,32649,2025-03-03,44535.42
16,443,Fixed Deposits,424855,2026-03-12,449276.87
17,228,Fixed Deposits,32407,2024-12-20,42537.15
18,83,Fixed Deposits,182167,2024-11-15,277164.75
19,455,Gold,221012,2024-10-16,201350.47
20,177,Gold,34156,2025-02-13,27579.39
21,158,Fixed Deposits,491347,2025-09-04,663957.76
22,464,Cryptocurrency,170465,2024-09-06,156005.52
23,81,Cryptocurrency,458689,2025-12-23,700971.18
24,328,Fixed Deposits,434901,2025-09-09,466618.92
25,255,Mutual Funds,355467,2026-02-27,307082.13
26,393,Stocks,129333,2026-06-04,203818.42
27,451,Stocks,261379,2025-10-11,295920.05
28,397,Stocks,286278,2024-09-11,414263.0
29,207,Stocks,192853,2026-03-20,224731.37
30,132,Mutual Funds,365212,2026-07-12,564205.44
31,426,Fixed Deposits,435438,2025-09-06,427382.91
32,38,Cryptocurrency,375173,2026-06-04,321183.25
33,329,Cryptocurrency,292774,2025-07-27,244558.67
34,422,Fixed Deposits,146872,2024-10-13,131653.65
35,16,Gold,498590,2024-11-09,624045.63
36,267,Gold,387933,2025-12-11,505399.16
37,138,Fixed Deposits,157355,2025-05-25,233691.79
38,318,Fixed Deposits,414378,2025-04-10,405882.49
39,440,Fixed Deposits,176614,2026-04-18,180799.13
40,234,Stocks,85109,2025-11-05,136014.74
41,406,Cryptocurrency,125558,2025-02-05,150799.03
42,433,Fixed Deposits,232834,2026-06-28,274497.0
43,158,Cryptocurrency,146263,2025-09-26,227064.13
44,187,Gold,42194,2026-02-23,45547.2
45,279,Stocks,39820,2025-02-04,39245.34
46,171,Fixed Deposits,215987,2025-06-14,201207.16
47,277,Cryptocurrency,297306,2026-04-17,377620.52
48,233,Cryptocurrency,435688,2025-01-04,665974.13
49,150,Stocks,312565,2026-04-09,378347.74
50,204,Cryptocurrency,192217,2026-04-26,304835.42
51,162,Gold,431279,2026-06-22,622966.17
52,432,Cryptocurrency,445940,2025-02-27,624966.64
53,439,Cryptocurrency,10456,2025-11-08,10457.63
54,369,Gold,434265,2025-01-19,535078.97
55,379,Cryptocurrency,53849,2024-08-10,76107.0
56,185,Stocks,40382,2025-02-06,43906.73
57,340,Cryptocurrency,371290,2026-01-25,353346.31
58,15,Stocks,50829,2025-08-31,46417.98
59,139,Gold,498705,2025-10-26,737996.68
60,238,Fixed Deposits,191228,2024-11-23,289373.37
61,410,Mutual Funds,252283,2025-08-28,322539.83
62,305,Mutual Funds,233946,2026-06-27,191521.67
63,487,Fixed Deposits,440881,2025-07-01,382707.04
64,377,Stocks,229615,2024-08-22,339816.58
65,487,Stocks,84340,2026-03-16,133102.68
66,351,Gold,276906,2026-06-10,265366.76
67,78,Mutual Funds,263220,2025-08-10,348716.08
68,452,Mutual Funds,356187,2024-12-01,494229.43
69,358,Cryptocurrency,144204,2025-08-13,159102.28
70,30,Stocks,213540,2026-02-17,186825.96
71,170,Mutual Funds,169863,2025-08-10,246652.84
72,371,Mutual Funds,493523,2025-05-21,487331.19
73,329,Fixed Deposits,447575,2026-06-14,509262.13
74,151,Stocks,84702,2025-11-18,74586.79
75,348,Stocks,58187,2024-08-06,89935.1
76,500,Fixed Deposits,437887,2026-04-08,506684.4
77,189,Fixed Deposits,404406,2025-12-26,545022.75
78,175,Gold,246597,2026-06-22,356075.29
79,167,Fixed Deposits,250683,2026-03-08,229596.02
80,379,Mutual Funds,143741,2025-11-04,181904.64
81,240,Gold,488370,2025-07-12,722483.1
82,222,Stocks,489194,2026-01-16,691129.4
83,30,Stocks,61428,2026-06-26,50093.75
84,233,Stocks,135266,2025-02-17,215029.03
85,149,Stocks,136169,2024-11-21,141214.36
86,320,Mutual Funds,33176,2026-05-17,28525.2
87,378,Stocks,82431,2025-06-03,68493.57
88,161,Fixed Deposits,479337,2024-11-11,621537.53
89,495,Gold,205585,2026-03-17,189139.7
90,381,Fixed Deposits,488595,2024-12-07,531751.03
91,383,Gold,313366,2025-07-30,396543.38
92,423,Fixed Deposits,53663,2025-05-05,61560.48
93,128,Cryptocurrency,80037,2026-06-12,121958.48
94,264,Fixed Deposits,120782,2026-04-22,159216.56
95,291,Gold,136567,2025-12-25,176536.28
96,58,Mutual Funds,386631,2026-03-17,459705.34
97,1,Gold,66248,2024-08-09,80899.13
98,214,Gold,278460,2026-02-19,266907.73
99,320,Cryptocurrency,351362,2026-05-04,546634.2
100,381,Stocks,105828,2026-06-28,114440.93
101,429,Cryptocurrency,32525,2025-02-27,48725.49
102,155,Cryptocurrency,276519,2025-06-13,288455.17
103,234,Cryptocurrency,228246,2025-06-05,362110.67
104,435,Stocks,236499,2026-06-10,376929.21
105,131,Fixed Deposits,414315,2024-08-21,477860.87
106,385,Stocks,66226,2024-08-31,90884.3
107,221,Gold,228540,2026-07-05,204985.88
108,423,Gold,306785,2024-09-29,354017.97
109,79,Fixed Deposits,439635,2026-03-18,472835.83
110,314,Mutual Funds,227326,2026-03-04,267305.78
111,144,Stocks,240978,2026-07-05,252223.48
112,404,Fixed Deposits,178819,2025-09-17,168077.95
113,499,Fixed Deposits,298628,2025-06-06,366167.15
114,342,Gold,111354,2025-08-09,127124.22
115,51,Gold,151346,2025-06-21,169701.64
116,100,Stocks,430949,2026-01-13,359224.39
117,1,Mutual Funds,178163,2026-05-25,235513.73
118,467,Mutual Funds,102105,2025-07-01,149159.42
119,480,Fixed Deposits,213793,2024-08-21,237141.21
120,80,Cryptocurrency,53314,2025-11-12,56192.63
121,235,Gold,176731,2025-08-22,194256.58
122,211,Gold,462971,2025-01-12,735633.81
123,180,Fixed Deposits,470565,2024-09-18,734195.48
124,295,Stocks,394762,2025-11-18,410068.94
125,28,Gold,177983,2024-09-08,190347.08
126,399,Cryptocurrency,103631,2025-04-27,149723.47
127,439,Fixed Deposits,340578,2024-09-05,542639.72
128,243,Mutual Funds,274483,2026-05-13,400233.68
129,313,Cryptocurrency,34777,2025-10-27,29926.28
130,235,Cryptocurrency,94227,2024-08-21,115342.42
131,37,Fixed Deposits,87113,2026-01-20,111199.35
132,158,Gold,437551,2026-05-09,435316.14
133,91,Mutual Funds,306490,2025-02-07,308259.63
134,11,Mutual Funds,40962,2025-11-13,50631.65
135,230,Cryptocurrency,72321,2024-07-31,86965.77
136,440,Cryptocurrency,124657,2025-02-14,188189.88
137,315,Stocks,392982,2025-07-15,616842.95
138,366,Gold,167974,2024-07-18,203619.71
139,259,Fixed Deposits,407547,2025-05-13,562497.86
140,282,Fixed Deposits,258757,2025-10-10,308399.27
141,416,Gold,441652,2026-02-10,406255.13
142,323,Stocks,392754,2025-11-18,594795.74
143,173,Gold,371156,2025-09-08,298898.69
144,95,Cryptocurrency,359678,2024-10-02,387389.75
145,274,Fixed Deposits,455453,2025-06-23,513793.48
146,332,Gold,206435,2024-12-18,305682.8
147,15,Mutual Funds,364841,2025-03-26,562490.84
148,371,Cryptocurrency,110172,2024-09-19,95107.31
149,248,Gold,479663,2025-10-20,750007.47
150,227,Mutual Funds,281639,2025-09-15,349547.02
151,131,Fixed Deposits,167786,2026-03-30,154450.54
152,344,Stocks,144527,2025-02-07,225435.27
153,35,Mutual Funds,118012,2025-02-05,168005.02
154,193,Stocks,198563,2024-11-01,316559.28
155,227,Gold,458977,2025-02-09,518297.19
156,297,Stocks,149344,2026-01-11,209137.59
157,98,Gold,341830,2025-01-14,274140.18
158,447,Fixed Deposits,449582,2025-08-13,405068.39
159,59,Mutual Funds,147095,2025-02-01,163839.59
160,226,Mutual Funds,384679,2025-12-29,594645.65
161,227,Gold,128984,2025-02-23,122500.07
162,87,Fixed Deposits,428794,2026-01-24,363974.97
163,224,Mutual Funds,188011,2025-09-22,239423.6
164,313,Gold,114535,2024-11-17,115250.28
165,382,Cryptocurrency,334776,2025-08-26,441677.2
166,359,Fixed Deposits,332677,2026-01-07,297749.02
167,137,Cryptocurrency,450709,2024-10-03,491879.18
168,389,Fixed Deposits,334440,2025-06-20,321275.4
169,240,Stocks,471652,2025-04-12,464405.81
170,281,Cryptocurrency,313494,2024-12-20,338392.5
171,326,Cryptocurrency,120835,2025-12-21,179327.98
172,63,Fixed Deposits,60762,2026-01-28,84097.54
173,207,Cryptocurrency,151606,2025-04-03,139138.21
174,488,Mutual Funds,302902,2025-09-18,451672.18
175,463,Cryptocurrency,159995,2026-01-10,243607.51
176,382,Stocks,109513,2025-06-01,134730.86
177,282,Stocks,48575,2025-07-07,60602.23
178,395,Cryptocurrency,213148,2025-11-09,216140.43
179,56,Stocks,234084,2026-02-07,229876.08
180,243,Gold,419140,2024-08-02,434280.38
181,489,Cryptocurrency,38317,2025-04-19,54395.91
182,143,Cryptocurrency,91786,2026-01-16,120901.95
183,54,Stocks,379327,2025-01-25,341042.61
184,156,Cryptocurrency,55719,2025-07-31,52170.6
185,489,Mutual Funds,159593,2025-08-27,145039.3
186,62,Mutual Funds,163609,2026-02-02,145321.73
187,255,Gold,156533,2025-11-12,214339.81
188,425,Mutual Funds,122422,2025-10-03,188327.12
189,111,Fixed Deposits,115393,2025-12-27,165888.23
190,288,Cryptocurrency,59077,2026-06-05,90742.71
191,363,Gold,419298,2026-06-08,526835.01
192,164,Stocks,311176,2024-12-16,397647.42
193,156,Gold,202912,2025-12-28,268300.2
194,269,Gold,283833,2026-01-25,304408.65
195,374,Gold,117707,2025-01-24,185989.08
196,96,Stocks,246232,2024-10-16,234733.48
197,193,Stocks,388660,2025-03-01,392615.07
198,185,Mutual Funds,284084,2025-09-14,417847.61
199,98,Cryptocurrency,319833,2026-05-18,327303.67
200,117,Fixed Deposits,458747,2024-12-27,726414.54
201,93,Stocks,30917,2025-11-24,29117.88
202,135,Mutual Funds,82554,2026-06-16,95818.88
203,191,Cryptocurrency,400385,2026-07-07,501470.65
204,156,Gold,459070,2025-12-14,633068.2
205,236,Cryptocurrency,308611,2026-03-06,400670.44
206,5,Stocks,76742,2025-01-18,122591.58
207,200,Mutual Funds,79024,2026-07-16,66816.66
208,46,Cryptocurrency,488268,2024-08-25,416294.54
209,202,Cryptocurrency,54450,2025-06-10,77139.93
210,191,Fixed Deposits,385732,2026-05-31,442649.09
211,356,Cryptocurrency,113348,2025-08-03,180052.41
212,304,Cryptocurrency,14435,2026-01-09,19271.09
213,17,Cryptocurrency,258384,2025-05-19,332135.14
214,255,Cryptocurrency,22338,2024-09-01,34602.98
215,95,Cryptocurrency,94748,2026-07-11,144273.53
216,41,Fixed Deposits,466564,2025-03-23,638117.38
217,425,Fixed Deposits,485243,2026-05-16,604071.66
218,250,Stocks,141076,2025-02-03,198640.82
219,464,Fixed Deposits,214692,2025-06-02,193359.49
220,490,Mutual Funds,263743,2025-12-22,403727.24
221,221,Mutual Funds,422166,2024-08-06,405981.61
222,13,Stocks,204031,2024-12-25,210390.08
223,307,Fixed Deposits,315298,2025-07-16,404751.83
224,95,Fixed Deposits,64330,2026-03-18,81871.06
225,244,Stocks,280487,2025-03-03,228994.83
226,171,Cryptocurrency,90205,2025-12-31,85907.66
227,319,Cryptocurrency,88240,2025-04-18,133214.5
228,118,Cryptocurrency,157418,2025-12-31,241308.3
229,136,Stocks,67613,2024-10-22,88927.68
230,474,Stocks,371046,2025-09-09,327047.26
231,251,Gold,422837,2025-11-30,458979.12
232,113,Cryptocurrency,343680,2025-11-02,362229.32
233,292,Fixed Deposits,132168,2025-05-05,161665.34
234,458,Fixed Deposits,450632,2025-12-01,630575.83
235,378,Stocks,184553,2025-05-26,214290.35
236,385,Gold,56627,2024-10-24,65114.11
237,35,Fixed Deposits,457107,2025-01-14,648466.44
238,52,Stocks,394431,2025-12-29,391067.92
239,320,Mutual Funds,77580,2025-12-19,101014.36
240,166,Cryptocurrency,423946,2024-11-09,603016.63
241,8,Cryptocurrency,260407,2026-03-22,267668.82
242,362,Cryptocurrency,412995,2026-07-13,403671.69
243,311,Cryptocurrency,82928,2025-12-17,66910.62
244,128,Cryptocurrency,16126,2024-07-23,22547.62
245,63,Fixed Deposits,439043,2025-07-04,527908.58
246,224,Fixed Deposits,366668,2025-12-25,475958.73
247,352,Mutual Funds,388006,2024-10-30,381954.9
248,399,Fixed Deposits,242959,2025-11-30,341176.4
249,72,Stocks,347849,2025-07-17,501657.78
250,243,Fixed Deposits,330258,2025-08-23,495611.11
251,432,Stocks,300025,2026-04-01,432768.98
252,151,Cryptocurrency,471430,2026-01-09,660333.2
253,179,Cryptocurrency,479753,2025-06-21,616032.83
254,299,Fixed Deposits,11842,2026-04-28,14899.4
255,203,Fixed Deposits,326674,2025-05-04,505540.06
256,195,Fixed Deposits,310325,2026-05-20,463385.47
257,299,Cryptocurrency,454957,2024-10-14,544657.85
258,316,Mutual Funds,401224,2024-12-26,451110.13
259,425,Stocks,382519,2025-04-16,539233.06
260,306,Fixed Deposits,370214,2024-12-20,344901.8
261,415,Stocks,417099,2026-05-07,555926.43
262,483,Stocks,270690,2025-10-26,256435.54
263,397,Stocks,270621,2024-10-21,232883.05
264,200,Fixed Deposits,96049,2025-10-07,125254.68
265,108,Mutual Funds,349257,2025-04-01,522450.4
266,163,Fixed Deposits,78457,2026-06-05,74712.12
267,179,Fixed Deposits,213188,2025-06-28,175363.55
268,457,Stocks,216431,2026-06-24,280325.94
269,442,Stocks,177357,2026-04-13,173654.37
270,470,Fixed Deposits,290978,2025-11-30,403656.98
271,459,Mutual Funds,120834,2025-04-11,121633.84
272,141,Fixed Deposits,107160,2024-07-17,97799.31
273,176,Stocks,378781,2026-06-07,523347.58
274,248,Mutual Funds,82890,2025-03-03,70343.94
275,313,Cryptocurrency,184305,2025-10-24,169027.85
276,304,Gold,475124,2024-08-17,708672.55
277,123,Cryptocurrency,113421,2025-12-01,163372.74
278,421,Mutual Funds,27201,2024-11-01,41652.17
279,65,Fixed Deposits,484333,2024-11-20,500673.34
280,71,Mutual Funds,222083,2025-10-23,250418.73
281,353,Fixed Deposits,115623,2025-06-30,131690.13
282,57,Gold,46715,2024-11-01,56227.82
283,416,Stocks,197403,2025-11-10,169739.26
284,283,Stocks,164222,2025-04-03,186149.8
285,10,Fixed Deposits,160576,2025-08-29,198960.6
286,469,Cryptocurrency,497760,2025-03-24,548107.13
287,17,Cryptocurrency,87681,2025-04-22,134292.67
288,428,Gold,91167,2025-09-02,117307.29
289,31,Cryptocurrency,51543,2025-01-03,53642.74
290,318,Cryptocurrency,451520,2024-08-16,426762.84
291,386,Mutual Funds,145358,2026-06-19,187303.83
292,467,Cryptocurrency,368614,2025-07-15,330517.14
293,384,Mutual Funds,293858,2025-11-24,315277.7
294,5,Cryptocurrency,361238,2025-03-01,391344.82
295,286,Fixed Deposits,426603,2025-04-14,548256.56
296,317,Fixed Deposits,363380,2025-07-15,336939.03
297,283,Gold,426990,2025-07-12,521826.92
298,308,Mutual Funds,137083,2025-11-29,166028.8
299,224,Gold,479852,2025-03-24,511776.47
300,144,Cryptocurrency,56588,2024-12-29,76524.77
301,341,Gold,354008,2026-03-20,462733.27
302,210,Cryptocurrency,277417,2025-01-15,433149.99
303,140,Cryptocurrency,496604,2026-04-27,670582.63
304,132,Cryptocurrency,39855,2024-12-14,37416.38
305,336,Gold,297115,2025-04-10,264315.78
306,274,Fixed Deposits,31716,2025-06-04,31604.55
307,151,Gold,288612,2024-10-19,420853.92
308,233,Mutual Funds,259130,2025-03-05,279639.41
309,175,Cryptocurrency,373689,2025-01-28,513060.81
310,272,Stocks,319653,2024-09-29,496577.64
311,474,Gold,136503,2025-03-14,167960.54
312,18,Gold,211741,2025-12-22,197600.13
313,500,Gold,52711,2026-07-15,60475.63
314,37,Cryptocurrency,30360,2025-03-13,39661.15
315,10,Stocks,99669,2024-10-08,90723.11
316,61,Fixed Deposits,485420,2026-07-15,424772.41
317,292,Stocks,157384,2025-01-05,138581.4
318,184,Gold,216000,2024-09-17,203719.82
319,247,Fixed Deposits,135531,2025-10-04,184098.05
320,467,Mutual Funds,392806,2025-12-14,471597.62
321,179,Stocks,230406,2024-12-02,327328.29
322,274,Stocks,412348,2024-08-27,537131.21
323,233,Fixed Deposits,71315,2024-11-05,90370.26
324,165,Stocks,452848,2024-11-18,474587.12
325,250,Gold,85760,2025-05-30,118084.24
326,60,Fixed Deposits,234644,2024-08-05,219614.71
327,431,Gold,300316,2026-04-02,373944.03
328,483,Cryptocurrency,182460,2025-11-22,273037.63
329,137,Cryptocurrency,236372,2025-12-27,330073.83
330,405,Cryptocurrency,12017,2024-09-10,10931.32
331,10,Gold,377848,2025-07-08,549501.52
332,332,Stocks,208988,2025-04-02,319240.91
333,85,Fixed Deposits,381901,2025-09-28,354190.02
334,75,Gold,264643,2024-12-02,300453.88
335,76,Mutual Funds,274096,2026-04-06,224309.86
336,487,Gold,295901,2025-03-16,372957.2
337,153,Mutual Funds,444701,2025-10-13,688160.63
338,389,Mutual Funds,271708,2025-11-23,304479.55
339,183,Stocks,412564,2026-06-21,590977.07
340,284,Stocks,413675,2025-12-08,375990.1
341,194,Cryptocurrency,326471,2025-08-01,377174.84
342,151,Cryptocurrency,170169,2024-10-30,203112.39
343,59,Stocks,236593,2026-05-01,301343.11
344,292,Cryptocurrency,159132,2026-05-29,192836.19
345,25,Mutual Funds,451424,2026-01-26,656646.56
346,250,Mutual Funds,219252,2025-12-18,331884.19
347,230,Mutual Funds,402327,2025-09-02,607776.95
348,211,Gold,405739,2025-02-14,520615.84
349,232,Gold,230469,2024-08-16,325254.52
350,131,Gold,74037,2026-05-09,69892.52
351,70,Stocks,490947,2024-08-09,448781.65
352,35,Cryptocurrency,270962,2026-06-06,379798.07
353,66,Cryptocurrency,464595,2025-09-28,500857.29
354,85,Fixed Deposits,302142,2025-03-02,277590.33
355,481,Stocks,301118,2025-12-16,268861.91
356,218,Gold,71033,2026-06-15,73233.63
357,223,Stocks,423934,2025-04-11,473384.2
358,339,Cryptocurrency,393188,2024-09-15,609951.65
359,303,Cryptocurrency,384394,2025-02-24,358701.62
360,453,Gold,410159,2025-09-15,563128.37
361,401,Stocks,131954,2024-11-12,129749.38
362,414,Mutual Funds,424901,2025-01-15,511073.23
363,260,Gold,196545,2025-08-09,241375.36
364,115,Fixed Deposits,94466,2024-11-24,150724.13
365,420,Fixed Deposits,473237,2025-08-03,616927.22
366,247,Gold,290082,2025-12-16,282366.41
367,175,Gold,90830,2025-05-06,129134.54
368,113,Gold,184058,2025-04-12,148873.44
369,497,Mutual Funds,445397,2024-11-27,468504.73
370,125,Fixed Deposits,102483,2026-04-08,134790.01
371,12,Fixed Deposits,87860,2024-07-29,108515.93
372,127,Mutual Funds,177974,2025-01-12,146319.52
373,411,Cryptocurrency,195180,2026-03-10,278179.8
374,126,Stocks,215341,2024-10-30,301099.9
375,115,Cryptocurrency,273321,2026-03-05,419068.4
376,467,Cryptocurrency,100407,2024-11-20,82803.91
377,461,Fixed Deposits,190409,2025-12-28,290603.91
378,210,Mutual Funds,432862,2025-02-19,487675.98
379,240,Mutual Funds,130314,2026-03-17,127936.48
380,473,Fixed Deposits,182581,2025-04-07,234467.78
381,205,Stocks,418844,2025-10-25,342351.96
382,13,Mutual Funds,395671,2025-04-26,518253.75
383,332,Stocks,431631,2025-02-14,632433.73
384,416,Stocks,378924,2025-02-28,413530.67
385,52,Fixed Deposits,141342,2025-07-02,170462.05
386,328,Cryptocurrency,304747,2024-11-25,408260.02
387,219,Cryptocurrency,284236,2025-11-24,239007.14
388,58,Mutual Funds,377308,2024-10-05,466924.1
389,336,Stocks,384431,2026-02-09,424964.68
390,292,Mutual Funds,74167,2025-10-20,91590.79
391,4,Cryptocurrency,19500,2025-10-23,16017.36
392,273,Stocks,396707,2026-02-08,555802.01
393,231,Fixed Deposits,255366,2025-12-01,403469.93
394,9,Stocks,177830,2024-12-19,231644.72
395,160,Cryptocurrency,340323,2025-07-05,278971.73
396,94,Stocks,358352,2025-04-14,396761.49
397,405,Fixed Deposits,48984,2026-06-14,48994.35
398,53,Gold,352909,2024-10-10,303543.92
399,410,Mutual Funds,37361,2026-04-22,43403.75
400,336,Mutual Funds,68689,2025-10-25,95258.13
401,71,Gold,183763,2025-06-19,152382.1
402,218,Cryptocurrency,54391,2026-05-26,47176.69
403,292,Gold,165960,2025-03-03,191642.36
404,457,Gold,416100,2025-07-27,386834.23
405,126,Fixed Deposits,407578,2024-11-16,349874.12
406,316,Fixed Deposits,260660,2025-09-03,319030.73
407,284,Cryptocurrency,321546,2025-07-15,277365.81
408,202,Cryptocurrency,215182,2025-09-09,250359.2
409,479,Stocks,61597,2026-01-24,96059.28
410,475,Cryptocurrency,54299,2025-11-30,64761.59
411,466,Cryptocurrency,180914,2026-06-29,286656.36
412,241,Fixed Deposits,10424,2025-09-06,10051.96
413,30,Stocks,300072,2025-07-01,296234.86
414,226,Cryptocurrency,121054,2025-09-05,187765.92
415,348,Fixed Deposits,23632,2025-11-07,35587.44
416,205,Mutual Funds,236895,2025-11-01,267225.68
417,366,Mutual Funds,394686,2024-12-28,363072.73
418,283,Fixed Deposits,357094,2026-05-19,294320.67
419,335,Fixed Deposits,16501,2026-07-07,20773.28
420,261,Gold,100544,2026-03-27,88106.51
421,455,Mutual Funds,46987,2024-08-06,38275.65
422,199,Stocks,427932,2025-07-20,505927.78
423,430,Fixed Deposits,470786,2026-07-08,412171.68
424,489,Fixed Deposits,161805,2025-09-26,197930.17
425,248,Stocks,482829,2024-08-29,748942.87
426,477,Gold,324665,2025-01-24,425402.38
427,265,Stocks,44585,2025-06-30,70569.22
428,306,Mutual Funds,93352,2025-02-09,133622.09
429,430,Stocks,479323,2025-04-22,456926.92
430,91,Fixed Deposits,450404,2025-11-14,609921.15
431,292,Cryptocurrency,167992,2025-09-05,251316.34
432,104,Cryptocurrency,382903,2025-06-03,414212.68
433,300,Mutual Funds,378214,2024-09-07,500937.67
434,413,Stocks,121374,2024-07-17,167532.45
435,107,Gold,363139,2025-11-05,410251.37
436,18,Fixed Deposits,253625,2026-06-26,258140.61
437,27,Mutual Funds,39074,2024-11-21,60062.62
438,125,Cryptocurrency,231818,2026-03-04,278436.94
439,342,Gold,385378,2024-08-15,423874.76
440,111,Mutual Funds,486249,2026-04-26,560145.58
441,187,Gold,230741,2024-09-25,338601.18
442,465,Gold,241070,2024-11-06,376643.55
443,433,Cryptocurrency,338472,2025-09-08,270981.29
444,398,Stocks,52518,2025-06-30,78299.85
445,91,Gold,391776,2024-10-12,364740.76
446,439,Gold,492674,2026-06-13,532773.8
447,293,Stocks,210930,2024-12-01,175816.92
448,302,Cryptocurrency,414827,2026-01-13,636908.17
449,159,Cryptocurrency,487242,2025-01-30,605238.35
450,226,Mutual Funds,295489,2026-06-04,383714.58
451,267,Fixed Deposits,180593,2025-12-11,172018.87
452,6,Mutual Funds,303619,2026-06-14,439367.07
453,212,Cryptocurrency,262164,2024-08-22,408950.26
454,500,Gold,183223,2025-07-11,171821.75
455,175,Mutual Funds,341275,2025-03-04,378315.97
456,10,Mutual Funds,177100,2025-12-19,185406.68
457,275,Mutual Funds,201622,2026-06-12,167875.98
458,446,Stocks,130441,2025-11-18,181441.94
459,321,Fixed Deposits,260508,2025-10-18,249762.58
460,363,Stocks,387033,2026-01-04,565876.12
461,163,Mutual Funds,297530,2024-11-05,267843.4
462,263,Stocks,70130,2024-11-25,69617.48
463,296,Fixed Deposits,106487,2025-12-26,136211.31
464,494,Stocks,225898,2025-11-28,215847.47
465,164,Gold,89484,2024-07-29,108376.37
466,428,Mutual Funds,218033,2025-12-31,272841.81
467,246,Mutual Funds,447954,2024-12-30,364957.3
468,203,Gold,256420,2026-05-30,313754.84
469,130,Gold,160302,2025-02-24,153904.71
470,214,Stocks,15963,2025-08-30,21595.34
471,117,Stocks,65989,2025-08-18,66234.27
472,388,Fixed Deposits,43887,2025-08-14,62956.68
473,462,Stocks,96199,2026-03-08,124942.57
474,454,Fixed Deposits,464607,2024-07-30,442877.77
475,424,Fixed Deposits,39939,2024-09-22,35071.98
476,251,Mutual Funds,43230,2026-05-05,35242.08
477,348,Stocks,155138,2025-01-10,215405.26
478,265,Stocks,261485,2025-03-30,331159.03
479,233,Gold,290409,2026-01-10,404932.46
480,74,Cryptocurrency,378542,2025-08-07,372834.64
481,111,Fixed Deposits,230928,2024-08-25,266831.08
482,243,Gold,369764,2026-02-16,379681.81
483,254,Gold,402849,2026-04-04,636402.58
484,113,Gold,142619,2026-04-23,213103.78
485,134,Cryptocurrency,271218,2025-10-28,407600.25
486,105,Cryptocurrency,283470,2024-10-31,310583.17
487,327,Stocks,387630,2024-07-24,569177.72
488,257,Fixed Deposits,480769,2026-02-18,737103.8
489,179,Gold,286752,2025-06-20,275796.28
490,272,Mutual Funds,300513,2025-02-02,386910.4
491,147,Gold,291019,2026-07-07,450989.91
492,283,Fixed Deposits,51115,2026-04-30,52593.47
493,463,Cryptocurrency,268738,2024-10-16,276389.45
494,376,Cryptocurrency,280830,2024-10-27,257523.63
495,448,Cryptocurrency,13337,2025-07-04,18170.35
496,206,Stocks,288609,2024-10-11,341828.95
497,136,Stocks,395444,2025-07-08,456193.49
498,182,Stocks,453568,2026-04-24,540368.12
499,376,Stocks,285191,2026-03-14,336482.36
500,90,Gold,189104,2026-04-11,185675.67
501,491,Mutual Funds,240695,2025-10-18,196527.19
502,178,Cryptocurrency,211952,2026-06-07,216415.21
503,137,Fixed Deposits,97381,2025-08-25,138724.39
504,199,Gold,221846,2024-08-27,238037.45
505,388,Stocks,242367,2024-08-21,257489.94
506,456,Stocks,360384,2024-12-08,488416.04
507,256,Stocks,325609,2026-02-09,464506.13
508,97,Fixed Deposits,185275,2024-11-12,166536.69
509,110,Stocks,221380,2026-07-16,323227.76
510,336,Gold,444138,2024-11-14,444319.16
511,66,Stocks,138098,2024-10-08,134380.64
512,413,Cryptocurrency,285555,2024-08-02,229831.62
513,341,Fixed Deposits,194527,2024-08-27,179737.45
514,149,Fixed Deposits,150031,2026-02-10,219228.66
515,61,Fixed Deposits,164268,2025-08-23,211655.79
516,91,Cryptocurrency,119243,2025-10-23,189721.73
517,148,Fixed Deposits,165876,2026-03-24,245103.67
518,133,Fixed Deposits,92100,2025-02-15,146289.06
519,451,Stocks,375783,2025-03-30,302093.3
520,149,Stocks,354453,2025-07-03,442490.06
521,93,Cryptocurrency,138921,2026-05-11,136533.06
522,279,Cryptocurrency,407451,2026-07-05,463384.06
523,305,Stocks,276131,2026-04-07,292276.32
524,373,Stocks,230839,2025-02-05,241275.74
525,243,Gold,355261,2025-06-07,332782.31
526,218,Fixed Deposits,47596,2025-11-20,38465.16
527,491,Stocks,181474,2026-05-06,175417.76
528,185,Stocks,439044,2025-11-04,552370.05
529,375,Gold,85914,2024-10-21,72728.16
530,1,Gold,464097,2026-01-08,581616.66
531,60,Mutual Funds,426100,2025-06-30,551903.13
532,85,Stocks,485352,2026-01-12,641877.78
533,10,Gold,151612,2026-05-28,160310.61
534,26,Cryptocurrency,56190,2025-05-20,66437.93
535,139,Mutual Funds,135549,2025-02-21,185665.06
536,280,Stocks,94643,2025-08-27,120401.15
537,187,Fixed Deposits,24176,2025-12-27,23530.53
538,257,Stocks,181199,2026-02-10,162376.41
539,247,Stocks,250542,2024-09-28,295636.87
540,427,Mutual Funds,336679,2024-09-25,411157.87
541,44,Stocks,216234,2024-08-05,307902.9
542,206,Cryptocurrency,279270,2024-09-02,382987.11
543,114,Cryptocurrency,196586,2024-12-21,304780.52
544,250,Mutual Funds,80914,2026-04-27,104954.92
545,83,Mutual Funds,332128,2024-10-09,397172.46
546,351,Mutual Funds,404529,2024-09-16,570765.69
547,74,Cryptocurrency,222834,2024-08-14,344241.45
548,171,Mutual Funds,252203,2026-02-18,293379.92
549,74,Fixed Deposits,439271,2024-08-09,594286.4
550,194,Gold,168168,2025-10-07,171838.74
551,367,Gold,165228,2024-07-22,250186.86
552,484,Fixed Deposits,193214,2026-04-01,274554.08
553,246,Gold,310623,2025-11-05,455397.04
554,28,Fixed Deposits,149563,2026-01-02,192096.02
555,3,Gold,202886,2024-10-04,216664.18
556,418,Stocks,328641,2025-10-24,464745.16
557,427,Mutual Funds,78506,2025-12-08,78689.86
558,268,Cryptocurrency,237034,2024-08-26,191581.6
559,367,Cryptocurrency,421804,2025-08-22,372202.57
560,117,Gold,64143,2024-12-04,57658.31
561,478,Gold,155284,2025-07-23,200198.59
562,366,Gold,434498,2025-08-16,564726.61
563,323,Gold,441246,2025-07-31,690417.11
564,185,Cryptocurrency,282245,2026-03-23,449552.13
565,78,Stocks,277425,2026-05-01,258576.96
566,84,Gold,279721,2025-12-19,306736.23
567,82,Stocks,426380,2025-05-05,612066.34
568,305,Cryptocurrency,299517,2026-02-17,473683.09
569,193,Mutual Funds,355288,2025-05-26,374840.29
570,401,Fixed Deposits,317723,2026-04-12,416678.97
571,318,Fixed Deposits,139938,2024-12-08,135528.96
572,453,Mutual Funds,244401,2025-03-18,353675.04
573,458,Fixed Deposits,230602,2026-05-18,329116.79
574,290,Cryptocurrency,188760,2026-07-16,248238.04
575,342,Cryptocurrency,437840,2025-09-26,530845.23
576,33,Gold,157124,2025-05-21,199400.51
577,173,Fixed Deposits,490363,2026-01-15,557662.02
578,78,Gold,235734,2025-05-09,200208.93
579,428,Gold,17603,2025-07-28,15316.21
580,59,Fixed Deposits,366819,2024-09-05,355984.22
581,479,Fixed Deposits,237454,2025-11-01,296078.9
582,66,Fixed Deposits,24092,2025-06-15,29362.38
583,350,Stocks,387797,2025-02-16,387099.5
584,222,Gold,59957,2024-11-07,91306.13
585,255,Cryptocurrency,392075,2025-05-07,435784.25
586,11,Stocks,90319,2026-05-28,134581.45
587,91,Gold,212063,2024-10-04,178012.22
588,148,Mutual Funds,358732,2025-09-15,293491.1
589,304,Cryptocurrency,145022,2025-05-26,152401.64
590,197,Cryptocurrency,86685,2026-05-21,88425.08
591,13,Gold,381307,2026-05-30,404657.65
592,498,Gold,288417,2026-04-09,431965.63
593,20,Gold,131747,2024-12-13,165910.82
594,437,Cryptocurrency,419761,2026-02-09,458368.12
595,208,Gold,176092,2024-09-21,262765.83
596,394,Cryptocurrency,206471,2026-01-25,167166.33
597,279,Stocks,244305,2025-09-19,231800.09
598,95,Mutual Funds,159057,2024-07-24,218290.68
599,129,Mutual Funds,229024,2025-01-04,343774.44
600,64,Stocks,68189,2024-10-25,106164.3
601,255,Gold,15136,2026-02-09,12660.09
602,14,Cryptocurrency,114191,2025-10-17,118436.88
603,392,Mutual Funds,104544,2025-01-08,125664.44
604,360,Mutual Funds,74365,2025-10-06,87420.59
605,139,Stocks,238493,2025-06-11,286039.95
606,150,Fixed Deposits,227236,2025-01-01,271589.32
607,468,Cryptocurrency,281615,2025-01-04,306097.53
608,337,Gold,427806,2025-01-09,624829.88
609,475,Fixed Deposits,90729,2025-01-01,85889.63
610,324,Gold,365474,2025-08-10,454301.0
611,205,Mutual Funds,189336,2025-02-19,213951.25
612,370,Fixed Deposits,192853,2024-08-25,297858.2
613,316,Fixed Deposits,221731,2026-04-05,246493.33
614,415,Cryptocurrency,497069,2026-03-09,444123.81
615,482,Gold,331856,2025-01-06,426879.95
616,415,Cryptocurrency,206701,2024-10-27,217525.58
617,325,Cryptocurrency,344519,2026-07-16,487326.29
618,472,Fixed Deposits,485326,2025-03-09,618643.16
619,311,Fixed Deposits,57812,2025-01-21,80670.08
620,255,Stocks,456914,2025-07-10,602600.54
621,362,Gold,401155,2026-06-19,450856.62
622,203,Mutual Funds,386118,2025-04-06,413822.64
623,460,Fixed Deposits,94546,2024-09-22,147801.56
624,350,Gold,448291,2025-01-25,502694.7
625,63,Fixed Deposits,113536,2024-07-27,168827.8
626,29,Mutual Funds,343881,2024-12-10,359203.45
627,225,Stocks,42047,2026-03-17,37783.92
628,200,Gold,111748,2024-10-28,170752.09
629,118,Mutual Funds,101857,2026-06-18,161150.89
630,244,Stocks,121946,2025-05-08,122903.2
631,212,Gold,120785,2026-01-16,156672.99
632,74,Mutual Funds,348336,2026-01-03,520829.86
633,385,Cryptocurrency,140266,2026-04-15,203983.45
634,467,Cryptocurrency,227076,2025-10-03,346691.64
635,142,Gold,380571,2026-05-12,593163.05
636,73,Mutual Funds,492744,2026-05-09,575779.21
637,115,Stocks,35193,2026-06-07,38573.5
638,197,Gold,32206,2025-07-07,25977.51
639,307,Mutual Funds,455082,2026-05-05,504899.12
640,218,Gold,451040,2025-01-27,373590.39
641,228,Gold,478730,2024-07-28,699000.22
642,431,Stocks,179635,2025-04-23,193313.56
643,395,Fixed Deposits,186086,2025-10-04,182305.79
644,427,Cryptocurrency,385320,2025-06-27,333537.22
645,312,Cryptocurrency,284809,2025-08-29,294264.25
646,242,Mutual Funds,481112,2025-06-11,659476.94
647,472,Mutual Funds,331294,2025-04-10,519009.74
648,307,Gold,190237,2025-05-14,292530.93
649,480,Cryptocurrency,128139,2025-04-24,165255.81
650,415,Gold,143833,2025-08-16,118146.61
651,267,Gold,372087,2025-04-08,386117.74
652,407,Mutual Funds,100511,2026-02-08,113502.84
653,48,Stocks,439548,2025-07-15,408592.82
654,99,Fixed Deposits,30693,2025-05-07,41910.76
655,416,Mutual Funds,266768,2024-09-08,257222.9
656,119,Stocks,120635,2025-09-14,114311.59
657,7,Fixed Deposits,34714,2025-01-03,42110.14
658,201,Mutual Funds,107356,2026-01-05,138135.59
659,405,Gold,466491,2025-11-03,584577.74
660,359,Mutual Funds,302848,2025-01-17,401040.29
661,338,Cryptocurrency,145648,2024-08-07,146638.61
662,39,Mutual Funds,319983,2024-10-18,468584.89
663,442,Fixed Deposits,347347,2026-02-21,391472.48
664,104,Mutual Funds,79167,2025-08-05,80592.63
665,423,Cryptocurrency,317981,2025-05-05,323127.2
666,224,Cryptocurrency,131517,2025-10-03,126735.07
667,112,Fixed Deposits,308013,2024-11-08,355941.37
668,235,Cryptocurrency,147651,2024-12-01,196754.6
669,105,Fixed Deposits,472672,2024-09-11,745004.8
670,258,Gold,309988,2026-01-31,377730.19
671,139,Mutual Funds,397977,2025-08-09,531477.59
672,93,Fixed Deposits,369954,2024-10-30,417524.82
673,65,Cryptocurrency,129416,2026-04-05,170718.53
674,199,Cryptocurrency,317624,2025-02-26,265435.34
675,399,Cryptocurrency,493825,2026-04-05,565824.29
676,496,Cryptocurrency,13501,2025-05-28,14843.59
677,143,Mutual Funds,251031,2025-11-22,272134.29
678,61,Cryptocurrency,388505,2025-10-02,546563.14
679,271,Mutual Funds,85202,2026-05-29,134553.66
680,377,Gold,200854,2025-12-09,171277.89
681,148,Fixed Deposits,425805,2025-04-05,589388.99
682,357,Mutual Funds,365439,2026-02-24,445801.98
683,403,Gold,465035,2025-05-03,716887.75
684,482,Cryptocurrency,211299,2025-05-10,251127.22
685,217,Fixed Deposits,285315,2026-02-20,378000.93
686,221,Fixed Deposits,397927,2026-02-28,579227.33
687,397,Fixed Deposits,121582,2025-12-09,194167.81
688,466,Mutual Funds,266724,2026-02-08,424923.28
689,268,Mutual Funds,143861,2025-11-08,126112.4
690,434,Stocks,32278,2026-06-11,38055.74
691,431,Mutual Funds,319438,2025-03-08,424029.85
692,121,Fixed Deposits,92540,2024-07-20,102069.72
693,477,Stocks,208733,2025-08-12,220383.84
694,259,Stocks,386849,2025-07-06,547281.55
695,336,Mutual Funds,114536,2025-05-31,143037.34
696,386,Mutual Funds,104459,2026-05-31,137154.95
697,324,Cryptocurrency,419693,2025-12-25,509919.04
698,8,Mutual Funds,483819,2026-05-14,419435.78
699,195,Gold,61762,2026-05-09,83439.86
700,115,Cryptocurrency,83150,2025-10-02,122557.58
701,140,Fixed Deposits,434217,2024-09-22,624625.29
702,365,Stocks,219936,2024-10-16,193069.38
703,490,Mutual Funds,330431,2026-03-21,327932.31
704,340,Gold,393734,2025-02-18,370178.87
705,118,Stocks,235443,2026-07-04,234804.47
706,325,Stocks,109908,2025-01-22,155803.74
707,336,Stocks,422781,2025-02-02,622651.2
708,1,Fixed Deposits,455710,2025-11-12,423269.02
709,432,Fixed Deposits,243449,2025-11-01,389391.07
710,91,Gold,398243,2024-11-12,355179.94
711,383,Mutual Funds,364596,2025-10-27,346976.39
712,298,Gold,453998,2025-09-03,680477.13
713,60,Fixed Deposits,464313,2025-08-16,438955.03
714,416,Gold,365420,2025-12-12,454429.75
715,354,Fixed Deposits,274407,2025-01-31,377715.88
716,363,Gold,50473,2025-03-15,64683.71
717,208,Mutual Funds,79011,2025-11-14,119995.81
718,451,Cryptocurrency,341015,2025-09-29,418289.06
719,485,Gold,357694,2026-07-11,495595.91
720,383,Cryptocurrency,116100,2025-02-11,116854.78
721,269,Mutual Funds,261580,2025-06-12,276205.05
722,368,Gold,136994,2025-02-09,122162.05
723,58,Stocks,405451,2026-05-09,330080.52
724,125,Cryptocurrency,497602,2024-10-03,555543.4
725,263,Gold,141856,2026-03-05,153248.29
726,273,Cryptocurrency,457336,2024-07-20,658026.14
727,23,Fixed Deposits,98329,2025-07-20,157321.79
728,268,Cryptocurrency,418396,2025-08-06,430234.72
729,338,Fixed Deposits,19722,2025-07-29,31340.14
730,317,Mutual Funds,321994,2024-07-20,340276.58
731,216,Mutual Funds,224195,2025-02-10,234184.22
732,431,Cryptocurrency,288639,2025-02-22,325239.66
733,207,Fixed Deposits,121938,2025-05-05,143470.6
734,261,Fixed Deposits,111559,2024-10-02,167895.72
735,9,Stocks,114462,2024-11-03,91774.36
736,156,Gold,439786,2024-07-30,368509.66
737,104,Stocks,237775,2026-04-29,347864.87
738,307,Fixed Deposits,47646,2025-08-11,39022.22
739,181,Cryptocurrency,498683,2024-12-23,484899.68
740,422,Fixed Deposits,163479,2024-09-11,161536.56
741,92,Stocks,109542,2026-07-15,150257.02
742,450,Cryptocurrency,30751,2026-02-27,41211.97
743,189,Mutual Funds,257407,2025-04-15,242446.93
744,453,Gold,190591,2025-09-02,176034.59
745,30,Fixed Deposits,35723,2025-11-15,39037.7
746,161,Cryptocurrency,358189,2025-05-15,513270.12
747,103,Mutual Funds,480841,2026-05-14,432388.08
748,300,Mutual Funds,437459,2025-10-28,686624.01
749,245,Mutual Funds,201003,2026-01-04,256123.85
750,91,Cryptocurrency,128893,2025-12-08,151163.11
751,356,Fixed Deposits,306774,2024-10-04,466973.25
752,368,Cryptocurrency,497615,2024-08-07,567087.03
753,349,Stocks,242317,2026-04-13,326194.81
754,476,Stocks,309700,2026-06-03,256596.7
755,258,Gold,292977,2025-12-26,421800.91
756,117,Fixed Deposits,33932,2025-11-15,54100.46
757,145,Fixed Deposits,84250,2025-03-29,116356.94
758,456,Gold,370818,2025-01-26,310613.92
759,363,Fixed Deposits,431112,2025-10-22,623229.39
760,231,Gold,401613,2026-02-04,605948.15
761,292,Mutual Funds,475511,2024-07-19,478200.11
762,62,Gold,113537,2025-02-16,114286.56
763,23,Mutual Funds,241120,2024-11-05,330924.6
764,273,Fixed Deposits,65622,2025-03-02,79241.29
765,152,Fixed Deposits,132932,2026-07-05,122834.78
766,261,Stocks,218801,2026-04-07,256680.98
767,410,Stocks,14704,2025-01-29,19051.73
768,57,Mutual Funds,433001,2025-10-15,383726.02
769,37,Gold,18852,2026-04-23,18728.73
770,469,Stocks,245663,2026-03-26,276850.07
771,161,Gold,269199,2024-07-28,267995.42
772,26,Mutual Funds,379647,2024-12-27,517825.33
773,135,Fixed Deposits,177721,2026-04-30,283580.61
774,359,Gold,75106,2025-06-25,80935.18
775,73,Fixed Deposits,463831,2025-07-07,569531.79
776,448,Cryptocurrency,419565,2024-09-20,490185.36
777,232,Stocks,12603,2026-01-11,13675.48
778,419,Fixed Deposits,176149,2024-12-06,258643.2
779,180,Mutual Funds,473870,2025-12-15,625944.5
780,464,Stocks,143187,2025-07-31,207031.72
781,412,Cryptocurrency,54779,2025-12-30,59881.36
782,120,Fixed Deposits,487160,2026-01-28,508222.14
783,475,Mutual Funds,69691,2026-06-10,58161.89
784,35,Cryptocurrency,167705,2026-03-31,228196.78
785,428,Cryptocurrency,66206,2026-02-28,85894.95
786,340,Gold,470895,2025-04-05,518220.19
787,321,Fixed Deposits,124333,2025-04-14,146236.86
788,207,Mutual Funds,303091,2026-05-10,375870.01
789,418,Fixed Deposits,485471,2025-12-31,478443.19
790,189,Fixed Deposits,426189,2024-10-12,658514.21
791,49,Stocks,111174,2024-11-24,100611.34
792,315,Gold,99695,2025-02-22,79996.86
793,101,Cryptocurrency,158191,2026-05-30,219047.3
794,497,Stocks,388913,2024-11-09,422119.76
795,497,Mutual Funds,297672,2025-06-09,362293.03
796,102,Mutual Funds,252035,2026-05-05,205241.23
797,196,Mutual Funds,463809,2026-02-09,634178.51
798,147,Fixed Deposits,415528,2025-10-09,392407.32
799,358,Cryptocurrency,90582,2026-01-29,119738.7
800,365,Fixed Deposits,459639,2025-10-14,443481.42
801,339,Fixed Deposits,49349,2025-12-23,72163.68
802,368,Mutual Funds,454422,2025-06-01,567221.22
803,201,Cryptocurrency,128035,2026-07-11,112760.96
804,336,Mutual Funds,299132,2025-01-20,246261.46
805,266,Stocks,158794,2024-07-21,214680.18
806,27,Stocks,189295,2025-09-22,257097.03
807,430,Fixed Deposits,188285,2025-01-08,208221.5
808,497,Fixed Deposits,342386,2025-07-09,390792.15
809,120,Mutual Funds,175699,2026-06-27,186108.62
810,170,Mutual Funds,270056,2026-06-04,387349.02
811,143,Mutual Funds,409277,2025-04-13,518485.25
812,436,Fixed Deposits,488356,2026-01-05,447900.38
813,251,Cryptocurrency,264445,2025-02-09,227742.98
814,169,Gold,346291,2026-01-18,295219.27
815,36,Stocks,458790,2024-12-04,696612.69
816,384,Fixed Deposits,15432,2024-07-31,19003.89
817,354,Fixed Deposits,136750,2025-07-05,124523.56
818,174,Mutual Funds,330765,2026-05-24,295411.89
819,325,Mutual Funds,297450,2025-06-10,291037.29
820,40,Gold,289404,2026-01-03,271872.09
821,319,Mutual Funds,213957,2025-02-26,335090.2
822,339,Fixed Deposits,248225,2024-10-25,376185.63
823,330,Stocks,196830,2024-09-12,240429.47
824,158,Mutual Funds,256495,2025-06-10,390489.18
825,122,Stocks,446639,2025-06-18,681467.3
826,111,Cryptocurrency,253481,2025-08-31,219284.3
827,387,Gold,54294,2024-11-04,85600.75
828,120,Cryptocurrency,178388,2026-03-05,225275.32
829,434,Cryptocurrency,437087,2024-08-05,536732.12
830,182,Stocks,413504,2025-08-31,390191.56
831,138,Mutual Funds,219503,2025-06-11,350214.6
832,278,Fixed Deposits,27257,2025-09-17,36743.44
833,329,Mutual Funds,483882,2024-08-08,603828.25
834,388,Stocks,381648,2025-05-02,499037.61
835,344,Fixed Deposits,298925,2026-06-25,372495.53
836,150,Stocks,422465,2024-09-23,506485.82
837,54,Cryptocurrency,301098,2026-05-13,311663.03
838,241,Fixed Deposits,217345,2024-09-07,242366.78
839,70,Mutual Funds,231373,2024-10-23,351625.92
840,297,Cryptocurrency,461120,2024-10-01,549203.43
841,9,Cryptocurrency,317737,2025-06-11,424524.65
842,406,Cryptocurrency,283864,2026-03-30,328983.65
843,107,Cryptocurrency,387722,2024-07-29,405386.49
844,214,Gold,175812,2025-05-30,162468.01
845,24,Mutual Funds,355339,2025-05-10,309436.85
846,67,Gold,165038,2026-05-17,245080.21
847,295,Mutual Funds,87267,2024-08-07,124713.89
848,262,Mutual Funds,346499,2026-01-05,425167.0
849,183,Mutual Funds,355052,2025-04-08,313108.97
850,475,Fixed Deposits,21779,2026-07-12,31366.61
851,417,Gold,156495,2026-05-27,162921.84
852,50,Gold,379991,2025-08-28,589437.5
853,497,Gold,314119,2024-11-17,417351.0
854,372,Gold,423896,2026-02-05,534094.59
855,211,Stocks,362730,2025-10-14,547527.87
856,313,Stocks,140300,2026-07-06,160545.09
857,249,Cryptocurrency,65332,2025-12-08,59967.87
858,348,Mutual Funds,404797,2024-10-09,344992.73
859,354,Stocks,343437,2025-12-10,376794.49
860,289,Cryptocurrency,268879,2026-04-11,246036.08
861,161,Fixed Deposits,395784,2025-02-28,355685.04
862,436,Gold,66909,2025-07-25,87400.58
863,122,Mutual Funds,166446,2026-05-30,238199.24
864,132,Cryptocurrency,462872,2025-08-07,608805.21
865,167,Cryptocurrency,172030,2024-10-18,160905.72
866,427,Gold,32751,2026-05-23,49235.03
867,85,Cryptocurrency,68584,2025-06-03,59566.31
868,139,Fixed Deposits,15237,2025-01-21,15317.26
869,275,Fixed Deposits,161862,2025-02-08,251312.89
870,320,Mutual Funds,172595,2024-12-25,247572.58
871,179,Fixed Deposits,88503,2025-04-19,75125.36
872,327,Stocks,283352,2025-07-16,267801.98
873,108,Stocks,205883,2025-12-29,182700.21
874,249,Stocks,239528,2025-06-10,230450.35
875,132,Stocks,180794,2025-12-16,263702.19
876,251,Mutual Funds,19435,2024-11-11,18927.21
877,96,Stocks,499351,2024-12-29,593382.19
878,398,Gold,437324,2025-02-07,427446.72
879,406,Stocks,291055,2025-10-12,294636.81
880,257,Mutual Funds,91587,2026-02-11,109584.77
881,259,Stocks,430392,2025-12-30,503580.8
882,254,Mutual Funds,129815,2026-02-04,121015.9
883,186,Stocks,266247,2026-05-12,361281.72
884,79,Cryptocurrency,292038,2025-12-19,385413.91
885,420,Mutual Funds,139164,2025-06-08,185020.3
886,294,Cryptocurrency,216120,2024-12-16,282320.61
887,152,Gold,343651,2024-10-22,281515.94
888,201,Fixed Deposits,286695,2025-10-07,270854.06
889,383,Stocks,73914,2025-07-15,95344.2
890,283,Stocks,345582,2025-09-13,292576.15
891,270,Mutual Funds,156878,2025-07-07,222471.14
892,499,Cryptocurrency,278033,2025-11-04,303157.33
893,271,Gold,222367,2025-05-23,196254.31
894,78,Gold,261144,2025-11-18,238494.97
895,419,Cryptocurrency,222169,2025-07-19,291868.17
896,348,Cryptocurrency,257920,2026-02-02,384761.46
897,105,Gold,392056,2026-07-14,526422.78
898,499,Stocks,294987,2025-03-15,375501.62
899,328,Mutual Funds,278255,2025-07-22,230151.8
900,66,Cryptocurrency,132712,2025-10-27,134150.55
901,131,Gold,424740,2026-02-15,530493.12
902,147,Gold,438436,2024-08-30,538229.46
903,244,Gold,462886,2026-02-24,537041.22
904,248,Stocks,383369,2026-07-08,420392.42
905,162,Mutual Funds,467186,2025-04-07,504319.14
906,168,Cryptocurrency,60716,2025-06-23,90319.48
907,204,Gold,209541,2026-01-03,267536.27
908,438,Stocks,370924,2025-05-16,593258.8
909,29,Fixed Deposits,499184,2025-07-07,522346.59
910,273,Fixed Deposits,133938,2024-11-06,160607.08
911,393,Cryptocurrency,94072,2026-01-04,143880.19
912,391,Fixed Deposits,261819,2025-12-04,320462.04
913,326,Gold,285833,2025-12-03,337744.75
914,82,Fixed Deposits,361839,2024-08-27,339695.39
915,15,Cryptocurrency,171265,2025-11-19,248906.48
916,460,Cryptocurrency,306886,2025-05-23,357342.72
917,284,Gold,111932,2025-10-16,104094.85
918,291,Gold,155911,2024-11-25,158559.73
919,128,Mutual Funds,226562,2026-06-09,353723.2
920,383,Mutual Funds,414977,2025-10-20,657859.51
921,315,Stocks,46295,2024-07-17,57349.7
922,382,Mutual Funds,446832,2025-07-30,511949.81
923,139,Fixed Deposits,318484,2025-01-16,434904.46
924,107,Cryptocurrency,300302,2025-03-31,309987.18
925,475,Cryptocurrency,80191,2025-02-27,106300.57
926,164,Stocks,260915,2024-07-18,233542.14
927,487,Mutual Funds,427356,2024-11-08,402231.76
928,307,Cryptocurrency,330755,2025-08-11,293221.04
929,195,Stocks,331432,2025-10-25,517050.45
930,214,Gold,329455,2024-09-03,321401.87
931,252,Stocks,105642,2025-01-16,159485.25
932,32,Gold,306306,2026-01-20,283417.11
933,195,Stocks,261904,2024-12-28,296749.23
934,321,Mutual Funds,333869,2025-09-17,330091.27
935,136,Stocks,31525,2026-04-16,25310.1
936,421,Fixed Deposits,499625,2024-12-31,663565.45
937,399,Mutual Funds,227972,2025-11-20,191983.41
938,77,Cryptocurrency,242001,2024-10-11,208909.85
939,282,Gold,393998,2024-11-21,466781.13
940,144,Cryptocurrency,472140,2024-10-12,581618.11
941,119,Mutual Funds,175132,2025-02-24,272939.91
942,243,Stocks,224576,2026-03-20,250379.72
943,82,Stocks,425109,2026-04-14,663338.99
944,46,Cryptocurrency,298102,2026-03-26,357009.87
945,275,Fixed Deposits,42140,2025-05-31,43779.21
946,401,Mutual Funds,385326,2024-11-04,431528.75
947,392,Mutual Funds,54430,2024-08-31,78524.85
948,90,Gold,258530,2026-05-25,356638.54
949,489,Cryptocurrency,450888,2024-09-27,450322.27
950,374,Fixed Deposits,269211,2025-03-18,414835.34
951,48,Mutual Funds,262891,2025-06-14,232768.1
952,326,Mutual Funds,159031,2026-04-28,247614.56
953,471,Stocks,321945,2025-09-05,271568.25
954,422,Stocks,127731,2026-02-02,114408.26
955,46,Mutual Funds,434793,2026-05-29,351460.12
956,144,Gold,193987,2025-07-28,293510.02
957,347,Gold,377685,2025-10-25,306240.43
958,150,Mutual Funds,59101,2026-03-09,62393.45
959,482,Mutual Funds,317827,2025-11-19,269336.07
960,181,Stocks,471855,2025-09-20,705412.31
961,311,Gold,243258,2026-07-06,383871.45
962,121,Cryptocurrency,352506,2026-05-10,322892.65
963,118,Cryptocurrency,128788,2024-10-06,187512.7
964,134,Mutual Funds,294842,2024-07-25,362634.31
965,479,Fixed Deposits,223556,2024-09-29,291672.47
966,330,Gold,33801,2025-02-13,35683.79
967,345,Cryptocurrency,451078,2026-05-07,608816.5
968,95,Mutual Funds,329996,2024-09-26,491053.52
969,364,Cryptocurrency,144870,2025-05-06,172022.21
970,119,Stocks,223850,2024-11-12,205518.01
971,323,Cryptocurrency,480438,2025-07-29,460724.79
972,36,Gold,374513,2025-02-22,430169.64
973,351,Fixed Deposits,269246,2024-08-14,330273.55
974,152,Fixed Deposits,424475,2026-02-14,552313.09
975,47,Fixed Deposits,235648,2024-11-20,312587.98
976,265,Mutual Funds,290156,2025-03-05,309329.49
977,110,Stocks,492300,2025-05-21,745384.04
978,135,Cryptocurrency,297513,2025-01-27,420561.87
979,163,Stocks,241927,2026-07-01,231885.92
980,87,Gold,478766,2025-11-03,710173.1
981,340,Cryptocurrency,178900,2025-03-16,270415.42
982,346,Stocks,431579,2024-12-18,369497.33
983,371,Fixed Deposits,40320,2026-05-14,43679.98
984,372,Cryptocurrency,99489,2025-10-01,126449.91
985,24,Stocks,184981,2024-11-23,287220.95
986,447,Gold,154974,2024-12-31,221094.63
987,162,Gold,178802,2026-02-20,228188.81
988,350,Cryptocurrency,226418,2024-10-25,204379.63
989,482,Stocks,353432,2024-07-25,303903.58
990,4,Gold,251258,2025-06-07,239036.78
991,143,Cryptocurrency,382610,2025-05-29,460880.56
992,321,Cryptocurrency,262576,2024-10-22,303554.92
993,176,Stocks,376908,2025-12-30,583833.52
994,377,Gold,26323,2025-07-28,32918.1
995,43,Gold,166562,2025-01-24,135402.22
996,158,Gold,284185,2025-04-26,326776.28
997,437,Cryptocurrency,213171,2024-09-16,260264.96
998,343,Fixed Deposits,410340,2024-08-16,516727.12
999,183,Gold,224164,2026-02-09,246117.37
1000,189,Stocks,68829,2025-03-27,91010.29
1001,34,Fixed Deposits,116474,2024-12-06,112562.43
1002,76,Cryptocurrency,118384,2026-02-28,143997.94
1003,134,Gold,49141,2025-05-01,50015.89
1004,186,Stocks,311337,2026-01-27,276845.71
1005,286,Stocks,477868,2025-06-01,555487.28
1006,20,Gold,199084,2025-10-10,297679.23
1007,371,Cryptocurrency,142709,2026-06-22,146979.9
1008,383,Cryptocurrency,135839,2025-01-19,123916.8
1009,499,Mutual Funds,339981,2025-04-17,429613.35
1010,167,Mutual Funds,67176,2024-08-01,55317.66
1011,338,Stocks,314422,2025-03-29,443978.13
1012,150,Cryptocurrency,313668,2025-03-02,279150.92
1013,479,Gold,138984,2025-08-31,146702.85
1014,381,Gold,466072,2025-06-30,415500.83
1015,404,Stocks,460445,2025-07-06,693815.12
1016,411,Fixed Deposits,465144,2026-03-06,373324.97
1017,236,Stocks,123579,2025-09-14,114240.6
1018,209,Cryptocurrency,450024,2026-06-30,570704.84
1019,188,Mutual Funds,28358,2025-12-03,26971.6
1020,460,Stocks,458429,2025-01-26,542992.77
1021,436,Mutual Funds,138340,2024-12-31,211578.92
1022,127,Fixed Deposits,195199,2025-12-04,241808.57
1023,159,Stocks,454411,2026-01-20,436394.59
1024,343,Mutual Funds,225912,2026-02-13,196092.9
1025,462,Fixed Deposits,206756,2024-12-02,208193.16
1026,121,Fixed Deposits,373080,2026-06-29,411216.26
1027,240,Mutual Funds,95149,2025-11-30,121226.86
1028,146,Cryptocurrency,242891,2026-02-26,355845.42
1029,297,Stocks,197575,2025-08-21,184621.94
1030,70,Cryptocurrency,66210,2026-03-16,89490.26
1031,50,Cryptocurrency,469458,2025-04-22,727140.22
1032,5,Cryptocurrency,397295,2025-11-10,562354.29
1033,233,Stocks,412969,2025-03-30,499133.03
1034,105,Cryptocurrency,56540,2025-12-08,76518.38
1035,73,Mutual Funds,52388,2025-07-23,74426.52
1036,88,Mutual Funds,70182,2025-01-11,106454.45
1037,375,Gold,136180,2025-11-22,136320.17
1038,123,Fixed Deposits,285455,2026-02-06,301422.87
1039,259,Mutual Funds,304568,2025-06-20,407328.38
1040,217,Gold,421371,2026-07-01,513391.81
1041,395,Fixed Deposits,81438,2026-06-09,120088.54
1042,266,Stocks,452761,2024-10-06,487454.06
1043,244,Cryptocurrency,143939,2025-07-31,218483.65
1044,105,Fixed Deposits,364226,2026-04-25,493498.09
1045,135,Cryptocurrency,131959,2026-04-01,151007.23
1046,35,Fixed Deposits,166384,2025-08-17,256714.85
1047,249,Gold,411473,2025-10-08,430038.55
1048,308,Cryptocurrency,187750,2026-01-16,298300.82
1049,207,Fixed Deposits,220689,2025-03-26,239940.6
1050,185,Fixed Deposits,327931,2025-12-30,396433.82
1051,245,Fixed Deposits,213872,2025-01-04,177408.07
1052,337,Stocks,389019,2026-03-16,621228.84
1053,432,Stocks,314876,2026-02-27,419950.41
1054,271,Cryptocurrency,280655,2025-12-05,322462.9
1055,107,Cryptocurrency,372700,2025-12-11,341583.46
1056,228,Gold,325125,2025-10-10,513409.85
1057,327,Stocks,362666,2026-03-30,449516.4
1058,351,Mutual Funds,225212,2024-11-03,248581.77
1059,182,Cryptocurrency,164235,2024-11-03,252754.99
1060,326,Stocks,127191,2026-01-27,150592.47
1061,62,Stocks,19786,2025-08-14,30951.4
1062,390,Gold,157718,2025-09-14,137967.22
1063,54,Fixed Deposits,484768,2025-08-31,755311.69
1064,463,Cryptocurrency,60070,2024-11-24,54442.86
1065,71,Cryptocurrency,303860,2026-06-16,340072.6
1066,31,Cryptocurrency,250974,2025-04-16,252468.83
1067,469,Stocks,458083,2025-07-31,544923.84
1068,462,Mutual Funds,403288,2026-06-18,574963.19
1069,287,Fixed Deposits,475212,2026-04-30,627201.04
1070,48,Cryptocurrency,22064,2026-03-21,21829.22
1071,401,Fixed Deposits,125426,2025-07-18,191737.71
1072,469,Cryptocurrency,264164,2025-09-01,338107.82
1073,239,Stocks,401175,2024-11-11,529253.38
1074,198,Gold,474382,2025-04-21,381720.71
1075,359,Stocks,132819,2024-09-15,176383.01
1076,341,Mutual Funds,78846,2024-09-17,110505.72
1077,244,Stocks,62510,2024-10-12,62900.47
1078,428,Mutual Funds,411385,2025-06-11,420815.04
1079,485,Gold,472153,2025-10-11,465405.4
1080,3,Stocks,308569,2024-10-05,317777.9
1081,496,Gold,220344,2025-03-29,334082.83
1082,387,Stocks,211403,2025-09-15,252079.63
1083,406,Stocks,248633,2025-05-23,243248.05
1084,474,Mutual Funds,392419,2025-10-17,612244.38
1085,393,Gold,153517,2026-03-26,183477.7
1086,19,Cryptocurrency,414284,2024-09-23,465463.88
1087,478,Mutual Funds,389387,2026-01-21,427198.68
1088,407,Cryptocurrency,481593,2024-11-29,475234.08
1089,485,Mutual Funds,308405,2025-07-31,362883.78
1090,490,Mutual Funds,66237,2025-09-01,69556.96
1091,354,Cryptocurrency,141966,2025-03-21,154719.34
1092,286,Gold,311592,2025-10-30,428568.96
1093,58,Stocks,174312,2026-05-11,216526.99
1094,166,Gold,445406,2025-09-25,511040.57
1095,79,Fixed Deposits,20634,2024-12-14,32512.24
1096,114,Gold,382830,2024-12-08,612148.47
1097,404,Cryptocurrency,366078,2026-04-09,329421.59
1098,353,Gold,226434,2026-01-07,227548.63
1099,72,Gold,195492,2024-07-21,167625.58
1100,442,Gold,485215,2026-04-04,730915.68
1101,206,Mutual Funds,455821,2026-01-08,561464.21
1102,52,Gold,323985,2026-04-02,387870.13
1103,221,Mutual Funds,118145,2024-10-20,116463.71
1104,240,Mutual Funds,324728,2026-05-04,447577.56
1105,1,Stocks,85300,2025-06-01,86783.86
1106,202,Mutual Funds,234686,2024-10-13,312370.61
1107,353,Cryptocurrency,19538,2024-08-04,22883.63
1108,165,Fixed Deposits,211522,2024-07-28,187097.2
1109,455,Stocks,401253,2024-12-18,487807.17
1110,119,Cryptocurrency,324841,2024-09-28,372023.34
1111,16,Stocks,272821,2025-05-27,271561.18
1112,145,Cryptocurrency,422813,2025-06-13,534757.18
1113,360,Fixed Deposits,262635,2024-10-30,365267.28
1114,23,Fixed Deposits,240541,2024-08-27,308341.42
1115,167,Cryptocurrency,269772,2026-03-12,272157.53
1116,314,Stocks,280885,2025-01-01,435349.02
1117,422,Stocks,412653,2025-01-25,594699.41
1118,497,Fixed Deposits,321626,2025-01-18,428398.53
1119,63,Stocks,189679,2025-08-22,203945.57
1120,468,Mutual Funds,136089,2025-04-15,129509.05
1121,145,Stocks,459354,2025-11-26,429779.13
1122,251,Mutual Funds,134626,2025-07-19,202449.89
1123,459,Stocks,102303,2025-04-19,124863.63
1124,455,Fixed Deposits,432015,2026-01-02,446278.04
1125,348,Fixed Deposits,323945,2024-10-04,458977.49
1126,409,Fixed Deposits,363586,2024-08-18,470105.97
1127,332,Cryptocurrency,43734,2025-08-19,53660.61
1128,39,Mutual Funds,353920,2025-04-27,421956.72
1129,243,Stocks,49730,2024-12-31,58961.68
1130,86,Fixed Deposits,127160,2024-10-09,198156.37
1131,108,Gold,134803,2024-07-30,124653.96
1132,82,Mutual Funds,161069,2024-10-13,225246.38
1133,307,Gold,159314,2026-07-03,252716.72
1134,284,Cryptocurrency,386526,2025-10-22,505071.99
1135,277,Gold,244193,2025-09-14,226105.84
1136,267,Fixed Deposits,358197,2025-05-13,348474.9
1137,376,Stocks,36047,2026-05-17,32741.21
1138,475,Cryptocurrency,324830,2026-05-06,404590.03
1139,395,Cryptocurrency,475402,2025-06-14,402967.41
1140,260,Fixed Deposits,343153,2024-12-22,416382.05
1141,5,Mutual Funds,434122,2026-04-08,610278.88
1142,456,Mutual Funds,383232,2026-04-19,307741.64
1143,150,Stocks,436985,2026-07-16,690456.09
1144,370,Stocks,484105,2026-06-09,769312.66
1145,87,Gold,188970,2025-07-14,221641.88
1146,280,Gold,499900,2025-05-26,723474.18
1147,116,Stocks,62287,2026-01-11,55680.01
1148,195,Mutual Funds,390641,2025-02-01,573492.07
1149,81,Fixed Deposits,108450,2026-02-16,135263.01
1150,277,Stocks,144904,2024-07-21,226705.13
1151,74,Cryptocurrency,44144,2025-07-03,42318.54
1152,456,Fixed Deposits,26344,2025-10-03,26634.79
1153,277,Cryptocurrency,67121,2026-04-25,90587.75
1154,218,Mutual Funds,245144,2025-12-29,198942.4
1155,17,Mutual Funds,191107,2025-08-24,256067.41
1156,350,Mutual Funds,383800,2025-03-07,462794.94
1157,111,Mutual Funds,39266,2025-01-31,41997.39
1158,84,Fixed Deposits,159718,2025-07-13,254728.13
1159,314,Mutual Funds,128378,2026-05-06,133002.16
1160,414,Stocks,484352,2025-01-22,411504.14
1161,492,Stocks,475833,2026-05-25,733311.51
1162,106,Cryptocurrency,457818,2025-05-20,373081.79
1163,193,Cryptocurrency,32981,2026-07-05,42925.78
1164,394,Mutual Funds,433999,2026-05-28,656432.44
1165,303,Fixed Deposits,77864,2025-08-08,111653.19
1166,378,Cryptocurrency,35961,2025-06-26,48709.18
1167,412,Cryptocurrency,385999,2026-02-01,374882.99
1168,238,Fixed Deposits,310289,2025-06-24,401616.79
1169,174,Mutual Funds,57346,2026-03-22,52189.91
1170,486,Fixed Deposits,492409,2024-09-18,558361.86
1171,476,Cryptocurrency,196859,2024-09-30,170437.75
1172,454,Stocks,244267,2025-09-15,282220.23
1173,498,Mutual Funds,412081,2025-01-26,487918.74
1174,116,Gold,374727,2025-11-03,536489.19
1175,61,Fixed Deposits,478240,2024-09-19,741294.27
1176,167,Gold,315991,2025-07-14,334036.31
1177,384,Fixed Deposits,291053,2024-10-03,277859.46
1178,467,Fixed Deposits,404378,2026-04-02,514695.42
1179,271,Mutual Funds,136947,2025-05-14,195546.04
1180,253,Fixed Deposits,291062,2024-07-22,284086.68
1181,428,Gold,281880,2025-04-26,348764.64
1182,230,Stocks,46430,2026-05-04,52641.71
1183,288,Cryptocurrency,420185,2026-07-17,539969.78
1184,103,Cryptocurrency,458890,2025-05-21,690927.49
1185,341,Mutual Funds,208752,2025-07-24,288527.81
1186,427,Fixed Deposits,82777,2025-11-24,68864.62
1187,481,Stocks,292358,2026-01-11,302314.47
1188,86,Stocks,102265,2025-08-08,154586.86
1189,363,Mutual Funds,486624,2025-06-17,695665.99
1190,174,Gold,33672,2025-03-18,48171.69
1191,297,Stocks,58537,2025-06-22,54192.35
1192,498,Fixed Deposits,307523,2024-11-10,376808.22
1193,492,Mutual Funds,267115,2026-05-26,398083.63
1194,449,Gold,474866,2024-11-16,572892.75
1195,262,Cryptocurrency,178572,2024-12-11,258814.62
1196,94,Stocks,134702,2025-01-05,172918.11
1197,323,Mutual Funds,404035,2024-12-22,395623.11
1198,233,Cryptocurrency,32578,2025-03-14,30887.87
1199,472,Mutual Funds,457868,2025-02-19,667114.3
1200,127,Stocks,352767,2025-06-24,429047.52
1201,367,Fixed Deposits,309224,2026-04-19,299195.82
1202,148,Cryptocurrency,83209,2025-07-25,80434.52
1203,68,Mutual Funds,88191,2025-09-05,87666.81
1204,387,Cryptocurrency,472336,2026-04-09,657746.35
1205,353,Fixed Deposits,496677,2026-01-14,574679.85
1206,385,Fixed Deposits,287452,2025-12-29,390076.18
1207,38,Mutual Funds,226977,2024-09-18,320974.14
1208,181,Gold,61243,2025-10-27,51320.13
1209,307,Fixed Deposits,223611,2025-10-06,206399.83
1210,257,Mutual Funds,289111,2026-03-17,407014.12
1211,315,Fixed Deposits,413278,2024-10-15,380870.48
1212,352,Fixed Deposits,290613,2025-09-25,304248.39
1213,231,Gold,318877,2024-11-27,489661.12
1214,422,Stocks,203163,2025-09-06,209770.61
1215,432,Cryptocurrency,411556,2025-06-25,387874.21
1216,289,Gold,146124,2024-12-09,207295.57
1217,357,Fixed Deposits,396922,2025-04-16,395918.72
1218,224,Mutual Funds,270170,2024-09-27,287802.02
1219,232,Stocks,355785,2024-10-25,296452.13
1220,196,Stocks,286802,2025-11-19,264093.76
1221,269,Stocks,297324,2025-09-30,416805.13
1222,316,Fixed Deposits,154107,2025-05-12,234914.03
1223,213,Stocks,426916,2025-04-04,350546.56
1224,227,Gold,287617,2025-01-07,351750.29
1225,280,Fixed Deposits,14316,2026-03-14,14133.59
1226,141,Gold,312278,2026-02-05,460550.33
1227,190,Stocks,467389,2025-02-18,703944.22
1228,48,Mutual Funds,10646,2024-11-14,13025.78
1229,67,Cryptocurrency,153634,2025-04-15,144951.47
1230,431,Fixed Deposits,474282,2025-06-27,705148.32
1231,475,Mutual Funds,129196,2025-05-26,136620.53
1232,465,Cryptocurrency,202721,2024-12-25,258505.96
1233,216,Mutual Funds,208428,2024-08-01,179008.81
1234,420,Mutual Funds,245034,2025-08-17,259635.25
1235,348,Mutual Funds,282373,2025-10-23,384447.85
1236,105,Gold,368913,2024-10-19,502602.01
1237,112,Cryptocurrency,373162,2025-11-17,445970.13
1238,65,Gold,24969,2024-11-16,29915.89
1239,483,Stocks,415444,2025-09-30,561145.84
1240,496,Stocks,355964,2024-07-22,477916.08
1241,489,Fixed Deposits,384781,2025-11-13,586499.55
1242,276,Cryptocurrency,247141,2026-02-22,291378.35
1243,493,Cryptocurrency,318089,2026-01-18,420913.66
1244,35,Fixed Deposits,230837,2024-11-12,258694.65
1245,120,Stocks,389175,2024-08-27,562286.52
1246,209,Stocks,485015,2025-07-29,760674.34
1247,215,Gold,42210,2026-02-14,51161.24
1248,73,Fixed Deposits,298832,2025-05-26,425898.77
1249,195,Fixed Deposits,143881,2026-02-18,139442.62
1250,492,Gold,438284,2024-10-23,421964.07
1251,478,Cryptocurrency,393527,2025-03-16,624864.81
1252,289,Stocks,488564,2025-02-08,687692.16
1253,54,Stocks,296469,2025-03-29,346479.96
1254,180,Mutual Funds,82364,2026-06-18,130473.46
1255,70,Stocks,118664,2025-08-23,110003.19
1256,279,Stocks,366489,2026-03-01,296964.4
1257,25,Cryptocurrency,259127,2025-11-06,249017.64
1258,202,Gold,136371,2024-10-08,133434.75
1259,165,Cryptocurrency,426006,2026-07-13,396293.26
1260,359,Gold,183962,2024-09-18,231840.21
1261,94,Fixed Deposits,32948,2026-05-06,40439.77
1262,61,Cryptocurrency,261112,2025-07-14,371486.2
1263,15,Gold,487816,2026-01-27,617610.24
1264,72,Mutual Funds,345213,2025-07-07,397093.92
1265,27,Fixed Deposits,163332,2026-05-08,181687.57
1266,75,Stocks,179190,2025-08-08,243966.76
1267,298,Cryptocurrency,340746,2026-04-13,360555.25
1268,484,Stocks,352733,2024-10-05,509848.11
1269,437,Fixed Deposits,63109,2024-11-08,53592.95
1270,359,Fixed Deposits,19769,2025-01-20,29982.19
1271,65,Stocks,189143,2025-10-05,265043.66
1272,70,Mutual Funds,450483,2025-02-22,707162.61
1273,376,Mutual Funds,332007,2025-07-01,499923.78
1274,88,Gold,259874,2026-07-02,266517.48
1275,49,Mutual Funds,101207,2025-03-26,81598.99
1276,363,Stocks,433873,2025-07-02,500202.0
1277,493,Stocks,186951,2024-11-10,264097.11
1278,499,Mutual Funds,173091,2025-01-24,274522.56
1279,46,Mutual Funds,216335,2025-10-18,277401.35
1280,362,Fixed Deposits,173710,2025-10-26,247148.16
1281,260,Stocks,313803,2026-06-05,482287.56
1282,310,Cryptocurrency,246642,2025-01-08,347365.31
1283,12,Stocks,290483,2026-06-24,330665.78
1284,350,Gold,370579,2025-11-07,435943.75
1285,7,Stocks,80004,2025-12-03,110861.86
1286,183,Gold,177889,2025-12-31,184827.29
1287,18,Gold,168249,2025-07-11,260764.26
1288,340,Fixed Deposits,407969,2024-12-18,446172.77
1289,147,Mutual Funds,91811,2024-09-18,85446.62
1290,410,Stocks,299272,2026-03-16,455259.83
1291,157,Mutual Funds,277219,2025-02-12,384619.3
1292,268,Mutual Funds,237387,2026-06-11,232547.15
1293,273,Fixed Deposits,244319,2025-09-19,333508.98
1294,461,Fixed Deposits,359698,2025-04-08,366575.12
1295,481,Cryptocurrency,173733,2025-01-02,173324.85
1296,330,Gold,88330,2025-03-26,85184.01
1297,497,Gold,326695,2025-01-12,275701.29
1298,49,Gold,195109,2026-01-03,284129.55
1299,70,Gold,369891,2025-06-22,533143.59
1300,322,Stocks,264329,2025-04-12,369952.1
1301,230,Mutual Funds,205368,2026-05-31,167422.99
1302,272,Gold,145718,2024-07-23,150109.0
1303,342,Stocks,333570,2024-08-10,474111.28
1304,67,Gold,366280,2025-06-11,409352.77
1305,62,Stocks,300933,2026-05-07,294791.8
1306,183,Gold,361620,2025-03-18,536163.35
1307,348,Cryptocurrency,76152,2024-09-23,89451.56
1308,386,Stocks,99521,2026-02-21,152001.45
1309,299,Mutual Funds,164633,2026-03-21,170015.05
1310,319,Mutual Funds,261316,2025-07-08,211540.53
1311,147,Gold,104490,2024-11-27,165613.71
1312,296,Cryptocurrency,101422,2025-12-04,121695.02
1313,157,Mutual Funds,89372,2024-12-31,103225.7
1314,438,Fixed Deposits,22591,2025-01-21,28767.56
1315,462,Mutual Funds,474175,2025-06-06,753791.54
1316,355,Cryptocurrency,165505,2025-03-01,242119.29
1317,298,Gold,321615,2025-10-27,273291.46
1318,481,Stocks,216928,2026-02-05,217958.98
1319,7,Stocks,144365,2024-10-19,167610.03
1320,292,Stocks,201517,2026-06-28,297571.07
1321,299,Fixed Deposits,92931,2024-11-29,83121.21
1322,13,Fixed Deposits,379790,2026-06-01,585386.76
1323,146,Cryptocurrency,360097,2025-03-25,485214.45
1324,100,Stocks,272575,2024-08-21,219949.13
1325,202,Mutual Funds,330912,2025-10-29,321444.41
1326,260,Cryptocurrency,174657,2024-10-27,228460.64
1327,314,Gold,238866,2025-06-12,280691.67
1328,500,Stocks,28128,2026-02-22,25047.87
1329,297,Fixed Deposits,34865,2025-04-06,33667.16
1330,439,Fixed Deposits,14968,2025-03-17,21328.21
1331,246,Fixed Deposits,110115,2025-02-26,135768.96
1332,86,Cryptocurrency,258187,2025-05-13,261408.44
1333,395,Mutual Funds,374029,2026-04-03,538639.19
1334,361,Fixed Deposits,58240,2025-03-06,76023.75
1335,381,Fixed Deposits,247631,2025-05-03,222346.05
1336,170,Mutual Funds,72688,2025-03-01,62917.05
1337,221,Fixed Deposits,224115,2025-01-20,202929.18
1338,129,Fixed Deposits,196984,2024-10-18,269736.12
1339,222,Cryptocurrency,171808,2025-01-13,153042.68
1340,68,Gold,328944,2024-10-29,357588.83
1341,57,Gold,310425,2024-08-15,270981.52
1342,247,Stocks,27801,2024-12-18,22392.25
1343,412,Fixed Deposits,119163,2026-02-28,165114.59
1344,212,Mutual Funds,148103,2025-08-04,206454.58
1345,23,Fixed Deposits,153374,2024-08-29,238271.85
1346,22,Gold,464422,2024-09-30,619158.95
1347,456,Stocks,156349,2025-02-18,218035.55
1348,46,Stocks,425962,2025-01-03,647531.28
1349,322,Stocks,107063,2024-11-08,162959.33
1350,20,Fixed Deposits,95799,2024-08-26,95688.4
1351,164,Fixed Deposits,182085,2025-01-31,220451.16
1352,190,Mutual Funds,100250,2025-09-28,87557.93
1353,399,Fixed Deposits,281080,2025-01-03,448043.21
1354,158,Stocks,373760,2025-07-31,372123.18
1355,497,Gold,81205,2025-09-03,112822.15
1356,359,Stocks,370129,2025-09-27,548497.85
1357,162,Stocks,149691,2026-03-31,166018.16
1358,370,Mutual Funds,350408,2025-08-18,347035.65
1359,378,Cryptocurrency,307016,2024-09-15,452984.69
1360,251,Cryptocurrency,175148,2025-11-07,198595.36
1361,233,Stocks,365299,2024-07-31,400098.52
1362,149,Cryptocurrency,293359,2024-11-07,365931.36
1363,391,Stocks,392721,2026-02-03,523588.91
1364,70,Stocks,111217,2025-06-27,116281.34
1365,108,Cryptocurrency,61024,2026-04-22,49664.48
1366,289,Stocks,437772,2025-10-04,661084.89
1367,68,Mutual Funds,265420,2025-08-14,346931.64
1368,346,Cryptocurrency,250267,2025-02-19,330930.09
1369,477,Gold,110304,2025-08-02,150138.46
1370,409,Cryptocurrency,152907,2024-09-25,163035.5
1371,312,Fixed Deposits,152079,2025-03-26,217099.54
1372,284,Gold,376608,2025-12-25,314555.56
1373,285,Gold,378408,2025-01-16,303643.87
1374,101,Cryptocurrency,330804,2025-08-22,267742.45
1375,80,Mutual Funds,218633,2024-08-31,297474.28
1376,27,Cryptocurrency,126709,2025-01-16,146308.89
1377,367,Stocks,364765,2025-02-13,436195.42
1378,192,Mutual Funds,392202,2026-03-27,326292.76
1379,460,Fixed Deposits,482418,2025-10-30,459770.27
1380,184,Gold,270319,2024-12-06,280527.54
1381,447,Cryptocurrency,388394,2025-04-11,378262.79
1382,245,Stocks,200347,2024-09-12,222162.41
1383,313,Mutual Funds,333675,2026-02-07,323604.69
1384,69,Gold,51008,2024-12-18,60868.32
1385,183,Gold,39319,2024-11-22,60916.6
1386,219,Mutual Funds,74640,2026-03-19,61650.92
1387,243,Cryptocurrency,31198,2025-04-20,26289.05
1388,38,Mutual Funds,11536,2026-06-04,17272.88
1389,383,Mutual Funds,323784,2025-11-04,360846.13
1390,165,Gold,356546,2026-07-14,347689.5
1391,11,Gold,158417,2024-11-10,245985.82
1392,479,Mutual Funds,353869,2026-01-28,485838.84
1393,339,Fixed Deposits,490166,2026-05-15,516114.06
1394,409,Mutual Funds,120975,2025-11-19,179899.77
1395,456,Gold,138040,2024-07-30,208973.18
1396,35,Cryptocurrency,338373,2024-07-19,480169.12
1397,390,Gold,467127,2026-02-28,540031.82
1398,468,Cryptocurrency,437888,2025-04-17,560698.27
1399,483,Stocks,35178,2025-09-14,32005.37
1400,378,Stocks,357139,2026-07-13,312063.61
1401,56,Gold,260754,2025-04-20,293466.8
1402,213,Fixed Deposits,195558,2024-10-02,204475.01
1403,368,Cryptocurrency,36029,2024-09-06,32985.07
1404,37,Cryptocurrency,179427,2024-11-02,200265.89
1405,394,Cryptocurrency,479636,2025-05-05,489506.13
1406,406,Mutual Funds,95514,2026-03-03,85518.47
1407,228,Gold,377507,2025-09-09,494395.3
1408,409,Fixed Deposits,193959,2026-04-29,209377.31
1409,448,Gold,212412,2025-11-27,298364.43
1410,393,Cryptocurrency,368780,2026-06-04,540687.35
1411,474,Gold,337750,2026-05-01,327801.24
1412,282,Stocks,103720,2025-06-24,155811.7
1413,86,Gold,334775,2024-10-22,358177.42
1414,129,Gold,383931,2024-08-24,332921.2
1415,261,Gold,493171,2026-05-28,575400.5
1416,16,Gold,469343,2026-03-01,479601.8
1417,466,Fixed Deposits,70195,2025-06-05,58088.74
1418,293,Cryptocurrency,258389,2025-05-08,400882.37
1419,326,Stocks,465292,2025-09-15,557478.77
1420,432,Gold,50335,2025-05-18,75553.81
1421,81,Gold,138541,2026-01-17,179230.94
1422,366,Cryptocurrency,114924,2026-01-16,95697.58
1423,404,Mutual Funds,249595,2026-06-20,263166.54
1424,145,Gold,238343,2025-10-14,251717.25
1425,321,Gold,217846,2025-12-05,267000.65
1426,454,Cryptocurrency,259032,2025-08-30,396472.71
1427,167,Stocks,479346,2024-08-27,580215.03
1428,347,Gold,282558,2025-08-09,438190.24
1429,400,Fixed Deposits,484173,2025-07-02,606933.97
1430,483,Stocks,207518,2025-08-12,210648.57
1431,292,Fixed Deposits,399959,2025-01-27,397197.28
1432,149,Cryptocurrency,200066,2025-05-13,162310.68
1433,307,Fixed Deposits,474016,2026-06-03,518983.61
1434,488,Stocks,223555,2025-04-22,194835.21
1435,302,Stocks,384505,2026-04-06,446305.57
1436,142,Mutual Funds,448203,2025-03-21,665760.67
1437,289,Fixed Deposits,360137,2024-09-29,344368.86
1438,199,Stocks,475523,2024-10-01,630753.33
1439,50,Stocks,60068,2026-03-20,87247.99
1440,188,Stocks,103139,2024-11-30,131328.43
1441,10,Cryptocurrency,450942,2024-10-31,650414.08
1442,262,Gold,449053,2026-05-03,651783.21
1443,99,Mutual Funds,40224,2024-09-23,47145.68
1444,402,Mutual Funds,473402,2024-10-07,632174.58
1445,5,Mutual Funds,239009,2025-11-03,219909.34
1446,470,Stocks,458400,2025-03-21,602991.41
1447,40,Cryptocurrency,261987,2025-05-07,397063.28
1448,212,Mutual Funds,39232,2026-02-15,35407.36
1449,371,Mutual Funds,456209,2025-09-03,427427.17
1450,113,Gold,249752,2026-03-13,251993.65
1451,158,Fixed Deposits,112430,2025-08-07,145309.56
1452,105,Fixed Deposits,453378,2025-01-16,682390.59
1453,274,Gold,454779,2024-09-29,398450.35
1454,238,Mutual Funds,129344,2025-11-03,161976.36
1455,278,Fixed Deposits,299800,2024-12-20,359301.65
1456,224,Mutual Funds,277358,2025-09-30,357697.64
1457,279,Cryptocurrency,266789,2026-03-04,271249.63
1458,187,Fixed Deposits,430986,2025-09-03,500543.75
1459,292,Stocks,279544,2025-05-08,438991.19
1460,7,Fixed Deposits,18086,2024-12-25,17479.6
1461,342,Fixed Deposits,196162,2025-01-13,263216.5
1462,401,Mutual Funds,46155,2026-06-20,39447.73
1463,220,Stocks,300596,2025-04-08,400797.64
1464,27,Cryptocurrency,237325,2026-05-27,365398.89
1465,455,Stocks,185732,2025-03-03,276493.26
1466,175,Stocks,418460,2024-09-20,440272.73
1467,77,Stocks,441475,2025-09-16,550436.59
1468,391,Fixed Deposits,205391,2024-11-06,295549.19
1469,276,Mutual Funds,253449,2025-07-04,250858.7
1470,404,Mutual Funds,53355,2024-09-17,61121.22
1471,372,Cryptocurrency,71971,2024-08-30,68896.62
1472,416,Fixed Deposits,65219,2025-05-18,68654.09
1473,324,Stocks,360346,2024-09-26,295080.7
1474,464,Fixed Deposits,342632,2025-04-28,452125.76
1475,392,Gold,341773,2025-08-18,419484.08
1476,275,Fixed Deposits,87546,2025-02-07,126741.17
1477,362,Stocks,230654,2025-07-27,284798.79
1478,124,Cryptocurrency,279157,2025-07-11,311223.29
1479,218,Fixed Deposits,438526,2025-01-25,597897.9
1480,430,Gold,139338,2025-08-28,165647.67
1481,362,Stocks,491876,2025-08-03,530771.83
1482,185,Mutual Funds,452625,2024-12-31,589178.07
1483,35,Gold,66552,2025-12-20,92324.45
1484,408,Gold,155044,2024-11-21,130538.32
1485,251,Fixed Deposits,376800,2025-11-28,452400.24
1486,18,Cryptocurrency,52936,2024-09-05,71309.73
1487,260,Fixed Deposits,134798,2025-06-20,212909.89
1488,464,Stocks,227605,2025-02-23,218630.55
1489,30,Stocks,337894,2024-11-20,300616.71
1490,68,Fixed Deposits,327881,2024-10-15,405758.89
1491,354,Cryptocurrency,483734,2024-09-09,683038.39
1492,442,Gold,114969,2026-01-06,138198.47
1493,3,Gold,325275,2025-01-19,329161.98
1494,450,Stocks,63234,2026-03-12,53509.77
1495,63,Cryptocurrency,256404,2026-04-25,356466.3
1496,347,Fixed Deposits,76458,2025-04-06,82912.34
1497,257,Cryptocurrency,452983,2025-07-31,440689.4
1498,16,Gold,18099,2026-01-10,24148.66
1499,345,Fixed Deposits,391759,2024-08-09,387998.76
1500,119,Fixed Deposits,17647,2024-09-17,24832.93
1501,107,Stocks,22275,2026-07-17,22272.41
1502,189,Cryptocurrency,31544,2024-09-24,35218.17
1503,410,Cryptocurrency,36289,2026-05-06,56955.39
1504,471,Fixed Deposits,51034,2025-03-12,65818.45
1505,187,Fixed Deposits,357722,2025-02-22,511619.81
1506,327,Mutual Funds,339850,2024-11-12,376331.96
1507,406,Stocks,482071,2025-09-26,456817.31
1508,88,Stocks,52724,2025-11-01,73300.73
1509,25,Mutual Funds,476014,2025-02-10,596688.62
1510,42,Gold,392579,2024-11-29,612378.26
1511,125,Mutual Funds,417834,2026-02-17,421653.92
1512,87,Cryptocurrency,172062,2024-11-20,234277.52
1513,173,Fixed Deposits,428882,2025-06-30,642491.59
1514,249,Mutual Funds,277200,2025-07-23,357224.22
1515,423,Gold,433787,2025-09-03,364057.63
1516,359,Stocks,354191,2025-01-04,300190.94
1517,195,Cryptocurrency,323490,2025-06-17,303404.91
1518,140,Fixed Deposits,450663,2026-07-10,408136.31
1519,480,Fixed Deposits,433498,2025-03-20,372143.87
1520,437,Cryptocurrency,435482,2025-06-23,516317.62
1521,28,Fixed Deposits,211801,2026-03-09,317575.48
1522,77,Stocks,10027,2025-11-29,13593.42
1523,227,Fixed Deposits,368224,2025-11-17,576460.04
1524,95,Stocks,212824,2026-03-04,289805.65
1525,155,Gold,166466,2026-07-11,152483.75
1526,340,Mutual Funds,99194,2026-01-23,115066.55
1527,412,Fixed Deposits,51967,2025-04-23,72403.41
1528,19,Cryptocurrency,348985,2025-08-29,336998.81
1529,89,Fixed Deposits,238606,2024-09-10,298621.21
1530,159,Stocks,280750,2024-12-11,442256.79
1531,348,Gold,212496,2026-01-07,199459.75
1532,239,Mutual Funds,28138,2025-04-19,27303.12
1533,128,Gold,321815,2026-04-25,493513.44
1534,413,Fixed Deposits,99388,2026-05-10,137842.75
1535,89,Stocks,460119,2025-01-18,489999.18
1536,23,Cryptocurrency,156790,2026-06-17,224547.99
1537,392,Mutual Funds,80186,2025-06-03,78534.47
1538,369,Stocks,309241,2024-08-22,300515.44
1539,212,Stocks,76341,2026-06-08,64549.52
1540,62,Cryptocurrency,98817,2024-10-09,122046.37
1541,157,Mutual Funds,61118,2026-02-02,66700.0
1542,381,Cryptocurrency,169907,2024-08-06,247595.27
1543,16,Gold,372659,2024-10-14,387466.78
1544,369,Mutual Funds,135613,2024-07-22,156691.33
1545,255,Mutual Funds,304120,2024-12-31,480103.82
1546,42,Cryptocurrency,18234,2025-04-23,25145.48
1547,138,Mutual Funds,409302,2024-11-09,549483.31
1548,212,Gold,427800,2025-02-07,466954.26
1549,48,Fixed Deposits,409438,2026-06-23,518045.11
1550,204,Gold,156114,2025-04-10,152189.66
1551,231,Stocks,337096,2026-07-07,289453.72
1552,419,Fixed Deposits,280474,2026-03-24,339251.76
1553,99,Fixed Deposits,189145,2025-03-15,220895.94
1554,404,Mutual Funds,359832,2026-03-20,457391.74
1555,37,Mutual Funds,266500,2024-08-06,278065.16
1556,175,Stocks,94768,2025-01-18,82830.77
1557,261,Fixed Deposits,20147,2025-01-20,30611.93
1558,220,Stocks,225149,2025-12-05,232136.3
1559,438,Stocks,493167,2024-12-31,454122.63
1560,414,Fixed Deposits,273566,2024-11-01,233175.33
1561,365,Mutual Funds,41545,2025-06-25,39890.61
1562,422,Fixed Deposits,324949,2024-08-09,293450.55
1563,425,Cryptocurrency,318519,2025-09-13,401693.47
1564,15,Gold,163526,2025-03-25,143840.2
1565,21,Gold,102707,2025-07-06,136090.04
1566,371,Fixed Deposits,87608,2026-04-11,86483.01
1567,57,Cryptocurrency,48797,2025-10-23,39211.21
1568,162,Mutual Funds,486290,2024-12-15,754804.29
1569,311,Cryptocurrency,134934,2025-10-12,165510.23
1570,325,Mutual Funds,274399,2026-01-18,228041.47
1571,171,Cryptocurrency,189167,2025-01-10,236428.77
1572,258,Stocks,326377,2025-08-15,444634.13
1573,175,Cryptocurrency,345333,2025-10-15,432874.92
1574,165,Mutual Funds,316741,2025-04-06,310417.04
1575,26,Mutual Funds,321011,2025-05-04,351962.33
1576,134,Gold,206704,2025-03-21,174145.13
1577,2,Fixed Deposits,233148,2026-04-11,370916.96
1578,331,Mutual Funds,210580,2024-08-16,297998.33
1579,29,Gold,314826,2025-06-22,406406.57
1580,96,Mutual Funds,312171,2025-02-25,464880.73
1581,244,Gold,276920,2024-12-20,352109.41
1582,413,Mutual Funds,391953,2024-08-17,584719.6
1583,246,Stocks,63372,2026-04-10,75343.53
1584,282,Fixed Deposits,359883,2025-08-06,522241.53
1585,375,Stocks,412968,2026-04-20,341721.15
1586,258,Stocks,74948,2025-06-19,101824.22
1587,177,Stocks,493319,2026-04-11,716288.87
1588,315,Fixed Deposits,291306,2024-09-02,423742.88
1589,462,Fixed Deposits,386729,2025-11-07,487326.35
1590,422,Stocks,14844,2025-06-04,21717.42
1591,331,Fixed Deposits,326460,2026-01-16,381416.63
1592,329,Fixed Deposits,499517,2025-12-24,768558.93
1593,96,Stocks,475831,2025-07-16,509159.31
1594,66,Stocks,124943,2024-11-22,167254.93
1595,401,Gold,103986,2025-01-15,91210.47
1596,317,Cryptocurrency,416906,2024-11-20,612055.2
1597,164,Mutual Funds,297920,2024-08-18,441712.7
1598,117,Mutual Funds,418895,2026-02-26,537192.92
1599,246,Fixed Deposits,218146,2026-01-25,183449.43
1600,465,Fixed Deposits,265553,2024-11-02,373590.01
1601,1,Cryptocurrency,453159,2024-07-29,541507.51
1602,175,Gold,11445,2025-06-09,17357.15
1603,90,Gold,243665,2025-12-31,210569.67
1604,36,Mutual Funds,170676,2025-08-31,214848.8
1605,17,Fixed Deposits,361643,2024-12-11,551230.14
1606,166,Stocks,251231,2025-10-10,314564.28
1607,278,Cryptocurrency,263962,2026-05-30,214500.97
1608,296,Fixed Deposits,225351,2026-04-02,295432.87
1609,325,Gold,360383,2025-02-21,457350.06
1610,86,Stocks,426631,2025-05-25,600863.33
1611,443,Fixed Deposits,412867,2026-02-28,584030.2
1612,139,Cryptocurrency,131424,2025-12-04,150503.07
1613,73,Mutual Funds,317931,2026-06-15,263703.07
1614,356,Stocks,134756,2025-07-30,155091.17
1615,350,Mutual Funds,304522,2026-06-06,377473.37
1616,210,Mutual Funds,243285,2025-05-18,290109.77
1617,17,Cryptocurrency,152382,2025-01-07,219726.76
1618,356,Mutual Funds,467277,2025-01-18,396950.16
1619,58,Mutual Funds,435586,2024-12-14,408234.87
1620,264,Mutual Funds,250377,2026-03-18,381249.48
1621,89,Mutual Funds,391509,2024-08-05,317835.76
1622,464,Fixed Deposits,237649,2026-01-28,360415.95
1623,21,Cryptocurrency,164795,2025-06-23,175845.75
1624,177,Mutual Funds,35906,2025-05-29,35695.15
1625,329,Mutual Funds,72446,2025-09-16,75178.61
1626,472,Mutual Funds,478699,2024-08-14,391936.9
1627,442,Mutual Funds,325037,2025-10-24,270190.89
1628,256,Gold,434745,2025-04-18,565387.64
1629,428,Gold,345213,2024-09-08,547006.92
1630,285,Mutual Funds,93110,2024-08-28,74976.99
1631,160,Stocks,177885,2024-09-24,254674.73
1632,165,Mutual Funds,54478,2025-07-15,52800.98
1633,317,Stocks,386710,2024-08-10,380348.21
1634,140,Gold,224619,2025-04-07,191713.31
1635,19,Fixed Deposits,35871,2025-12-13,36090.95
1636,364,Fixed Deposits,313542,2026-06-09,277938.36
1637,139,Fixed Deposits,131256,2024-08-16,172905.8
1638,93,Gold,294179,2025-09-20,320665.54
1639,349,Gold,217468,2026-04-19,189310.29
1640,142,Cryptocurrency,230281,2025-03-09,186008.67
1641,408,Fixed Deposits,89789,2024-12-22,121390.62
1642,146,Stocks,418384,2026-06-16,395807.56
1643,184,Fixed Deposits,38149,2024-11-29,47230.61
1644,79,Fixed Deposits,125061,2024-12-21,180676.46
1645,134,Fixed Deposits,495008,2025-09-28,459543.17
1646,342,Mutual Funds,193154,2025-09-18,164811.98
1647,276,Fixed Deposits,436738,2026-06-27,497692.7
1648,409,Stocks,287259,2025-11-02,414319.04
1649,491,Mutual Funds,344911,2025-05-08,458329.57
1650,423,Cryptocurrency,55938,2025-09-11,77243.24
1651,317,Fixed Deposits,281489,2025-05-24,239111.93
1652,431,Stocks,405593,2024-10-12,517579.75
1653,229,Stocks,366917,2024-08-19,504333.89
1654,173,Stocks,92680,2026-01-19,89406.43
1655,339,Cryptocurrency,211232,2025-03-07,293667.15
1656,179,Cryptocurrency,426581,2025-07-24,607440.22
1657,443,Stocks,28968,2024-10-04,38598.88
1658,113,Cryptocurrency,291283,2025-07-10,452872.94
1659,455,Stocks,433345,2024-08-19,577273.42
1660,294,Cryptocurrency,305887,2025-09-22,383336.47
1661,452,Mutual Funds,18031,2025-08-05,19708.92
1662,78,Stocks,455227,2024-12-01,635122.93
1663,40,Stocks,223076,2026-04-06,319577.07
1664,208,Cryptocurrency,241611,2025-02-23,215947.78
1665,101,Gold,80796,2025-07-03,110293.9
1666,196,Gold,273622,2025-07-03,226878.93
1667,486,Stocks,253148,2024-11-23,337464.8
1668,214,Stocks,426384,2025-11-11,637700.52
1669,79,Gold,194637,2024-08-23,212874.04
1670,84,Mutual Funds,95494,2025-06-29,89702.56
1671,134,Gold,395525,2024-08-04,419358.46
1672,134,Mutual Funds,487923,2024-12-07,477453.86
1673,375,Fixed Deposits,23230,2025-05-28,26929.96
1674,278,Cryptocurrency,232438,2025-03-22,342245.48
1675,20,Gold,304365,2024-10-26,348184.57
1676,221,Fixed Deposits,362608,2025-12-30,352592.58
1677,466,Stocks,267315,2025-03-11,412793.85
1678,113,Mutual Funds,351785,2025-02-11,531590.43
1679,357,Cryptocurrency,463263,2025-06-18,610502.31
1680,410,Gold,134473,2026-03-02,157445.62
1681,232,Mutual Funds,33065,2025-07-28,27804.67
1682,490,Stocks,138439,2025-04-10,217652.5
1683,383,Fixed Deposits,117439,2025-01-14,155091.52
1684,69,Mutual Funds,104933,2025-06-14,97159.39
1685,460,Gold,368789,2026-01-01,526769.27
1686,192,Cryptocurrency,81966,2024-08-28,129138.56
1687,332,Mutual Funds,172990,2025-11-01,225843.4
1688,269,Mutual Funds,373848,2024-08-14,324894.35
1689,69,Stocks,272355,2025-11-29,360984.66
1690,392,Mutual Funds,408452,2024-09-19,632359.75
1691,366,Stocks,397709,2025-02-10,542999.41
1692,379,Fixed Deposits,110944,2025-02-20,169445.76
1693,336,Gold,280492,2024-12-28,414449.18
1694,411,Stocks,491248,2025-09-27,698114.32
1695,326,Gold,470419,2026-01-25,411755.98
1696,95,Mutual Funds,240067,2025-09-03,311317.94
1697,342,Fixed Deposits,248988,2026-03-22,338079.27
1698,407,Fixed Deposits,295052,2026-03-03,411940.08
1699,132,Cryptocurrency,421464,2025-06-14,350589.23
1700,326,Mutual Funds,282169,2026-05-23,345674.28
1701,435,Stocks,281454,2025-09-19,404197.59
1702,395,Gold,134963,2025-02-03,202085.05
1703,196,Fixed Deposits,411874,2025-01-14,527040.35
1704,332,Fixed Deposits,148534,2026-04-04,119668.0
1705,402,Stocks,103926,2026-03-06,89792.43
1706,421,Gold,130288,2026-01-14,188370.19
1707,499,Gold,389235,2026-01-06,518345.02
1708,475,Cryptocurrency,299536,2026-04-17,349370.98
1709,202,Mutual Funds,304774,2025-09-03,279745.13
1710,75,Mutual Funds,219856,2025-04-16,303698.75
1711,200,Gold,383961,2024-08-09,524836.67
1712,142,Stocks,29872,2025-11-02,33295.34
1713,357,Gold,79138,2026-04-03,77082.84
1714,41,Fixed Deposits,198015,2024-07-29,285572.18
1715,3,Stocks,475191,2025-03-31,646040.48
1716,383,Fixed Deposits,498271,2025-07-21,638292.63
1717,167,Stocks,39888,2025-06-30,49977.2
1718,396,Mutual Funds,419243,2024-08-24,459105.97
1719,333,Fixed Deposits,150154,2024-09-20,127306.24
1720,90,Gold,457580,2025-06-09,464437.56
1721,227,Mutual Funds,281304,2026-05-10,414965.65
1722,326,Gold,201053,2024-12-22,215759.82
1723,71,Fixed Deposits,113261,2026-06-08,122637.75
1724,31,Gold,150358,2024-12-08,128199.5
1725,171,Cryptocurrency,45132,2025-11-21,53715.24
1726,379,Gold,226415,2024-11-22,182503.83
1727,72,Fixed Deposits,224018,2025-01-09,331678.8
1728,49,Cryptocurrency,118829,2025-03-23,155370.66
1729,413,Cryptocurrency,479626,2024-11-28,691458.44
1730,168,Mutual Funds,373851,2025-01-18,440848.97
1731,24,Mutual Funds,223493,2026-01-12,197627.06
1732,141,Gold,260822,2026-06-05,259865.07
1733,54,Mutual Funds,148693,2026-03-13,208899.96
1734,46,Gold,115645,2025-07-04,150297.0
1735,240,Mutual Funds,211222,2025-07-14,273769.09
1736,83,Mutual Funds,69943,2025-12-06,72274.35
1737,39,Mutual Funds,93665,2025-06-05,132921.52
1738,108,Stocks,344488,2025-10-27,415129.51
1739,22,Gold,195033,2024-09-12,268352.01
1740,73,Stocks,69578,2025-11-27,105224.17
1741,185,Fixed Deposits,467373,2025-12-14,687554.7
1742,25,Stocks,134811,2026-02-27,128556.68
1743,378,Mutual Funds,473461,2025-07-10,728044.22
1744,187,Stocks,496000,2025-06-06,618937.01
1745,3,Gold,462362,2025-02-16,370646.73
1746,16,Gold,480407,2024-09-03,619881.08
1747,117,Gold,430186,2025-12-26,437990.87
1748,99,Mutual Funds,147797,2025-10-01,217960.84
1749,74,Cryptocurrency,461603,2024-08-28,501961.73
1750,229,Gold,146735,2024-11-26,182183.69
1751,156,Fixed Deposits,274838,2026-04-30,223315.58
1752,126,Cryptocurrency,68728,2026-02-10,72949.13
1753,128,Gold,297490,2024-12-27,321209.33
1754,458,Cryptocurrency,164896,2025-11-20,142462.69
1755,18,Stocks,357710,2026-05-21,388945.37
1756,435,Cryptocurrency,246638,2024-08-05,269577.42
1757,228,Gold,105045,2025-04-01,138794.03
1758,432,Mutual Funds,199652,2026-06-03,226650.21
1759,333,Mutual Funds,64395,2026-01-18,81392.98
1760,249,Gold,84173,2024-08-27,92406.97
1761,365,Cryptocurrency,370138,2024-11-27,347478.34
1762,72,Gold,474235,2025-09-30,567046.12
1763,11,Gold,459048,2024-12-23,596891.03
1764,229,Gold,208461,2024-12-10,310705.41
1765,413,Stocks,97250,2025-07-27,114437.22
1766,140,Stocks,24053,2026-06-07,33849.28
1767,477,Cryptocurrency,497925,2025-07-20,532058.23
1768,275,Gold,219994,2024-09-10,287838.1
1769,311,Mutual Funds,301149,2025-01-01,382270.02
1770,423,Stocks,76452,2024-12-10,86746.88
1771,82,Stocks,464981,2024-08-25,415300.99
1772,407,Gold,81808,2025-12-17,130750.73
1773,20,Mutual Funds,272519,2025-12-26,256490.88
1774,322,Gold,357409,2026-06-15,384972.03
1775,181,Cryptocurrency,323331,2024-09-22,395684.57
1776,122,Cryptocurrency,250028,2025-11-28,331292.81
1777,412,Gold,423716,2025-04-15,483217.68
1778,249,Fixed Deposits,290851,2025-12-18,380608.41
1779,142,Stocks,39165,2026-05-19,42482.1
1780,414,Cryptocurrency,175720,2024-09-18,198769.38
1781,255,Fixed Deposits,35815,2025-03-20,36433.32
1782,152,Fixed Deposits,457718,2026-03-09,627321.87
1783,346,Fixed Deposits,313153,2025-05-31,488854.57
1784,179,Cryptocurrency,381762,2025-09-04,306295.51
1785,152,Cryptocurrency,435595,2025-12-22,388566.82
1786,323,Mutual Funds,241805,2025-12-27,314162.58
1787,89,Cryptocurrency,126400,2026-02-24,141181.35
1788,215,Fixed Deposits,216257,2025-07-03,240709.82
1789,148,Cryptocurrency,251625,2024-12-01,255853.62
1790,350,Mutual Funds,442951,2025-04-11,648587.84
1791,73,Gold,292814,2025-02-10,238401.68
1792,450,Gold,190648,2025-03-02,282293.57
1793,295,Gold,417658,2025-09-07,542541.24
1794,176,Stocks,427579,2025-02-20,355908.18
1795,256,Gold,473826,2026-05-28,546962.75
1796,127,Gold,420872,2025-04-10,418515.86
1797,269,Stocks,268152,2025-04-16,423971.72
1798,49,Cryptocurrency,48363,2026-01-05,40366.25
1799,72,Stocks,135452,2024-07-18,133431.92
1800,51,Fixed Deposits,20084,2025-01-17,16377.28
1801,174,Gold,106945,2025-02-13,165706.39
1802,464,Mutual Funds,258929,2026-05-06,231980.63
1803,403,Cryptocurrency,384075,2026-03-17,470379.54
1804,299,Fixed Deposits,422765,2024-07-27,415961.85
1805,427,Gold,50213,2025-11-05,50109.54
1806,123,Fixed Deposits,324602,2025-04-16,471412.84
1807,329,Fixed Deposits,496697,2025-02-23,591194.4
1808,93,Mutual Funds,173648,2024-12-19,140357.91
1809,475,Stocks,447670,2026-07-16,398261.34
1810,115,Cryptocurrency,115891,2024-12-09,95431.53
1811,391,Stocks,108327,2026-02-14,120142.57
1812,460,Gold,423062,2025-01-23,598540.14
1813,236,Gold,225790,2024-11-18,208683.95
1814,149,Gold,426275,2025-10-28,591835.75
1815,302,Fixed Deposits,71974,2025-01-07,85460.61
1816,182,Mutual Funds,73423,2025-08-12,79926.37
1817,156,Cryptocurrency,160435,2025-04-05,212237.95
1818,210,Mutual Funds,308306,2025-05-04,260658.32
1819,37,Stocks,75670,2025-10-22,76162.58
1820,36,Cryptocurrency,122475,2024-10-07,126666.61
1821,222,Stocks,20676,2024-08-12,23869.46
1822,32,Mutual Funds,426931,2026-06-05,351639.21
1823,147,Gold,37208,2025-01-26,44613.08
1824,43,Stocks,437147,2025-11-14,518401.59
1825,475,Cryptocurrency,227970,2025-02-28,233372.44
1826,463,Fixed Deposits,230827,2025-02-15,336738.63
1827,428,Gold,51986,2026-05-22,70097.18
1828,329,Stocks,112175,2024-08-19,125990.42
1829,295,Stocks,146224,2025-10-20,203883.53
1830,480,Mutual Funds,255922,2026-03-21,362580.24
1831,265,Mutual Funds,212832,2025-02-02,225155.63
1832,89,Cryptocurrency,27139,2024-12-23,35825.62
1833,47,Stocks,381318,2024-08-08,395153.55
1834,91,Gold,385921,2025-04-05,403641.71
1835,264,Stocks,369730,2026-03-26,514026.1
1836,197,Cryptocurrency,147289,2026-01-19,232874.19
1837,346,Gold,117235,2024-07-19,153017.01
1838,29,Mutual Funds,433035,2026-02-23,544245.4
1839,249,Fixed Deposits,421403,2026-03-01,516208.73
1840,461,Gold,427758,2026-04-05,585984.07
1841,484,Mutual Funds,246817,2026-02-09,254815.02
1842,368,Gold,411823,2025-06-24,419803.68
1843,50,Cryptocurrency,42280,2025-12-21,54892.91
1844,26,Fixed Deposits,112056,2026-05-26,109575.14
1845,308,Fixed Deposits,471103,2025-10-04,634036.24
1846,208,Stocks,252477,2025-03-23,374803.29
1847,99,Mutual Funds,495588,2026-07-16,625000.15
1848,370,Gold,401549,2024-11-10,322709.55
1849,375,Stocks,20002,2024-09-06,20424.6
1850,397,Stocks,190446,2025-04-08,182257.17
1851,488,Fixed Deposits,69622,2026-06-01,94541.02
1852,37,Gold,30576,2024-12-12,25403.38
1853,379,Gold,154655,2025-03-28,242333.85
1854,267,Mutual Funds,223030,2025-07-07,249991.26
1855,285,Mutual Funds,394586,2024-08-09,433257.92
1856,39,Gold,171217,2025-07-30,247291.78
1857,226,Cryptocurrency,246385,2025-06-12,297161.2
1858,405,Cryptocurrency,293623,2025-03-10,424645.28
1859,24,Cryptocurrency,164739,2025-02-28,203166.02
1860,142,Mutual Funds,175182,2024-08-26,175844.37
1861,406,Stocks,224698,2025-08-31,282072.04
1862,30,Mutual Funds,70640,2026-05-31,102959.64
1863,348,Stocks,384930,2026-04-02,615329.3
1864,82,Stocks,159989,2024-09-04,210672.69
1865,107,Cryptocurrency,89918,2025-12-22,120855.27
1866,29,Cryptocurrency,309659,2025-04-28,342282.97
1867,198,Gold,77283,2024-10-02,120716.75
1868,342,Fixed Deposits,70199,2025-03-12,94750.73
1869,186,Cryptocurrency,440113,2025-10-24,533385.24
1870,99,Stocks,483410,2024-09-21,585440.72
1871,349,Stocks,48237,2025-01-19,57742.49
1872,189,Stocks,376380,2025-11-13,595009.35
1873,416,Mutual Funds,349138,2025-12-31,295650.79
1874,178,Gold,357090,2026-04-04,479184.39
1875,37,Mutual Funds,385721,2025-07-10,562976.58
1876,131,Mutual Funds,391823,2024-09-21,507865.67
1877,417,Gold,413549,2025-08-01,393961.62
1878,171,Stocks,352965,2025-06-16,300054.73
1879,302,Stocks,98677,2025-11-22,138684.83
1880,475,Gold,269685,2026-07-17,262053.89
1881,141,Stocks,448660,2024-12-10,599903.42
1882,285,Cryptocurrency,34308,2025-03-12,44331.03
1883,63,Gold,194135,2024-10-25,309788.26
1884,320,Fixed Deposits,90606,2026-06-05,81709.22
1885,265,Gold,47392,2025-11-17,51118.87
1886,427,Stocks,99669,2025-01-16,89680.18
1887,165,Cryptocurrency,78872,2026-03-21,124947.6
1888,120,Mutual Funds,242792,2025-01-02,257448.33
1889,155,Mutual Funds,335053,2025-03-29,271156.45
1890,466,Mutual Funds,227040,2025-03-21,315265.23
1891,45,Gold,164033,2025-08-26,206141.19
1892,326,Cryptocurrency,499855,2025-04-10,645339.45
1893,465,Mutual Funds,446096,2025-11-12,474790.01
1894,29,Fixed Deposits,374270,2025-02-03,358479.02
1895,494,Stocks,379568,2026-06-28,600565.98
1896,413,Mutual Funds,103132,2026-03-18,152330.52
1897,442,Mutual Funds,468638,2024-10-05,609460.22
1898,308,Gold,241890,2025-01-25,308663.38
1899,295,Cryptocurrency,159462,2024-10-14,232262.13
1900,237,Mutual Funds,247684,2026-01-18,360995.54
1901,142,Stocks,481217,2026-06-13,734918.81
1902,29,Mutual Funds,472330,2026-05-13,429069.72
1903,215,Gold,306404,2024-08-01,320400.28
1904,421,Fixed Deposits,326062,2026-01-03,450264.11
1905,201,Gold,170071,2024-12-31,189418.15
1906,333,Fixed Deposits,290133,2025-05-08,414177.52
1907,460,Cryptocurrency,298622,2024-10-08,432865.67
1908,298,Stocks,190368,2025-03-04,300638.53
1909,380,Fixed Deposits,188857,2024-12-17,186606.96
1910,104,Cryptocurrency,247541,2026-06-20,266735.9
1911,427,Cryptocurrency,300943,2024-09-21,247872.51
1912,440,Fixed Deposits,377389,2025-08-22,393803.54
1913,49,Cryptocurrency,162616,2025-02-03,214897.34
1914,347,Stocks,374265,2026-06-05,386277.43
1915,327,Fixed Deposits,401921,2024-11-05,462663.49
1916,433,Mutual Funds,493652,2025-02-09,620058.91
1917,19,Mutual Funds,208149,2025-12-01,274728.02
1918,398,Cryptocurrency,347568,2026-05-26,349342.16
1919,437,Cryptocurrency,189629,2025-05-01,182993.24
1920,486,Gold,310036,2024-10-03,292301.35
1921,95,Fixed Deposits,81604,2026-05-03,127451.18
1922,164,Stocks,140289,2024-12-16,206719.35
1923,478,Fixed Deposits,105357,2025-02-22,91877.43
1924,370,Mutual Funds,237224,2024-12-17,288179.9
1925,454,Stocks,267316,2025-08-29,359244.74
1926,68,Mutual Funds,161052,2025-12-31,129890.36
1927,244,Mutual Funds,481898,2025-03-23,412733.59
1928,117,Gold,299460,2025-01-31,386970.61
1929,439,Fixed Deposits,60417,2025-09-08,57825.39
1930,314,Mutual Funds,300023,2025-02-01,332663.08
1931,282,Cryptocurrency,255449,2025-01-22,282517.24
1932,296,Mutual Funds,105308,2024-08-12,166926.31
1933,176,Gold,289628,2025-09-17,286759.95
1934,442,Stocks,229134,2025-07-26,283350.81
1935,309,Stocks,179308,2025-02-20,209601.35
1936,382,Stocks,65636,2026-05-10,76296.99
1937,202,Fixed Deposits,36498,2026-04-14,36455.24
1938,116,Cryptocurrency,350856,2025-11-11,300432.23
1939,82,Mutual Funds,225935,2025-04-13,242175.12
1940,279,Mutual Funds,483159,2025-12-01,572118.6
1941,489,Mutual Funds,109940,2024-12-19,152551.68
1942,408,Fixed Deposits,452376,2025-01-31,715755.87
1943,388,Cryptocurrency,175873,2025-11-27,275500.66
1944,253,Stocks,115284,2025-06-14,118537.53
1945,29,Mutual Funds,137585,2024-07-22,115114.19
1946,38,Mutual Funds,489552,2025-09-21,542823.35
1947,370,Cryptocurrency,336826,2025-04-11,467270.46
1948,293,Gold,150533,2025-10-27,191081.3
1949,24,Fixed Deposits,266412,2025-04-28,312308.82
1950,297,Fixed Deposits,434958,2026-07-02,386881.29
1951,100,Cryptocurrency,327398,2024-09-03,440468.24
1952,453,Stocks,409958,2025-01-15,598484.51
1953,155,Mutual Funds,371352,2025-01-12,490188.99
1954,384,Fixed Deposits,13557,2026-05-30,11027.73
1955,251,Cryptocurrency,12950,2024-12-21,18134.0
1956,414,Cryptocurrency,404563,2026-06-23,406198.84
1957,14,Gold,302784,2026-04-07,399127.75
1958,170,Gold,105942,2026-06-20,95986.39
1959,441,Cryptocurrency,309950,2025-07-14,474076.83
1960,337,Stocks,216196,2025-05-07,339493.96
1961,149,Stocks,83131,2025-06-07,75599.83
1962,315,Stocks,75457,2025-06-12,105348.09
1963,277,Mutual Funds,77951,2025-07-20,65080.5
1964,248,Stocks,71524,2025-01-15,111419.51
1965,266,Stocks,477033,2025-10-04,752927.79
1966,113,Gold,288898,2026-03-03,435155.17
1967,92,Cryptocurrency,337695,2025-06-09,433785.87
1968,123,Mutual Funds,440306,2025-10-20,464493.13
1969,161,Cryptocurrency,413111,2025-06-09,588795.49
1970,9,Mutual Funds,176587,2024-11-08,225986.26
1971,306,Mutual Funds,458029,2025-01-18,595155.12
1972,23,Stocks,107513,2026-01-22,124646.79
1973,461,Mutual Funds,493946,2025-01-17,734742.36
1974,387,Gold,355635,2024-08-09,434911.18
1975,212,Mutual Funds,177123,2025-10-29,204004.44
1976,476,Fixed Deposits,278491,2026-04-27,348335.2
1977,470,Cryptocurrency,465158,2026-06-15,465986.42
1978,97,Mutual Funds,379350,2025-06-20,363358.88
1979,432,Stocks,264399,2025-08-15,409918.6
1980,43,Gold,420620,2025-12-18,598669.49
1981,112,Stocks,36668,2026-04-04,53005.77
1982,468,Cryptocurrency,145865,2025-06-23,168285.51
1983,74,Mutual Funds,336904,2026-03-02,360084.91
1984,161,Cryptocurrency,337177,2024-09-02,351698.11
1985,63,Fixed Deposits,160066,2024-09-21,196030.66
1986,304,Gold,237085,2026-03-11,321934.55
1987,404,Cryptocurrency,49409,2025-06-03,44645.38
1988,115,Mutual Funds,26791,2025-05-15,40673.5
1989,354,Mutual Funds,34890,2026-03-23,30720.06
1990,432,Stocks,165708,2026-04-13,152404.99
1991,236,Mutual Funds,175585,2025-09-02,259929.3
1992,273,Mutual Funds,314103,2024-07-21,472091.1
1993,227,Mutual Funds,28110,2026-07-10,22874.03
1994,296,Stocks,403409,2025-02-20,518797.7
1995,47,Gold,347838,2024-12-25,469740.4
1996,102,Cryptocurrency,34675,2025-01-25,47091.0
1997,351,Fixed Deposits,195526,2026-06-25,161126.21
1998,213,Stocks,235557,2025-10-22,312222.22
1999,439,Stocks,447365,2025-12-08,544929.86
2000,420,Stocks,465578,2024-12-23,492090.51
