user_id,name,age,gender,occupation,city,registration_date
1,Nilima Ganesan,27,Female,Teacher,Mumbai,2025-06-04
2,Karan Soni,56,Female,Doctor,Delhi,2025-11-08
3,Alexander Acharya,22,Male,Teacher,Kolkata,2025-07-09
4,Dominic Nayak,44,Female,Banker,Kolkata,2026-01-01
5,Yamini Balasubramanian,31,Male,Accountant,Delhi,2025-08-10
6,Kalpit Palla,37,Male,Business Owner,Chennai,2026-04-01
7,Balveer Sehgal,30,Female,Student,Pune,2026-03-10
8,Daksh Garde,25,Female,Business Owner,Kolkata,2026-01-08
9,Patrick Prabhakar,53,Male,Accountant,Mumbai,2025-07-27
10,Sanaya Lalla,32,Female,Banker,Delhi,2026-05-20
11,Bhavini Wable,56,Male,Banker,Kolkata,2025-04-03
12,Dipta Patla,57,Female,Engineer,Mumbai,2024-09-26
13,Wazir Dhawan,53,Female,Accountant,Pune,2026-07-05
14,Anusha Lalla,40,Female,Business Owner,Delhi,2026-01-31
15,Dalbir Tripathi,38,Male,Doctor,Bangalore,2026-06-14
16,Lucky Bhagat,51,Female,Software Developer,Pune,2025-06-15
17,Madhavi Bhatnagar,22,Female,Engineer,Kolkata,2024-09-10
18,Baghyawati Dalal,35,Male,Student,Hyderabad,2025-09-26
19,Yashvi Chawla,33,Male,Business Owner,Chennai,2024-09-28
20,Jyoti Ray,26,Male,Lawyer,Kolkata,2026-04-07
21,Advay Aggarwal,22,Male,Accountant,Delhi,2025-03-09
22,Zinal Khatri,25,Female,Engineer,Chennai,2024-10-20
23,Pranit Chandra,42,Female,Manager,Hyderabad,2024-12-12
24,Chaman Joshi,42,Female,Student,Bangalore,2026-05-26
25,Sanaya Devi,56,Female,Banker,Mumbai,2024-12-01
26,Yatin Sama,51,Male,Lawyer,Ahmedabad,2025-01-12
27,Sai Padmanabhan,56,Female,Banker,Ahmedabad,2026-05-05
28,Gavin Mitter,58,Female,Manager,Mumbai,2025-02-07
29,Harrison Khare,23,Female,Lawyer,Ahmedabad,2025-08-15
30,Yashawini Dave,32,Female,Manager,Chennai,2026-03-03
31,Om Yohannan,58,Male,Engineer,Chennai,2025-12-09
32,Qasim Ramesh,45,Male,Engineer,Ahmedabad,2025-01-18
33,Udyati Sen,52,Male,Business Owner,Hyderabad,2026-05-11
34,Jagvi Rajagopalan,59,Male,Manager,Delhi,2026-07-11
35,Chanchal Krishna,36,Male,Doctor,Hyderabad,2025-11-06
36,Gavin Jaggi,45,Female,Software Developer,Kolkata,2026-05-24
37,Nitara Dhillon,51,Female,Manager,Kolkata,2024-11-28
38,Ojasvi Goswami,48,Female,Manager,Kolkata,2025-08-20
39,Gagan Kala,42,Male,Software Developer,Pune,2025-07-13
40,Darpan Minhas,53,Female,Teacher,Kolkata,2025-01-11
41,Quincy Wali,39,Female,Accountant,Mumbai,2025-12-01
42,Leela Vora,54,Female,Doctor,Mumbai,2026-05-27
43,Aarush Babu,55,Female,Manager,Mumbai,2024-09-20
44,Hemangini Murthy,41,Male,Accountant,Mumbai,2024-07-31
45,Darsh Naik,32,Female,Business Owner,Pune,2026-06-18
46,Anika Chadha,40,Female,Software Developer,Ahmedabad,2025-04-29
47,Siya Patla,45,Male,Teacher,Ahmedabad,2024-11-12
48,Pratyush Narasimhan,33,Female,Business Owner,Delhi,2026-06-02
49,Ridhi Mukhopadhyay,44,Female,Software Developer,Kolkata,2024-09-21
50,Jasmit Kumer,52,Female,Engineer,Pune,2025-12-03
51,Wishi Krishna,49,Female,Engineer,Hyderabad,2024-10-22
52,Chatresh Devan,56,Female,Business Owner,Pune,2026-03-31
53,Waida Dube,55,Male,Accountant,Bangalore,2025-06-04
54,Irya Chanda,45,Female,Lawyer,Delhi,2025-12-16
55,Umang Agarwal,55,Female,Accountant,Hyderabad,2026-06-05
56,Radhika Narain,48,Female,Doctor,Kolkata,2026-06-21
57,Chavvi Dixit,31,Female,Business Owner,Mumbai,2025-02-25
58,Yauvani Sahota,27,Male,Lawyer,Chennai,2024-08-30
59,Veda Krishnamurthy,39,Male,Banker,Kolkata,2025-03-29
60,Nathan Jhaveri,24,Female,Manager,Pune,2025-02-15
61,Nirja Oza,38,Male,Doctor,Hyderabad,2024-10-30
62,Viraj Dhaliwal,52,Male,Accountant,Mumbai,2025-04-01
63,Inaya Chokshi,60,Female,Software Developer,Bangalore,2025-01-06
64,Arya Chander,44,Female,Software Developer,Delhi,2024-08-23
65,Damini Wagle,37,Female,Software Developer,Chennai,2025-10-31
66,Alka Raja,30,Male,Doctor,Mumbai,2026-07-07
67,Dev Choudhary,24,Male,Student,Hyderabad,2025-10-29
68,Dalaja Tiwari,39,Male,Banker,Mumbai,2025-10-05
69,Eesha Roy,22,Female,Software Developer,Mumbai,2025-02-10
70,Ranbir Parikh,34,Female,Accountant,Bangalore,2026-02-24
71,Kritika Mangal,36,Male,Accountant,Hyderabad,2026-05-26
72,Abdul Mand,53,Female,Student,Ahmedabad,2025-07-01
73,Ronith Baral,60,Male,Banker,Pune,2025-05-18
74,Patrick Butala,29,Male,Software Developer,Delhi,2025-11-15
75,Wridesh Mohan,35,Female,Doctor,Delhi,2025-07-20
76,Shravya Yogi,49,Male,Teacher,Ahmedabad,2026-02-02
77,Hitesh Talwar,25,Male,Engineer,Kolkata,2024-09-28
78,Bakhshi Kata,55,Male,Engineer,Kolkata,2024-07-28
79,Anmol Jain,52,Female,Accountant,Mumbai,2025-11-07
80,Qushi Srinivas,22,Female,Student,Delhi,2024-08-22
81,Chakradev Kala,44,Female,Lawyer,Kolkata,2025-01-31
82,Saksham Chawla,50,Male,Teacher,Ahmedabad,2025-03-02
83,Zashil Misra,57,Male,Banker,Ahmedabad,2025-12-31
84,Dakshesh Shukla,27,Male,Manager,Ahmedabad,2025-04-26
85,Neha Chawla,27,Male,Teacher,Ahmedabad,2024-08-27
86,Pushti Oak,37,Male,Student,Bangalore,2024-12-05
87,Ekta Sagar,43,Female,Teacher,Pune,2025-03-23
88,Hiral Char,41,Male,Accountant,Kolkata,2026-04-25
89,Harshil Tella,39,Male,Banker,Ahmedabad,2026-04-09
90,Mahika Sehgal,54,Female,Accountant,Ahmedabad,2024-11-24
91,Meera Naidu,33,Male,Lawyer,Pune,2024-12-04
92,Gaurika Kapoor,41,Male,Banker,Chennai,2025-10-22
93,Siya Ben,46,Female,Business Owner,Kolkata,2026-02-27
94,Megha Mishra,46,Female,Teacher,Pune,2025-04-29
95,Aryan Upadhyay,22,Female,Doctor,Mumbai,2025-08-10
96,Falguni Karan,23,Male,Lawyer,Kolkata,2024-08-17
97,Eesha Khosla,47,Female,Software Developer,Kolkata,2026-01-12
98,Faras Ganguly,56,Female,Software Developer,Mumbai,2024-09-14
99,Abhimanyu Grover,45,Male,Accountant,Ahmedabad,2025-03-07
100,Adweta Soman,33,Male,Doctor,Delhi,2025-08-08
101,Garima Barad,47,Male,Teacher,Pune,2026-03-04
102,Kala Bassi,45,Male,Student,Hyderabad,2026-02-19
103,Urvi Kashyap,45,Male,Manager,Bangalore,2026-03-24
104,Kamala Halder,55,Male,Manager,Bangalore,2026-02-27
105,Pavani Bhavsar,46,Male,Doctor,Kolkata,2025-06-22
106,Ishwar Sridhar,59,Female,Business Owner,Chennai,2025-10-02
107,Abhiram Divan,49,Male,Lawyer,Kolkata,2025-02-27
108,Raghav Bains,36,Male,Student,Bangalore,2025-03-13
109,Kamya Bir,44,Female,Student,Chennai,2025-10-06
110,Chandresh Murty,47,Female,Software Developer,Kolkata,2025-11-16
111,Dominic Dugal,35,Male,Teacher,Pune,2024-09-25
112,Anmol Randhawa,26,Female,Doctor,Bangalore,2025-08-28
113,Zansi Balan,46,Male,Banker,Mumbai,2025-12-25
114,Ranbir Ranganathan,31,Female,Software Developer,Delhi,2025-12-03
115,Azaan Malhotra,35,Male,Business Owner,Hyderabad,2026-04-02
116,Rehaan Parmar,49,Male,Engineer,Chennai,2026-07-03
117,Jagdish Sangha,22,Female,Accountant,Pune,2026-01-21
118,Matthew Khanna,59,Male,Banker,Pune,2025-08-06
119,Hritik Dayal,53,Female,Manager,Bangalore,2024-10-28
120,Yagnesh Contractor,24,Female,Doctor,Pune,2025-09-21
121,Oviya Dugar,56,Male,Lawyer,Ahmedabad,2026-02-22
122,Krishna Andra,48,Male,Manager,Bangalore,2024-09-14
123,Ojasvi Devi,39,Male,Manager,Delhi,2024-12-09
124,Adweta Bora,59,Male,Lawyer,Hyderabad,2024-07-27
125,Chasmum Shah,49,Male,Student,Bangalore,2025-01-18
126,Falak Gade,47,Female,Teacher,Bangalore,2024-12-30
127,Ekapad Rajagopalan,51,Male,Manager,Kolkata,2024-10-07
128,Vihaan Comar,55,Female,Lawyer,Pune,2026-05-10
129,Megha Pandya,39,Female,Software Developer,Kolkata,2025-12-23
130,Faraj Hans,38,Male,Software Developer,Delhi,2025-09-04
131,Bhavani Mital,31,Female,Doctor,Bangalore,2026-03-05
132,Manthan Rastogi,51,Male,Teacher,Chennai,2024-11-20
133,Omkaar Mohan,43,Male,Lawyer,Bangalore,2025-02-25
134,Neel Khanna,31,Male,Accountant,Delhi,2026-01-02
135,Leela Cherian,33,Female,Engineer,Ahmedabad,2025-06-18
136,Raghav Dugal,22,Male,Teacher,Delhi,2025-04-26
137,Ekavir Randhawa,30,Female,Teacher,Delhi,2025-04-28
138,Oni Gade,35,Female,Student,Bangalore,2024-11-06
139,Darsh Gaba,51,Female,Manager,Mumbai,2025-07-21
140,David Khosla,43,Male,Student,Bangalore,2025-09-29
141,Harinakshi Misra,43,Female,Business Owner,Mumbai,2025-03-16
142,Owen Tata,29,Male,Manager,Hyderabad,2026-02-13
143,Nilima Arora,42,Female,Manager,Delhi,2025-02-06
144,Vrishti Krish,34,Male,Doctor,Mumbai,2025-04-30
145,Yoshita Yohannan,46,Male,Manager,Kolkata,2026-03-21
146,Laban Khatri,35,Male,Manager,Delhi,2025-12-16
147,Edhitha Mohanty,39,Male,Lawyer,Hyderabad,2025-12-30
148,Ishita Ratti,58,Female,Doctor,Chennai,2025-08-25
149,Ikshita Deol,38,Male,Lawyer,Hyderabad,2025-06-22
150,Andrew Seshadri,44,Male,Business Owner,Delhi,2026-01-28
151,Madhav Sarraf,53,Male,Student,Bangalore,2025-01-07
152,Yashasvi Dubey,28,Male,Doctor,Mumbai,2026-07-03
153,Pooja Bali,23,Female,Doctor,Delhi,2024-10-08
154,Keya Raja,23,Female,Manager,Kolkata,2026-05-01
155,Divya Rama,45,Female,Manager,Kolkata,2025-04-27
156,Ronith Din,49,Male,Teacher,Kolkata,2025-06-08
157,Bina Borah,29,Female,Business Owner,Chennai,2025-02-14
158,Alka Raju,46,Male,Business Owner,Chennai,2024-09-26
159,Daniel Ratta,35,Female,Accountant,Kolkata,2025-01-22
160,Aachal Hari,32,Female,Manager,Mumbai,2024-08-04
161,Veda Khanna,59,Female,Engineer,Bangalore,2026-01-23
162,Ekani Sahota,28,Female,Software Developer,Mumbai,2025-03-24
163,Mitesh Prabhakar,41,Male,Manager,Pune,2026-03-04
164,Chakradhar Lalla,52,Male,Lawyer,Ahmedabad,2024-10-06
165,Sai Shenoy,48,Female,Doctor,Chennai,2024-11-28
166,Matthew Sundaram,39,Female,Manager,Kolkata,2024-11-09
167,Patrick Brahmbhatt,23,Male,Engineer,Delhi,2024-10-12
168,Bhavini Kaul,35,Male,Teacher,Mumbai,2026-01-01
169,Onkar Boase,49,Female,Business Owner,Delhi,2026-07-06
170,Amruta Nagarajan,37,Female,Accountant,Bangalore,2025-06-05
171,Alka Loke,24,Female,Teacher,Mumbai,2026-04-10
172,Mason Yogi,36,Male,Teacher,Delhi,2026-03-15
173,Anika Kara,34,Female,Engineer,Hyderabad,2025-06-28
174,Farhan Kant,45,Male,Accountant,Pune,2025-10-22
175,Baghyawati Sehgal,27,Female,Engineer,Kolkata,2025-06-30
176,Udarsh Mander,37,Male,Doctor,Mumbai,2025-06-17
177,Veda Srivastava,49,Female,Teacher,Mumbai,2025-04-05
178,Amaira Wadhwa,46,Female,Student,Ahmedabad,2026-06-19
179,Lila Dube,39,Male,Student,Bangalore,2025-08-19
180,Ekanta Banerjee,22,Female,Software Developer,Hyderabad,2025-08-30
181,Rachita Batra,51,Male,Engineer,Bangalore,2025-06-02
182,Nihal Ganesh,45,Female,Manager,Kolkata,2025-07-10
183,Pavani Cherian,48,Female,Banker,Bangalore,2026-05-12
184,Barkha Hans,47,Male,Engineer,Kolkata,2025-12-14
185,Zaid Naik,42,Female,Student,Pune,2024-12-12
186,Girish De,53,Female,Banker,Ahmedabad,2024-10-25
187,Kashish Deshpande,30,Male,Business Owner,Hyderabad,2026-03-22
188,Vivaan Kalita,25,Female,Accountant,Mumbai,2024-08-04
189,Nicholas Chaudry,41,Male,Student,Pune,2025-06-26
190,Samaksh Dugar,22,Male,Business Owner,Kolkata,2025-02-15
191,Wriddhish Sahota,48,Female,Banker,Mumbai,2024-12-30
192,Ishaan Tara,28,Female,Lawyer,Pune,2025-10-11
193,Tanish Desai,32,Male,Banker,Mumbai,2025-03-31
194,Qasim Pillai,49,Female,Business Owner,Ahmedabad,2026-03-04
195,Liam Batta,54,Male,Business Owner,Mumbai,2025-02-15
196,Keya Chauhan,50,Female,Lawyer,Delhi,2025-03-21
197,Ishanvi Gaba,31,Male,Teacher,Pune,2025-08-11
198,Gabriel Rau,38,Male,Student,Hyderabad,2025-11-16
199,Harish Chhabra,39,Female,Lawyer,Pune,2026-03-25
200,Damyanti Majumdar,26,Male,Lawyer,Mumbai,2025-01-25
201,Ira Krishnamurthy,29,Male,Doctor,Mumbai,2025-09-06
202,Udyati Apte,56,Male,Teacher,Pune,2025-07-03
203,Hema Subramanian,48,Male,Manager,Ahmedabad,2025-12-12
204,Barkha Shukla,40,Female,Doctor,Hyderabad,2025-04-19
205,Anmol Mann,23,Male,Business Owner,Kolkata,2024-09-18
206,Charan Solanki,39,Female,Banker,Hyderabad,2025-03-30
207,Ekiya Narayanan,60,Female,Lawyer,Pune,2025-09-07
208,Lopa Srinivasan,36,Male,Banker,Mumbai,2025-10-27
209,Raghav Nair,52,Male,Lawyer,Ahmedabad,2025-11-16
210,Kamya Mannan,45,Female,Teacher,Mumbai,2024-08-07
211,Radha Verma,52,Male,Engineer,Delhi,2024-09-24
212,Isaac Dyal,43,Female,Lawyer,Kolkata,2026-07-14
213,Utkarsh Divan,47,Female,Teacher,Delhi,2025-01-04
214,Pooja Borah,59,Female,Teacher,Hyderabad,2025-04-11
215,Yashvi Sethi,36,Male,Accountant,Mumbai,2026-05-27
216,Lohit Bansal,25,Female,Software Developer,Ahmedabad,2024-07-18
217,Nitesh Varma,60,Female,Doctor,Pune,2024-09-05
218,Nisha Mutti,59,Female,Software Developer,Kolkata,2025-05-26
219,Zansi Manda,39,Male,Doctor,Ahmedabad,2025-10-27
220,Bhavani Khare,31,Male,Manager,Chennai,2026-04-21
221,Rudra Mody,49,Male,Accountant,Kolkata,2025-06-01
222,Tara Bandi,37,Female,Banker,Ahmedabad,2025-12-28
223,Parth Roy,26,Female,Accountant,Bangalore,2026-02-21
224,Zaid Ravi,22,Female,Banker,Kolkata,2026-01-31
225,Yatin Vala,51,Male,Manager,Bangalore,2026-03-18
226,Anirudh Mody,27,Female,Doctor,Bangalore,2026-04-25
227,Irya Chokshi,41,Female,Manager,Delhi,2026-03-06
228,Utkarsh Dutt,28,Female,Software Developer,Hyderabad,2026-03-21
229,Falguni Panchal,45,Female,Business Owner,Ahmedabad,2024-12-13
230,Ranveer Vyas,48,Male,Software Developer,Hyderabad,2025-09-23
231,Manya Bajwa,45,Female,Accountant,Pune,2024-12-16
232,Baghyawati Bakshi,40,Female,Lawyer,Chennai,2025-05-20
233,Anamika Rao,45,Female,Student,Delhi,2026-03-19
234,Baljiwan Ramesh,38,Female,Business Owner,Pune,2024-09-09
235,Chatresh Savant,30,Female,Accountant,Kolkata,2025-03-03
236,Indali Mander,32,Male,Doctor,Mumbai,2025-11-26
237,Ijaya Chaudhry,59,Female,Business Owner,Mumbai,2025-12-08
238,Victor Misra,41,Female,Engineer,Pune,2025-01-04
239,Faraj Dar,47,Female,Student,Kolkata,2026-06-10
240,Sara Dani,51,Female,Manager,Delhi,2024-09-15
241,Divya Ramachandran,36,Male,Accountant,Pune,2025-12-23
242,Rachit Arya,42,Male,Lawyer,Mumbai,2026-04-16
243,Amaira Ram,57,Female,Software Developer,Chennai,2025-06-22
244,Kamala Hegde,48,Female,Banker,Delhi,2025-06-12
245,Zayan Rout,31,Female,Doctor,Kolkata,2025-03-08
246,Xiti Thakkar,53,Male,Business Owner,Chennai,2024-07-24
247,Prisha Kanda,36,Male,Software Developer,Ahmedabad,2026-01-18
248,Tanveer Ratta,26,Female,Manager,Hyderabad,2025-12-22
249,Reyansh Shroff,42,Male,Doctor,Hyderabad,2024-09-05
250,Patrick Ben,23,Male,Lawyer,Hyderabad,2025-02-26
251,Anamika Dixit,56,Female,Banker,Chennai,2026-01-27
252,Yatin Joshi,25,Female,Lawyer,Pune,2025-09-01
253,Sarthak Chadha,54,Female,Banker,Chennai,2025-05-06
254,Inaya Gade,50,Male,Manager,Bangalore,2024-07-29
255,Viraj Bakshi,23,Female,Lawyer,Chennai,2024-08-28
256,Wyatt Bhattacharyya,28,Male,Business Owner,Chennai,2025-06-25
257,Anmol Ranganathan,42,Female,Banker,Ahmedabad,2026-05-18
258,Aadi Handa,59,Male,Student,Chennai,2024-12-06
259,Varsha Gour,43,Female,Accountant,Mumbai,2026-06-16
260,Veda Hegde,51,Female,Business Owner,Hyderabad,2025-06-07
261,Zayyan Peri,48,Female,Software Developer,Bangalore,2024-09-08
262,Warjas Radhakrishnan,52,Female,Banker,Chennai,2025-07-07
263,Ethan Kapur,31,Male,Manager,Pune,2024-12-20
264,Nidra Sibal,37,Female,Teacher,Bangalore,2025-07-27
265,Gaurang Kalita,40,Male,Business Owner,Delhi,2026-05-14
266,Bhavini Rao,22,Male,Student,Hyderabad,2024-10-20
267,Ira Mangat,60,Female,Accountant,Delhi,2025-07-22
268,Irya Keer,45,Female,Accountant,Mumbai,2026-03-29
269,Sara Dash,57,Female,Accountant,Mumbai,2025-06-24
270,Shravya Mittal,54,Female,Student,Kolkata,2026-01-27
271,Ucchal Pal,31,Female,Lawyer,Chennai,2024-07-26
272,Harinakshi Bhakta,41,Male,Engineer,Delhi,2026-02-12
273,Pallavi Bhalla,58,Male,Software Developer,Chennai,2024-12-12
274,Bhavani Dugar,56,Female,Software Developer,Kolkata,2024-09-25
275,Bhavna Doshi,31,Male,Accountant,Chennai,2025-12-03
276,Radhika Palla,27,Male,Student,Ahmedabad,2026-04-17
277,Chaitanya Mandal,56,Female,Doctor,Chennai,2026-07-03
278,Vedhika Keer,58,Female,Banker,Kolkata,2025-09-04
279,Yashasvi Patil,57,Male,Teacher,Kolkata,2024-12-25
280,Fariq Zacharia,53,Male,Banker,Delhi,2025-10-25
281,Vrinda Pandit,53,Male,Doctor,Bangalore,2025-04-23
282,Madhavi Sane,36,Male,Software Developer,Chennai,2026-04-21
283,Mekhala Bumb,52,Female,Software Developer,Delhi,2026-07-15
284,Ryan Sur,30,Female,Software Developer,Hyderabad,2024-10-25
285,Theodore Thaker,44,Female,Business Owner,Kolkata,2026-05-15
286,Balhaar Kibe,60,Female,Accountant,Hyderabad,2026-04-01
287,Amruta Kant,53,Female,Student,Kolkata,2024-08-21
288,Harita Sundaram,24,Female,Accountant,Kolkata,2024-12-07
289,Dakshesh Atwal,26,Male,Software Developer,Delhi,2024-08-06
290,Rehaan Dixit,24,Female,Business Owner,Bangalore,2026-03-22
291,Amara Sachdeva,50,Male,Software Developer,Mumbai,2025-02-18
292,Falguni Andra,56,Male,Doctor,Pune,2025-03-22
293,Urvashi Hegde,32,Female,Lawyer,Delhi,2025-03-29
294,Eshana Varghese,22,Male,Banker,Pune,2026-05-23
295,Hemangini Raja,33,Male,Manager,Pune,2026-04-26
296,Kalpit Viswanathan,25,Female,Engineer,Kolkata,2025-05-26
297,Lucky Kade,34,Female,Lawyer,Bangalore,2026-02-25
298,Jasmit Mistry,26,Female,Student,Bangalore,2025-10-30
299,Jack Gera,53,Male,Lawyer,Bangalore,2026-03-11
300,Bimala Ganesh,31,Female,Software Developer,Bangalore,2025-04-12
301,Sneha Gour,24,Female,Software Developer,Ahmedabad,2025-01-26
302,Neelima Aurora,50,Male,Software Developer,Bangalore,2024-10-09
303,Panini Jha,37,Male,Accountant,Bangalore,2026-05-10
304,Varsha Borde,56,Male,Manager,Delhi,2024-07-30
305,Udarsh Sahni,33,Female,Software Developer,Mumbai,2024-07-31
306,Ekalinga Bhattacharyya,47,Male,Student,Kolkata,2025-06-01
307,Nathan Narayanan,44,Female,Software Developer,Ahmedabad,2026-01-19
308,Pratyush Jain,36,Male,Business Owner,Mumbai,2026-05-03
309,Jeet Sant,56,Female,Student,Hyderabad,2025-01-30
310,Nidhi Tank,42,Male,Lawyer,Chennai,2025-12-15
311,Qasim Rastogi,34,Female,Accountant,Kolkata,2025-02-23
312,Nitesh Bajwa,39,Female,Banker,Pune,2025-09-17
313,Damyanti Nayar,31,Male,Lawyer,Chennai,2025-01-08
314,Yoshita Ramakrishnan,57,Female,Software Developer,Mumbai,2024-10-06
315,Alexander Padmanabhan,35,Female,Software Developer,Bangalore,2024-11-15
316,Saksham Vohra,30,Male,Software Developer,Pune,2025-03-09
317,Baljiwan Iyer,52,Male,Engineer,Chennai,2025-03-27
318,Panini Yadav,48,Male,Engineer,Bangalore,2025-01-16
319,Azaan Anne,26,Male,Accountant,Kolkata,2025-06-23
320,Unni Divan,41,Female,Software Developer,Mumbai,2025-11-02
321,Aachal Srivastava,27,Female,Teacher,Chennai,2024-10-10
322,Amol Mann,40,Female,Banker,Kolkata,2025-12-03
323,Robert Sunder,38,Female,Student,Kolkata,2025-03-25
324,Oliver Koshy,33,Male,Teacher,Pune,2025-07-09
325,Ranveer Banik,24,Male,Engineer,Ahmedabad,2024-09-08
326,Tarak Gara,32,Female,Student,Kolkata,2025-08-04
327,Amruta Rattan,29,Male,Manager,Chennai,2025-05-01
328,Triveni Raghavan,37,Female,Business Owner,Bangalore,2026-01-29
329,Tristan Mallick,54,Female,Doctor,Chennai,2026-06-18
330,Nihal Wali,57,Male,Software Developer,Pune,2025-06-12
331,Aryan Goel,24,Male,Banker,Bangalore,2025-12-17
332,Zayyan Kashyap,52,Female,Student,Pune,2026-01-20
333,Kalpit Dixit,49,Female,Engineer,Hyderabad,2025-06-21
334,Mason Deep,48,Female,Manager,Mumbai,2026-02-26
335,Ikshita Chakrabarti,26,Female,Software Developer,Mumbai,2024-10-13
336,Lucky Misra,34,Female,Banker,Kolkata,2025-04-18
337,Wahab Prasad,46,Male,Doctor,Pune,2025-04-29
338,Umang Kumar,54,Female,Software Developer,Delhi,2026-07-11
339,Dayita Devan,55,Female,Student,Ahmedabad,2025-12-17
340,Yashvi Mital,59,Male,Lawyer,Chennai,2025-01-05
341,Indali Palan,51,Female,Lawyer,Pune,2025-10-13
342,Teerth Ahluwalia,35,Male,Business Owner,Chennai,2026-05-28
343,Anmol Shetty,41,Male,Student,Bangalore,2025-03-02
344,Yashica Bhatia,26,Male,Doctor,Delhi,2025-10-11
345,Ansh Jain,34,Male,Software Developer,Delhi,2025-03-19
346,Jai Tak,47,Male,Lawyer,Ahmedabad,2025-11-21
347,Warinder Tata,41,Female,Lawyer,Chennai,2025-07-06
348,Liam Kadakia,43,Female,Manager,Hyderabad,2026-01-24
349,Zehaan Kumar,34,Male,Teacher,Bangalore,2024-07-25
350,Tamanna Bhandari,32,Male,Lawyer,Delhi,2025-01-15
351,Zaitra Patel,37,Female,Teacher,Hyderabad,2024-07-24
352,Omkaar Sur,23,Male,Business Owner,Ahmedabad,2025-06-04
353,Rachit Gera,33,Male,Business Owner,Pune,2025-11-19
354,Alexander Thaker,35,Female,Teacher,Pune,2026-05-09
355,Dayamai Pant,31,Male,Teacher,Pune,2026-07-07
356,Hema Deo,24,Female,Accountant,Chennai,2025-08-31
357,Praneel Bal,49,Male,Lawyer,Chennai,2025-01-29
358,Urmi Edwin,31,Male,Teacher,Ahmedabad,2026-02-04
359,Zarna Pal,22,Female,Software Developer,Hyderabad,2025-04-12
360,Aishani Ganesh,53,Male,Doctor,Ahmedabad,2026-05-10
361,Divya Krish,37,Male,Engineer,Chennai,2026-06-13
362,Isaac Kumar,28,Male,Software Developer,Chennai,2024-10-10
363,Luke Patla,36,Female,Lawyer,Mumbai,2026-03-05
364,Aadhya Bumb,26,Female,Student,Kolkata,2026-06-15
365,Forum Lala,28,Male,Accountant,Kolkata,2025-05-04
366,Ekantika Loyal,56,Female,Business Owner,Mumbai,2025-05-09
367,Saumya Wali,38,Female,Software Developer,Chennai,2025-12-16
368,Urvashi Puri,38,Female,Business Owner,Pune,2025-11-21
369,Priya Reddy,38,Female,Business Owner,Hyderabad,2026-03-02
370,Hritik Shetty,59,Female,Software Developer,Chennai,2026-06-14
371,Girik Sinha,42,Male,Accountant,Chennai,2026-03-05
372,Azaan Rajan,28,Female,Doctor,Pune,2026-06-10
373,Oviya Ravi,51,Female,Software Developer,Mumbai,2026-04-09
374,Anita Gulati,26,Female,Software Developer,Kolkata,2025-10-06
375,Sai Chokshi,44,Male,Teacher,Pune,2025-08-16
376,Liam Bhasin,45,Male,Student,Hyderabad,2024-08-05
377,Balvan Malhotra,48,Male,Lawyer,Pune,2026-02-12
378,Riya Saraf,47,Female,Software Developer,Delhi,2026-03-20
379,Oliver Gill,55,Male,Teacher,Chennai,2026-06-08
380,Chandran Sane,48,Female,Banker,Chennai,2025-05-30
381,Kamala Prakash,59,Female,Teacher,Kolkata,2026-04-12
382,Aahana Shan,24,Male,Lawyer,Ahmedabad,2026-01-24
383,Chatresh Kota,51,Male,Doctor,Delhi,2026-05-18
384,David Sridhar,57,Female,Business Owner,Mumbai,2025-08-30
385,Kiaan Datta,54,Male,Accountant,Chennai,2024-11-06
386,Rishi Saini,30,Male,Accountant,Hyderabad,2024-12-26
387,Warinder Nigam,50,Female,Manager,Chennai,2024-10-04
388,Isha Patla,56,Male,Teacher,Mumbai,2024-08-28
389,Jhalak Dora,60,Female,Business Owner,Pune,2024-07-28
390,Wahab Solanki,26,Female,Student,Pune,2026-06-29
391,Ojas Batta,31,Male,Teacher,Hyderabad,2025-06-16
392,Kai Andra,25,Male,Manager,Hyderabad,2025-05-12
393,Guneet Deshmukh,40,Male,Accountant,Chennai,2025-02-21
394,Agastya Sehgal,38,Female,Lawyer,Pune,2026-01-02
395,Darsh Parsa,26,Male,Doctor,Kolkata,2024-07-31
396,Gabriel Saxena,30,Female,Lawyer,Delhi,2025-05-20
397,Peter Bala,52,Female,Engineer,Mumbai,2025-02-07
398,Pooja Kapadia,51,Male,Doctor,Kolkata,2025-06-25
399,Harinakshi Patel,38,Male,Lawyer,Ahmedabad,2025-12-06
400,Hardik Sehgal,23,Male,Manager,Hyderabad,2026-03-23
401,Widisha Badal,54,Male,Engineer,Delhi,2025-04-22
402,Ayush De,58,Male,Banker,Mumbai,2025-10-11
403,Logan Sur,30,Male,Lawyer,Mumbai,2026-03-20
404,Geetika Kadakia,31,Male,Engineer,Delhi,2024-11-19
405,Jyoti Raja,45,Female,Manager,Ahmedabad,2025-10-23
406,Niharika Pingle,46,Male,Business Owner,Ahmedabad,2026-01-07
407,Janani Dara,35,Female,Accountant,Hyderabad,2025-11-11
408,Aahana Devan,45,Female,Lawyer,Hyderabad,2025-08-10
409,Manya Ramakrishnan,36,Male,Manager,Chennai,2024-10-19
410,Manan Mittal,46,Female,Banker,Hyderabad,2025-05-25
411,Lekha Nanda,34,Male,Business Owner,Kolkata,2025-01-18
412,Jagvi Munshi,47,Female,Business Owner,Kolkata,2026-06-23
413,Jagrati Deshmukh,53,Female,Accountant,Ahmedabad,2025-07-03
414,Gautami Grover,36,Female,Lawyer,Delhi,2025-03-15
415,Adya Goel,41,Male,Teacher,Ahmedabad,2025-07-08
416,Deepa Devan,41,Female,Lawyer,Chennai,2024-10-15
417,Devika Hora,26,Female,Manager,Hyderabad,2026-05-16
418,Ayushman Gola,25,Male,Lawyer,Delhi,2026-02-16
419,Abdul Raja,25,Female,Doctor,Chennai,2024-07-23
420,Bimala Dugar,29,Male,Business Owner,Ahmedabad,2025-06-21
421,Turvi Sur,53,Female,Lawyer,Chennai,2026-07-11
422,Jonathan Kumer,41,Female,Software Developer,Mumbai,2026-03-17
423,Hemal Mall,57,Male,Lawyer,Chennai,2025-05-28
424,Tripti Sur,24,Male,Lawyer,Delhi,2025-08-05
425,Zarna Manne,24,Female,Business Owner,Ahmedabad,2024-08-16
426,Varsha Krishnamurthy,51,Male,Banker,Mumbai,2025-09-21
427,Farhan Trivedi,55,Male,Manager,Pune,2026-04-10
428,Jagdish D’Alia,54,Female,Manager,Ahmedabad,2025-05-29
429,Jagrati Sarin,41,Male,Manager,Hyderabad,2024-11-21
430,Samuel Bala,32,Female,Accountant,Delhi,2025-08-01
431,Libni Gala,44,Female,Banker,Ahmedabad,2024-08-19
432,Parth Wadhwa,39,Male,Doctor,Chennai,2024-12-12
433,Udant Naik,24,Female,Accountant,Mumbai,2025-03-25
434,Aadhya Pandey,41,Female,Doctor,Mumbai,2025-11-26
435,Xalak Dayal,25,Male,Manager,Pune,2025-09-04
436,Gavin Bedi,38,Female,Business Owner,Hyderabad,2026-06-08
437,Hemani Chaudhuri,30,Male,Lawyer,Kolkata,2026-06-03
438,Jeet Nagi,57,Female,Doctor,Chennai,2025-04-30
439,Yutika Buch,28,Female,Business Owner,Chennai,2026-03-20
440,Zayan Balakrishnan,32,Female,Business Owner,Mumbai,2024-09-26
441,Dipta Kapoor,36,Female,Doctor,Hyderabad,2026-05-12
442,Yachana Mitra,56,Male,Doctor,Ahmedabad,2025-04-03
443,Ansh Majumdar,30,Female,Business Owner,Delhi,2025-02-01
444,Watika Kalla,56,Male,Doctor,Delhi,2026-04-21
445,Geetika Jaggi,22,Female,Teacher,Delhi,2025-07-12
446,Priya Mody,48,Male,Manager,Delhi,2025-02-04
447,Adya Randhawa,29,Male,Banker,Bangalore,2024-11-14
448,Pooja Sagar,45,Male,Lawyer,Chennai,2024-08-25
449,Michael Pal,60,Male,Student,Ahmedabad,2025-10-08
450,Ria Badal,32,Female,Accountant,Chennai,2025-06-15
451,Yoshita Johal,22,Female,Software Developer,Ahmedabad,2026-02-22
452,Nidra Devan,50,Female,Student,Ahmedabad,2026-03-07
453,Om Dutta,45,Male,Accountant,Bangalore,2024-09-07
454,Devika Buch,26,Female,Engineer,Chennai,2026-05-18
455,Zinal Baral,57,Female,Engineer,Kolkata,2025-01-14
456,Aayush Chakraborty,50,Female,Accountant,Ahmedabad,2024-09-19
457,Logan Basu,50,Male,Accountant,Mumbai,2024-09-25
458,Samarth Suri,45,Male,Student,Chennai,2025-11-14
459,Barkha Rau,31,Female,Software Developer,Bangalore,2026-06-26
460,Warhi Golla,37,Female,Software Developer,Pune,2024-12-01
461,Vaishnavi Brar,51,Female,Student,Kolkata,2025-03-21
462,Nilima Korpal,30,Male,Doctor,Chennai,2025-07-29
463,Aahana Kala,23,Female,Student,Bangalore,2025-03-06
464,Saumya Brar,36,Male,Lawyer,Hyderabad,2025-01-20
465,Adweta Biswas,29,Female,Manager,Bangalore,2024-10-23
466,Abhiram Wable,40,Male,Manager,Hyderabad,2026-03-19
467,Alexander Menon,59,Male,Software Developer,Kolkata,2025-03-30
468,Shivansh Reddy,47,Male,Banker,Pune,2025-07-06
469,Zarna Ravi,35,Male,Lawyer,Ahmedabad,2026-07-12
470,Tejas Jha,40,Female,Student,Kolkata,2026-03-02
471,Ronith Mammen,22,Male,Student,Kolkata,2025-02-27
472,Imaran Kant,22,Male,Manager,Ahmedabad,2026-04-26
473,Aditya Saini,29,Female,Software Developer,Hyderabad,2025-08-17
474,Maanas Wali,32,Male,Software Developer,Hyderabad,2025-04-02
475,Tanveer Kulkarni,39,Male,Banker,Pune,2024-10-06
476,Eiravati Krishnan,44,Male,Student,Bangalore,2026-06-27
477,Vincent Din,24,Female,Engineer,Kolkata,2026-02-22
478,Falan Tiwari,57,Male,Student,Kolkata,2026-06-28
479,Aarna Sarraf,47,Male,Lawyer,Bangalore,2026-05-18
480,Shivansh Ghosh,37,Female,Business Owner,Mumbai,2025-07-26
481,Jhalak Krishna,33,Male,Teacher,Mumbai,2026-04-16
482,Akshay Mangat,46,Male,Engineer,Mumbai,2025-06-04
483,Noah Agate,55,Female,Accountant,Chennai,2026-05-13
484,Samuel Jhaveri,53,Male,Accountant,Pune,2026-05-13
485,Nidhi Varty,56,Male,Teacher,Delhi,2025-06-20
486,Varenya Madan,53,Male,Manager,Pune,2024-08-26
487,Wishi Ram,55,Male,Accountant,Hyderabad,2026-03-07
488,Gopal Baral,51,Male,Business Owner,Delhi,2025-02-18
489,Om Mishra,60,Male,Engineer,Pune,2026-05-23
490,Pavani Chandra,32,Male,Engineer,Chennai,2026-05-30
491,Suhani Pandey,33,Male,Accountant,Bangalore,2025-05-30
492,Neha Vala,56,Female,Accountant,Ahmedabad,2024-10-01
493,Naksh Biswas,58,Male,Business Owner,Hyderabad,2025-11-02
494,Kiaan Shetty,41,Male,Teacher,Delhi,2025-10-06
495,Kalpit Dave,40,Female,Doctor,Kolkata,2025-07-06
496,Hemani Patil,47,Male,Lawyer,Pune,2025-07-08
497,Akshay Chawla,24,Male,Doctor,Kolkata,2024-08-17
498,Jeremiah Kapur,27,Male,Software Developer,Delhi,2024-08-15
499,Noah Bail,31,Male,Student,Bangalore,2025-02-05
500,Jacob Chhabra,35,Male,Accountant,Ahmedabad,2025-08-17
